/*
SQLyog Ultimate v9.63 
MySQL - 8.0.30 : Database - db_centros_mac
*********************************************************************
*/

/*!40101 SET NAMES utf8 */;

/*!40101 SET SQL_MODE=''*/;

/*!40014 SET @OLD_UNIQUE_CHECKS=@@UNIQUE_CHECKS, UNIQUE_CHECKS=0 */;
/*!40014 SET @OLD_FOREIGN_KEY_CHECKS=@@FOREIGN_KEY_CHECKS, FOREIGN_KEY_CHECKS=0 */;
/*!40101 SET @OLD_SQL_MODE=@@SQL_MODE, SQL_MODE='NO_AUTO_VALUE_ON_ZERO' */;
/*!40111 SET @OLD_SQL_NOTES=@@SQL_NOTES, SQL_NOTES=0 */;
CREATE DATABASE /*!32312 IF NOT EXISTS*/`db_centros_mac` /*!40100 DEFAULT CHARACTER SET utf8mb4 COLLATE utf8mb4_0900_ai_ci */ /*!80016 DEFAULT ENCRYPTION='N' */;

USE `db_centros_mac`;

/*Table structure for table `a_asignacion_bien` */

DROP TABLE IF EXISTS `a_asignacion_bien`;

CREATE TABLE `a_asignacion_bien` (
  `IDARCHIVO_ASIGNACION` int NOT NULL AUTO_INCREMENT,
  `IDASIG_PERSONAL` int DEFAULT NULL,
  `NOMBRE_RUTA` varchar(150) DEFAULT NULL,
  `NOMBRE_DOCUMENTO` varchar(150) DEFAULT NULL,
  `FLAG` tinyint DEFAULT '1',
  `CREATED_AT` timestamp NULL DEFAULT NULL,
  `UPDATED_AT` timestamp NULL DEFAULT NULL,
  PRIMARY KEY (`IDARCHIVO_ASIGNACION`)
) ENGINE=InnoDB AUTO_INCREMENT=4 DEFAULT CHARSET=utf8mb4 COLLATE=utf8mb4_0900_ai_ci;

/*Data for the table `a_asignacion_bien` */

LOCK TABLES `a_asignacion_bien` WRITE;

insert  into `a_asignacion_bien`(`IDARCHIVO_ASIGNACION`,`IDASIG_PERSONAL`,`NOMBRE_RUTA`,`NOMBRE_DOCUMENTO`,`FLAG`,`CREATED_AT`,`UPDATED_AT`) values (2,1,'archivos\\77275303\\SUBIDA_ACTA ENNTRAGA.pdf','SUBIDA_ACTA ENNTRAGA.pdf',1,'2023-12-04 14:47:04','2023-12-04 14:47:04');

UNLOCK TABLES;

/*Table structure for table `a_personal` */

DROP TABLE IF EXISTS `a_personal`;

CREATE TABLE `a_personal` (
  `IDARCHIVO_PERSONAL` int NOT NULL AUTO_INCREMENT,
  `IDPERSONAL` int DEFAULT NULL,
  `NOMBRE_RUTA` varchar(200) DEFAULT NULL,
  `NOMBRE_ARCHIVO` varchar(100) DEFAULT NULL,
  `FORMATO_DOC` varchar(20) CHARACTER SET utf8mb4 COLLATE utf8mb4_0900_ai_ci DEFAULT NULL,
  `PESO_DOC` varchar(30) DEFAULT NULL,
  `CORRELATIVO` varchar(20) DEFAULT NULL,
  `FLAG` tinyint DEFAULT '1',
  `FECHA_CREACION` timestamp NULL DEFAULT NULL,
  PRIMARY KEY (`IDARCHIVO_PERSONAL`),
  KEY `fk_a_personal_m_personal` (`IDPERSONAL`),
  CONSTRAINT `fk_a_personal_m_personal` FOREIGN KEY (`IDPERSONAL`) REFERENCES `m_personal` (`IDPERSONAL`)
) ENGINE=InnoDB AUTO_INCREMENT=19 DEFAULT CHARSET=utf8mb4 COLLATE=utf8mb4_0900_ai_ci;

/*Data for the table `a_personal` */

LOCK TABLES `a_personal` WRITE;

insert  into `a_personal`(`IDARCHIVO_PERSONAL`,`IDPERSONAL`,`NOMBRE_RUTA`,`NOMBRE_ARCHIVO`,`FORMATO_DOC`,`PESO_DOC`,`CORRELATIVO`,`FLAG`,`FECHA_CREACION`) values (1,20,'personal\\num_doc\\47286140\\REQUERIMIENTO DE KIT DE HERRAMIENTAS.pdf','REQUERIMIENTO DE KIT DE HERRAMIENTAS.pdf','pdf','191.123046875',NULL,1,NULL),(2,20,NULL,NULL,NULL,NULL,NULL,1,NULL),(3,20,NULL,NULL,NULL,NULL,NULL,1,NULL),(4,20,NULL,NULL,NULL,NULL,NULL,1,NULL),(5,20,NULL,NULL,NULL,NULL,NULL,1,NULL),(6,20,NULL,NULL,NULL,NULL,NULL,1,NULL),(7,20,NULL,NULL,NULL,NULL,NULL,1,NULL),(8,20,NULL,NULL,NULL,NULL,NULL,1,NULL),(9,54,NULL,NULL,NULL,NULL,NULL,1,NULL),(10,54,NULL,NULL,NULL,NULL,NULL,1,NULL),(11,20,NULL,NULL,NULL,NULL,NULL,1,NULL),(12,20,NULL,NULL,NULL,NULL,NULL,1,NULL),(13,20,NULL,NULL,NULL,NULL,NULL,1,NULL),(14,20,NULL,NULL,NULL,NULL,NULL,1,NULL),(15,20,NULL,NULL,NULL,NULL,NULL,1,NULL),(16,20,NULL,NULL,NULL,NULL,NULL,1,NULL),(17,20,NULL,NULL,NULL,NULL,NULL,1,NULL),(18,20,NULL,NULL,NULL,NULL,NULL,1,NULL);

UNLOCK TABLES;

/*Table structure for table `configuracion_sist` */

DROP TABLE IF EXISTS `configuracion_sist`;

CREATE TABLE `configuracion_sist` (
  `IDCONFIGURACION` int NOT NULL AUTO_INCREMENT,
  `DESCRIPCION` varchar(250) DEFAULT NULL,
  `PARAMETRO` varchar(250) DEFAULT NULL,
  `FLAG` int DEFAULT NULL,
  `VALOR` varchar(250) DEFAULT NULL,
  `MENSAJE` varchar(250) DEFAULT NULL,
  PRIMARY KEY (`IDCONFIGURACION`)
) ENGINE=InnoDB AUTO_INCREMENT=2 DEFAULT CHARSET=utf8mb4 COLLATE=utf8mb4_0900_ai_ci;

/*Data for the table `configuracion_sist` */

LOCK TABLES `configuracion_sist` WRITE;

insert  into `configuracion_sist`(`IDCONFIGURACION`,`DESCRIPCION`,`PARAMETRO`,`FLAG`,`VALOR`,`MENSAJE`) values (1,'ENVIO CORREOS','MODO_DEV',1,'1',NULL);

UNLOCK TABLES;

/*Table structure for table `d_descripcion_formatos` */

DROP TABLE IF EXISTS `d_descripcion_formatos`;

CREATE TABLE `d_descripcion_formatos` (
  `IDDESC_FORM` int NOT NULL AUTO_INCREMENT,
  `TIPO_FORMATO` int DEFAULT NULL,
  `IDPADRE_F` int DEFAULT NULL,
  `DESCRIPCION_F` varchar(250) DEFAULT NULL,
  `FLAG` tinyint DEFAULT '1',
  `CREATED_AT` timestamp NULL DEFAULT NULL,
  `UPDATED_AT` timestamp NULL DEFAULT NULL,
  PRIMARY KEY (`IDDESC_FORM`)
) ENGINE=InnoDB AUTO_INCREMENT=41 DEFAULT CHARSET=utf8mb4 COLLATE=utf8mb4_0900_ai_ci;

/*Data for the table `d_descripcion_formatos` */

LOCK TABLES `d_descripcion_formatos` WRITE;

insert  into `d_descripcion_formatos`(`IDDESC_FORM`,`TIPO_FORMATO`,`IDPADRE_F`,`DESCRIPCION_F`,`FLAG`,`CREATED_AT`,`UPDATED_AT`) values (1,2,NULL,'Zona de Recepción',1,'2023-12-07 10:54:24',NULL),(2,2,1,'Módulo de Recepción',1,'2023-12-07 10:54:31',NULL),(3,2,1,'Ordenadores de Fila',1,'2023-12-07 10:54:32',NULL),(4,2,1,'Sillas de orientadores',1,'2023-12-07 10:54:36',NULL),(5,2,1,'Ticketera ( Sistema de Colas)',1,'2023-12-07 10:54:34',NULL),(6,2,1,'Lector de código de barras',1,NULL,NULL),(7,2,1,'Servicio de telefonía 1800',1,NULL,NULL),(8,2,1,'Insumos y materiales zona recepción',1,NULL,NULL),(9,2,1,'Sillas de Ruedas',1,NULL,NULL),(11,2,NULL,'Zona de Atención',1,NULL,NULL),(12,2,11,'Televisores en zona de atención',1,NULL,NULL),(13,2,11,'Sillas de espera',1,NULL,NULL),(14,2,11,'Sillas de asesores',1,NULL,NULL),(15,2,11,'Sillas de atención al ciudadano',1,NULL,NULL),(16,2,11,'Módulos de atención',1,NULL,NULL),(17,2,11,'Computadoras de asesores',1,NULL,NULL),(18,2,11,'Impresoras en zonas de atención',1,NULL,NULL),(19,2,11,'Insumos y materiales zona atención',1,NULL,NULL),(20,2,NULL,'Zona Administrativa',1,NULL,NULL),(21,2,20,'Módulos de oficina',1,NULL,NULL),(22,2,20,'Sillas de oficina',1,NULL,NULL),(23,2,20,'Insumos y materiales para oficina',1,NULL,NULL),(24,2,NULL,'Generales',1,NULL,NULL),(25,2,24,'Sistema de Iluminación',1,NULL,NULL),(26,2,24,'Orden y Limpieza',1,NULL,NULL),(27,2,24,'Señaléticas',1,NULL,NULL),(28,2,24,'Equipos de Aire Acondicionado',1,NULL,NULL),(29,2,24,'Servicios Higiénicos',1,NULL,NULL),(30,2,24,'Comedor',1,NULL,NULL),(31,2,NULL,'Servicios TIC',1,NULL,NULL),(32,2,31,'Internet',1,NULL,NULL),(33,2,31,'Sistema de Citas',1,NULL,NULL),(34,2,31,'Sistema de Colas',1,NULL,NULL),(35,2,31,'Sistema de Audio',1,NULL,NULL),(36,2,31,'Sistema de VideoVigilancia',1,NULL,NULL),(37,2,31,'Correo electrónico',1,NULL,NULL),(38,2,31,'Active Directory',1,NULL,NULL),(39,2,31,'File Server',1,NULL,NULL),(40,2,31,'Antivirus',1,NULL,NULL);

UNLOCK TABLES;

/*Table structure for table `d_ent_serv` */

DROP TABLE IF EXISTS `d_ent_serv`;

CREATE TABLE `d_ent_serv` (
  `IDENT_SERV` int NOT NULL AUTO_INCREMENT,
  `IDENTIDAD` int DEFAULT NULL,
  `IDSERVICIOS` int DEFAULT NULL,
  `IDMAC` int DEFAULT NULL,
  PRIMARY KEY (`IDENT_SERV`)
) ENGINE=InnoDB AUTO_INCREMENT=154 DEFAULT CHARSET=utf8mb4 COLLATE=utf8mb4_0900_ai_ci;

/*Data for the table `d_ent_serv` */

LOCK TABLES `d_ent_serv` WRITE;

insert  into `d_ent_serv`(`IDENT_SERV`,`IDENTIDAD`,`IDSERVICIOS`,`IDMAC`) values (1,24,4,1),(6,24,5,1),(7,24,6,1),(8,24,7,1),(9,24,8,1),(10,24,9,1),(11,24,10,1),(12,24,11,1),(14,24,13,1),(15,24,14,1),(16,24,15,1),(17,24,16,1),(18,7,17,1),(19,7,18,1),(20,7,19,1),(21,7,20,1),(23,20,22,1),(25,20,24,1),(26,20,25,1),(27,20,26,1),(28,20,27,1),(29,20,28,1),(30,20,29,1),(31,20,30,1),(32,20,31,1),(33,20,32,1),(34,20,33,1),(35,20,34,1),(36,20,35,1),(37,20,36,1),(38,16,37,1),(39,16,38,1),(40,16,39,1),(41,16,40,1),(42,16,41,1),(43,16,42,1),(44,15,43,1),(45,15,44,1),(46,15,45,1),(47,15,46,1),(48,15,47,1),(49,15,48,1),(50,15,49,1),(51,15,50,1),(52,15,51,1),(53,15,52,1),(54,3,53,1),(55,3,54,1),(56,3,55,1),(57,3,56,1),(58,3,57,1),(59,3,58,1),(60,3,59,1),(61,3,60,1),(62,3,61,1),(63,3,62,1),(64,3,63,1),(65,3,64,1),(66,3,65,1),(67,2,66,1),(68,2,67,1),(69,2,68,1),(70,2,69,1),(71,2,70,1),(72,2,71,1),(73,2,72,1),(74,2,73,1),(75,2,74,1),(76,2,75,1),(77,2,76,1),(78,2,77,1),(79,2,78,1),(80,18,79,1),(81,18,80,1),(82,18,81,1),(83,18,82,1),(84,18,83,1),(85,18,84,1),(86,18,85,1),(87,18,86,1),(88,6,87,1),(89,11,88,1),(90,11,89,1),(91,11,90,1),(92,4,91,1),(93,4,92,1),(94,4,93,1),(95,4,94,1),(96,4,95,1),(97,4,96,1),(98,4,97,1),(99,4,98,1),(100,21,99,1),(101,21,100,1),(102,21,101,1),(103,14,102,1),(104,14,103,1),(105,14,104,1),(106,14,105,1),(107,14,106,1),(108,14,107,1),(109,14,108,1),(110,14,109,1),(111,14,110,1),(112,14,111,1),(113,14,112,1),(114,14,113,1),(115,14,114,1),(116,12,115,1),(117,12,116,1),(118,12,117,1),(119,12,118,1),(120,12,119,1),(121,12,120,1),(122,12,121,1),(123,12,122,1),(124,12,123,1),(125,12,124,1),(126,12,125,1),(127,12,126,1),(128,12,127,1),(129,12,128,1),(130,12,129,1),(131,12,130,1),(132,12,131,1),(133,10,132,1),(134,10,133,1),(135,10,134,1),(136,10,135,1),(137,10,136,1),(138,10,137,1),(139,1,138,1),(140,1,139,1),(141,1,140,1),(142,1,141,1),(143,1,142,1),(144,1,143,1),(145,1,144,1),(146,1,145,1),(147,1,146,1),(148,1,147,1),(149,1,148,1),(150,1,149,1),(151,2,150,1),(152,24,151,1),(153,24,152,1);

UNLOCK TABLES;

/*Table structure for table `d_entidad_formt_ayuda` */

DROP TABLE IF EXISTS `d_entidad_formt_ayuda`;

CREATE TABLE `d_entidad_formt_ayuda` (
  `IDFORMATO` int NOT NULL AUTO_INCREMENT,
  `IDMAC` int DEFAULT NULL,
  `IDENTIDAD` int DEFAULT NULL,
  `NOMBRE_FORMATO` varchar(150) DEFAULT NULL,
  `NOMBRE_RUTA` varchar(150) DEFAULT NULL,
  `NOMBRE_DOC` varchar(100) DEFAULT NULL,
  `FLAG` tinyint DEFAULT '1',
  `CREATED_AT` timestamp NULL DEFAULT NULL,
  `UPDATED_AT` timestamp NULL DEFAULT NULL,
  PRIMARY KEY (`IDFORMATO`),
  KEY `fk_d_entidad_formt_ayuda_m_entidad` (`IDENTIDAD`),
  CONSTRAINT `fk_d_entidad_formt_ayuda_m_entidad` FOREIGN KEY (`IDENTIDAD`) REFERENCES `m_entidad` (`IDENTIDAD`)
) ENGINE=InnoDB DEFAULT CHARSET=utf8mb4 COLLATE=utf8mb4_0900_ai_ci;

/*Data for the table `d_entidad_formt_ayuda` */

LOCK TABLES `d_entidad_formt_ayuda` WRITE;

UNLOCK TABLES;

/*Table structure for table `d_entidad_servicios` */

DROP TABLE IF EXISTS `d_entidad_servicios`;

CREATE TABLE `d_entidad_servicios` (
  `IDSERVICIOS` int NOT NULL AUTO_INCREMENT,
  `NOMBRE_SERVICIO` varchar(150) DEFAULT NULL,
  `TIPO_SER` varchar(150) DEFAULT NULL,
  `TRAMITE` tinyint DEFAULT NULL,
  `ORIENTACION` tinyint DEFAULT NULL,
  `COSTO_SERV` longtext,
  `REQUISITO_SERVICIO` longtext,
  `REQ_CITA` varchar(100) DEFAULT NULL,
  `FLAG` tinyint DEFAULT '1',
  `OBSERVACION` longtext,
  `CREATED_AT` timestamp NULL DEFAULT NULL,
  `UPDATED_AT` timestamp NULL DEFAULT NULL,
  PRIMARY KEY (`IDSERVICIOS`)
) ENGINE=InnoDB AUTO_INCREMENT=153 DEFAULT CHARSET=utf8mb4 COLLATE=utf8mb4_0900_ai_ci;

/*Data for the table `d_entidad_servicios` */

LOCK TABLES `d_entidad_servicios` WRITE;

insert  into `d_entidad_servicios`(`IDSERVICIOS`,`NOMBRE_SERVICIO`,`TIPO_SER`,`TRAMITE`,`ORIENTACION`,`COSTO_SERV`,`REQUISITO_SERVICIO`,`REQ_CITA`,`FLAG`,`OBSERVACION`,`CREATED_AT`,`UPDATED_AT`) values (4,'EMISIÓN DE ESTADOS DE CUENTA DE CONTRIBUYENTE',NULL,1,1,'GRATUITO','Exhibir DNI el titular','NO',1,NULL,'2023-11-13 16:43:54','2023-11-13 21:57:21'),(5,'INSCRIPCION DE LA PROPIEDAD EN EL REGISTRO DEL IMPUESTO PREDIAL',NULL,1,1,'69.00','* Documento que acredite la propiedad. \r\n* Carpeta predial                             \r\n* Croquis del predio                              \r\n* Recibo de servicios , luz o agua                        \r\n* Persona jurídica, con vigencia de poder\r\n*  Solicitud y/o formato FUT.\r\n* Copia del recibo de pago por derecho de trámite.\r\n* En caso de representante o apoderado, adjuntar poder con firma legalizada.','NO',1,'* Solicitud y/o formato FUT.\r\n*Copia del recibo de pago por derecho de trámite.\r\n* En caso de representante o apoderado, adjuntar poder con firma legalizada.','2023-11-13 16:44:36','2023-11-17 20:50:15'),(6,'PAGO DEL IMPUESTO PREDIAL',NULL,1,1,'SEGÚN ESTADO DE CUENTA','Proporcionar el código o nombre del contribuyente','NO',1,NULL,'2023-11-13 16:48:25','2023-11-13 16:48:25'),(7,'INSCRIPCION DE LA PROPIEDAD EN EL REGISTRO DEL IMPUESTO VEHICULAR',NULL,1,1,'69.00','* Boleta informativa del vehículo, de SUNARP\r\n* Declaraciones juradas formatos S, y S1  \r\n* Croquis de domicilio del propietario. \r\n* Persona jurídica, con vigencia de poder\r\n* Solicitud y/o formato FUT\r\n* Copia simple de la tarjeta de propiedad de la SUNARP\r\n* En caso de representante o apoderado, adjuntar poder con firma legalizada.\r\n* No se admitirán los pagos de otra jurisdicción, si la dirección fiscal es Cusco.','NO',1,'*Solicitud y/o formato FUT\r\n*Copia simple de la tarjeta de propiedad de la SUNARP\r\n*En caso de representante o apoderado, adjuntar poder con firma legalizada.\r\n*No se admitirán los pagos de otra jurisdicción, si la dirección fiscal es Cusco.','2023-11-13 18:04:55','2023-11-17 20:50:20'),(8,'PAGO DEL IMPUESTO AL PATRIMONIO VEHICULAR',NULL,1,1,'SEGÚN ESTADO DE CUENTA','DDJJ  en formatos S y S1','NO',1,NULL,'2023-11-13 18:25:35','2023-11-13 18:25:35'),(9,'PAGO DEL IMPUESTO DE ALCABALA',NULL,1,1,'CALCULO DEL 3% DEL VALOR DE VENTA DEL INMUEBLE O VALOR DEL AUTOVALÚO, EL QUE SEA MAYOR. SE ENCUENTRAN INAFECTAS AL PAGO DEL IMPUESTO EL TRAMO DE LAS PRIMERAS 10 UNIDADES IMPOSITIVAS TRIBUTARIAS (UIT)','* Exhibir DNI el titular, persona jurídica presentar Certificado de Vigencia de Poder                                                      * Declaración jurada y declaración de impuesto según formato.\r\n* Copia del documento que acredite la adquisición del predio.\r\n* Señalar código de contribuyente en el impuesto predial.\r\n* Previamente se hará el registro del predio.','NO',1,'* Previamente se hará el registro del predio.','2023-11-13 18:27:19','2023-11-17 20:36:38'),(10,'PAGO DE ARBITRIOS MUNICIPALES',NULL,1,1,'SEGÚN ESTADO DE CUENTA','Exhibir DNI el titular','NO',1,NULL,'2023-11-13 18:28:30','2023-11-13 18:28:30'),(11,'EMISIÓN DE HR Y PU',NULL,1,1,'GRATUITO','Recibo de pago del impuesto','NO',1,NULL,'2023-11-13 18:29:51','2023-11-17 19:16:08'),(13,'DECLARACIÓN JURADA ANUAL DE IMPUESTO PREDIAL',NULL,1,1,'50.00','Proporcionar el código o nombre del contribuyente','NO',1,NULL,'2023-11-13 20:33:22','2023-11-17 20:50:26'),(14,'DECLARACIÓN JURADA ANUAL DE IMPUESTO VEHICULAR',NULL,1,1,'24.00','Proporcionar el código o nombre del contribuyente','NO',1,NULL,'2023-11-13 20:33:54','2023-11-17 20:50:31'),(15,'FRACCIONAMIENTO DE DEUDA TRIBUTARIA',NULL,1,1,'SEGÚN ESTADO DE CUENTA','inicial 30%, según Reglamento de Fraccionamiento.','NO',1,NULL,'2023-11-13 20:34:13','2023-11-13 20:34:13'),(16,'DUPLICADO DE DECLARACIÓN JURADA TRIBUTARIA',NULL,1,1,'6.5','Proporcionar el código o nombre del contribuyente','NO',1,NULL,'2023-11-13 20:34:41','2023-11-13 20:34:41'),(17,'EMISIÓN Y ENTREGA DE PASAPORTE ELECTRÓNICO',NULL,1,1,'98.60','Requisitos Generales:\r\n1. Exhibición del recibo de pago al Banco de la Nación por el derecho de trámite, que consigne número de DNI del beneficiario. Indicar el número de recibo y fecha de pago.\r\n2. Exhibición del DNI del beneficiario en buen estado.\r\nEn el caso de menores de edad, adicionalmente se presentará:\r\n1. Exhibición del DNI del padre o madre peruano en buen estado.\r\n2. En caso del padre o madre extranjero, exhibición del Pasaporte o documento análogo con entrada legal al país, o Carné de Extranjería (con la Tasa Anual de Extranjería al día y Residencia). En caso de presentación por apoderado(a):\r\n1. Exhibición del DNI del apoderado en buen estado.\r\n2. En caso de apoderado extranjero, exhibición del Pasaporte o documento análogo o Carnet de Extranjería (con la Tasa Anual de Extranjería al día y Residencia vigente).\r\n3. Carta Poder con firma legalizada por el Consulado Peruano y certificada por el Ministerio de Relaciones Exteriores o con poder inscrito en Registros Públicos.\r\nNota: Una vez realizado el trámite para la obtención de pasaporte electrónico, el ciudadano tiene 60 días calendario para recoger dicho pasaporte, caso contrario, tendrá que realizar nuevamente el trámite, el cual implica un nuevo pago.\r\n-Con la finalidad de brindar una mejor atención a la ciudadanía, se ha implementado la atención de Emisión de Pasaportes Electrónicos previa cita, via WEB ingresando a www.mac.pe.\r\n- En el caso de perdida o robo de pasaporte, se debe presentar la declaración Jurada de anulación de pasaporte por motivo de perdida o robo.\r\n- Contar con la cita virtual para tramite de expedición de pasaporte electrónico ordinario.\r\n- Solo en situaciones especiales, debidamente acreditadas, se dispone el uso de equipos electrónicos móviles para la captura de datos.\r\n- En el caso de tener multa debe realizar el pago, salvo que la multa haya prescrito o tenga la correspondiente dispensa por no haber sufragado.','SI',1,NULL,'2023-11-13 20:36:31','2023-11-13 20:36:31'),(18,'ORIENTACION PARA EMISIÓN DE PASAPORTE POR EMERGENCIA',NULL,1,1,'GRATUITO','Requisitos Generales:\r\n1. Exhibición de la tarjeta de embarque de la aerolínea (boarding pass) o el boleto de viaje (entiéndase como tal al documento que acredita la compra del pasaje para vuelos), con los datos del ciudadano correctamente indicados.\r\n2. El boleto de viaje debe tener más de 48 horas de emitido.\r\n3. DNI vigente y en buen estado.\r\n4. Comprobante de pago.\r\n5. No contar con multas electorales.\r\nNota: La evaluación de los requisitos estará a cargo de los profesionales de la Superintendencia Nacional de Migraciones.','NO',1,NULL,'2023-11-13 20:37:12','2023-11-13 20:37:12'),(19,'REGISTRO DE DATOS BIOMETRICOS',NULL,1,1,'GRATUITO','Requisitos Generales:\r\n1. Presentar cita impresa o virtual.\r\n2. Exhibir documento de viaje CIP, DNI o Pasaporte.\r\nEn el caso de menores de edad, adicionalmente se presentara:\r\n1. PNA (Partida de nacimiento) y CIP/Pasaporte en caso cuente con ello.\r\nEn caso de presentación por apoderado(a):\r\n1. Exhibición del CIP, DNI o Pasaporte del apoderado en buen estado.\r\n2. Carta Poder con firma legalizada por el Consulado Peruano y certificada por el Ministerio de Relaciones Exteriores.\r\nNota:\r\n- Presentar vestimenta de color oscuro para la toma fotografica (evitar colores claros y encendidos).\r\n- Para la toma fotografica considerar maquillaje discreto y evitar accesorios(piercing, aretes, cadenas ,collares ,y sus derivados).','SI',1,NULL,'2023-11-13 20:38:27','2023-11-13 20:38:27'),(20,'PERMISO TEMPORAL DE PERMANCIA',NULL,1,1,'GRATUITO','Requisitos Generales:\r\n1. Presentar cita impresa o virtual.\r\n2. Exhibir documento de viaje CIP, DNI o Pasaporte, con el cual realizo el registro.\r\nEn el caso de menores de edad, adicionalmente se presentara:\r\n1. PNA (Partida de nacimiento) y CIP/Pasaporte en caso cuente con ello.\r\nEn caso de presentación por apoderado(a):\r\n1. Exhibición del CIP, DNI o Pasaporte del apoderado en buen estado.\r\n2. Carta Poder con firma legalizada por el Consulado Peruano y certificada por el Ministerio de Relaciones Exteriores o Sentencia Judicial.\r\nNota:\r\n- Presentar vestimenta de color oscuro para la toma fotografica (evitar colores claros y encendidos).\r\n- Para la toma fotografica considerar maquillaje discreto y evitar accesorios(piercing, aretes, cadenas, collares y sus derivados).','SI',1,NULL,'2023-11-13 20:38:49','2023-11-13 20:38:49'),(21,'ESTADO DE CUENTA',NULL,2,1,'GRATUITO','1.  Número de suministro.\r\n2. Documento Nacional de Identidad (DNI).\r\n3. Datos personales (nombres y apellidos completos).','NO',1,NULL,'2023-11-13 20:39:42','2023-11-13 20:39:42'),(22,'ORIENTACIÓN DE LOS SERVICIOS DE SEDACUSCO',NULL,2,1,'GRATUITO','1.  Número de suministro\r\n2. Documento Nacional de Identidad (DNI)\r\n3. Datos personales (nombres y apellidos completos).','NO',1,NULL,'2023-11-13 21:01:42','2023-11-16 14:40:18'),(24,'ESTADO DE CUENTA',NULL,1,2,'GRATUITO','1.  Número de suministro.\r\n2. Documento Nacional de Identidad (DNI).\r\n3. Datos personales (nombres y apellidos completos).','NO',1,NULL,'2023-11-16 14:39:30','2023-11-16 14:39:30'),(25,'ORIENTACION DE INGRESO DE SOLICITUD DE NUEVO SUMINISTRO DE AGUA POTABLE Y/O ALCANTARILLADO- ORIENTACION VIA WEB',NULL,2,1,'GRATUITO','1.  Número de suministro\r\n2. Documento Nacional de Identidad (DNI)\r\n3. Datos personales (nombres y apellidos completos).','NO',1,NULL,'2023-11-16 14:40:46','2023-11-16 14:40:46'),(26,'ORIENTACION PARA SOLICITAR DE CAMBIO DE TITULAR DE SUMINISTRO',NULL,2,1,'GRATUITO','1.  Número de suministro\r\n2. Documento Nacional de Identidad (DNI)\r\n3. Datos personales (nombres y apellidos completos).','NO',1,NULL,'2023-11-16 14:41:06','2023-11-16 14:41:06'),(27,'ORIENTACION PARA SOLICITAR DE CAMBIO DE TARIFA',NULL,2,1,'GRATUITO','1.  Número de suministro\r\n2. Documento Nacional de Identidad (DNI)\r\n3. Datos personales (nombres y apellidos completos).','NO',1,NULL,'2023-11-16 14:41:27','2023-11-16 14:41:27'),(28,'SOLICITUD DE REHABILITACION DE SERVICIO',NULL,1,1,'GRATUITO','1.  Número de suministro.\r\n2. Documento Nacional de Identidad (DNI).\r\n3. En caso sea una rehabilitación mayor a 3 meses de corte, (fotografía impresa de medidor o caja de suministro)','NO',1,NULL,'2023-11-16 14:41:52','2023-11-16 14:41:52'),(29,'ORIENTACIÓN DE INGRESO DE RECLAMOS, RECONSIDERACIÓN, APELACIÓN VIA WEB',NULL,2,1,'GRATUITO','1. Numero se suministro\r\n2. Documento Nacional de Identidad (DNI)','NO',1,NULL,'2023-11-16 14:42:09','2023-11-16 14:42:09'),(30,'ESTADO DE LOS TRÁMITES',NULL,1,1,'GRATUITO','1. Numero se suministro\r\n2. Documento Nacional de Identidad (DNI)','NO',1,NULL,'2023-11-16 14:42:28','2023-11-16 14:42:28'),(31,'AFILIACIÓN Y DESAFILIACIÓN AL RECIBO DIGITAL',NULL,1,1,'GRATUITO','1.  Número de suministro\r\n2. Documento Nacional de Identidad (DNI)\r\n3. Datos personales (nombres y apellidos completos).','NO',1,NULL,'2023-11-16 14:42:44','2023-11-16 14:42:44'),(32,'COPIA DE RECIBO',NULL,1,1,'GRATUITO','1.  Número de suministro\r\n2. Documento Nacional de Identidad (DNI)\r\n3. Datos personales (nombres y apellidos completos).','NO',1,NULL,'2023-11-16 14:43:01','2023-11-16 14:43:01'),(33,'AFILIACIÓN Y DESAFILIACIÓN AL APP SEDACUSCO',NULL,1,1,'GRATUITO','1.  Número de suministro\r\n2. Documento Nacional de Identidad (DNI)\r\n3. Datos personales (nombres y apellidos completos).','NO',1,NULL,'2023-11-16 14:43:18','2023-11-16 14:43:18'),(34,'CHARLAS INFORMATIVAS SOBRE EL CUIDADO Y USO RACIONAL DEL AGUA',NULL,2,1,'GRATUITO','1.  Número de suministro\r\n2. Documento Nacional de Identidad (DNI)\r\n3. Datos personales (nombres y apellidos completos).','NO',1,NULL,'2023-11-16 14:43:40','2023-11-16 14:43:40'),(35,'CHARLAS INFORMATIVAS SOBRE EL RECIBO DE AGUA',NULL,2,1,'GRATUITO','1.  Número de suministro\r\n2. Documento Nacional de Identidad (DNI)\r\n3. Datos personales (nombres y apellidos completos).','NO',1,NULL,'2023-11-16 14:43:57','2023-11-16 14:43:57'),(36,'CHARLAS INFORMATIVAS SOBRE EL ESTADO DE MEDIDOR',NULL,2,1,'GRATUITO','1.  Número de suministro\r\n2. Documento Nacional de Identidad (DNI)\r\n3. Datos personales (nombres y apellidos completos).','NO',1,NULL,'2023-11-16 14:44:21','2023-11-16 14:44:21'),(37,'ENTREGA DE FORMULARIOS SUNAT',NULL,2,1,'GRATUITO','Ninguno','NO',1,NULL,'2023-11-16 14:45:08','2023-11-16 14:45:08'),(38,'INFORMACIÓN DE CHARLAS SUNAT',NULL,2,1,'GRATUITO','Ninguno','NO',1,NULL,'2023-11-16 14:45:28','2023-11-16 14:45:28'),(39,'INSCRIPCIÓN AL RUC',NULL,1,1,'GRATUITO','1. Exhibir DNI vigente o carnet de extranjeria (*), en caso la dirección del domicilio fiscal sea la misma que figura en su DNI (**).\r\n2. Indicar correo electrónico y teléfono móvil.\r\n3. No tener deudas electorales pendientes de pago\r\nNota:\r\n- El trámite de inscripción en el RUC debe ser realizado de manera presencial por el titular, quien deberá exhibir su DNI; en caso lo realice un tercero autorizado, debe exhibir su DNI o documento de identidad (*), además deberá adjuntar una carta poder con firma legalizada Notarialmente o Autenticada por Fedatario de la SUNAT, en la que conste expresamente la autorización otorgada y presentar el Formulario 2119 (Inscripción), firmado por el Titular del RUC.\r\n- El titular no debe de registrar multas en las últimas votaciones electorales.\r\n- La SUNAT se reserva el derecho de verificar el domicilio fiscal declarado por el contribuyente.\r\n(*) En caso que el titular o tercero autorizado se identifique con un documento distinto al DNI debe, además de exhibir el documento, presentar una copia simple de este.\r\n(**) En caso que el domicilio fiscal sea distinto al que figura en el DNI, la persona deberá presentar, además del DNI, el original de cualquier documento privado o público en el que conste la dirección completa del domicilio fiscal(con el Distrito) que se declara (ejemplo: recibo de servicio público, estado de cuenta, recibo \r\nvirtual, contrato de alquiler , entre otros).','NO',1,NULL,'2023-11-16 14:45:49','2023-11-16 14:45:49'),(40,'ACTUALIZACIÓN DE RUC',NULL,1,1,'GRATUITO','1. Exhibir original DNI (vigente) o carnet de extranjeria\r\n2. No tener deudas electorales pendientes de pago','NO',1,NULL,'2023-11-16 14:46:09','2023-11-16 14:46:09'),(41,'RECUPERACIÓN Y/O ENTREGA DE CLAVE SOL',NULL,1,1,'GRATUITO','1. Exhibir original DNI (vigente) o carnet de extranjeria\r\n2. No tener deudas electorales pendientes de pago','NO',1,NULL,'2023-11-16 14:46:31','2023-11-16 14:46:31'),(42,'ORIENTACIÓN TRIBUTARIA',NULL,2,1,'GRATUITO','Ninguno','NO',1,NULL,'2023-11-16 14:46:50','2023-11-16 14:46:50'),(43,'ORIENTACIÓN EN ALERTA REGISTRAL',NULL,2,1,'GRATUITO','1. Exhibir original DNI o carnet de extranjeria\r\n2. Número de partida o ficha registral','NO',1,NULL,'2023-11-16 14:47:13','2023-11-16 14:47:13'),(44,'EMISIÓN DE BOLETAS INFORMATIVAS',NULL,1,1,'6.00','1. Número de placa o la tarjeta vehicular','NO',1,NULL,'2023-11-16 14:48:07','2023-11-16 14:48:07'),(45,'EMISIÓN DE CERTIFICADOS LITERALES',NULL,2,1,'A. EN CASO DE PERSONA NATURAL Y JURÍDICA:  S/. 6.00 (POR HOJA)  B. EN CASO DE PREDIO: 1. COPIA CERTIFICADA: S/. 8.00 (POR HOJA) 2. COPIA VEHICULAR: S/. 6.00 (POR HOJA)','1. Número de partida o ficha registral','NO',1,NULL,'2023-11-16 14:48:46','2023-11-16 14:48:46'),(46,'SOLIC. DE CERTIFICADO DE VIGENCIA DE PODER',NULL,1,1,'30.00','1. Número de partida o ficha registral','NO',1,NULL,'2023-11-16 14:49:38','2023-11-16 14:49:38'),(47,'CERTIF. CARGAS Y GRAVÁMENES PROPIEDAD INMUEBLE',NULL,2,1,'48.00','1. Exhibir original DNI o carnet de extranjeria\r\n2. Número de partida o ficha registral','NO',1,NULL,'2023-11-16 15:24:23','2023-11-16 15:24:23'),(48,'ORIENTACIÓN EN SERVICIOS SUNARP',NULL,2,1,'GRATUITO','Ninguno','SI',1,NULL,'2023-11-16 15:41:39','2023-11-16 15:41:39'),(49,'BÚSQUEDA DE ÍNDICES',NULL,1,1,'A. EN CASO DE PERSONA NATURAL Y JURÍDICA:  S/. 6.00  B. EN CASO DE PREDIO: S/. 8.00','1. Exhibir original DNI o carnet de extranjeria','NO',1,NULL,'2023-11-16 15:42:00','2023-11-16 15:42:00'),(50,'EMISIÓN DE COPIAS INFORMATIVAS',NULL,1,1,'A. EN CASO DE PERSONA NATURAL Y JURÍDICA:  S/. 6.00','1. Número de partida o ficha registral','NO',1,NULL,'2023-11-16 15:42:25','2023-11-16 15:42:25'),(51,'EMISIÓN DE CERTIFICADO POSITIVO: REGISTRO DE PERSONAS NATURALES Y PROPIEDAD INMUEBLE',NULL,1,1,'A. EN CASO DE PERSONA NATURAL: S/. 12.00  B. EN CASO DE PREDIO: S/. 24.00','A. En caso de Persona Natural:\r\n1. Exhibir original DNI o carnet de extranjeria\r\n2. Nombre de la persona de quien se realizará la búsqueda \r\n\r\nC. En caso de Predio:\r\n1. Exhibir original DNI o carnet de extranjeria\r\n2. Nombre del titular del predio.','NO',1,NULL,'2023-11-16 15:42:45','2023-11-16 15:42:45'),(52,'EMISIÓN DE CERTIFICADO NEGATIVO: REGISTRO DE PERSONAS NATURALES Y PROPIEDAD INMUEBLE',NULL,1,1,'A. EN CASO DE PERSONA NATURAL: S/. 12.00  B. EN CASO DE PREDIO: S/. 24.00','A. En caso de Persona Natural:\r\n1. Exhibir original DNI o carnet de extranjeria\r\n2. Nombre de la persona de quien se realizará la búsqueda \r\n\r\nC. En caso de Predio:\r\n1. Exhibir original DNI o carnet de extranjeria\r\n2. Nombre del titular del predio.','NO',1,NULL,'2023-11-16 15:43:05','2023-11-16 15:43:05'),(53,'ACERCAMIENTO EMPRESARIAL',NULL,2,1,'GRATUITO','Ser empresa con RUC, ya sea como persona natural con negocio o empresa jurídica.','NO',1,NULL,'2023-11-16 15:43:38','2023-11-17 15:45:41'),(54,'CERTIFICADO ÚNICO LABORAL',NULL,1,2,'GRATUITO','Presentar documento de identidad DNI','NO',1,NULL,'2023-11-16 15:43:58','2023-11-16 15:43:58'),(55,'BOLSA DE TRABAJO',NULL,2,1,'GRATUITO','DNI, Curriculum Vitae fisico o digital','NO',1,NULL,'2023-11-16 15:44:20','2023-11-16 15:44:20'),(56,'ASESORAMIENTO EN LA BÚSQUEDA EMPLEO (ABE)',NULL,2,1,'GRATUITO','Presentar documento de identidad DNI','NO',1,NULL,'2023-11-16 15:44:37','2023-11-16 15:44:37'),(57,'SERVICIO DE ORIENTACIÓN VOCACIONAL (SOVIO)',NULL,2,1,'GRATUITO','Población Juvenil de 14 a 23 años','NO',1,NULL,'2023-11-16 15:44:54','2023-11-16 15:44:54'),(58,'CAPACITACIÓN LABORAL',NULL,2,1,'GRATUITO','Presentar documento de identidad DNI','NO',1,NULL,'2023-11-16 15:45:14','2023-11-16 15:45:14'),(59,'REGISTRO DE EMPRESAS PROMOCIONALES PARA PERSONAS CON DISCAPACIDAD',NULL,2,1,'GRATUITO','1.  Copia de la escritura de constitución y sus modificaciones  de ser el caso, inscrita en los Registros Públicos.\r\n2.  Indicar N° de RUC.\r\n3.  Copia  del documento  de identidad  del titular  (persona  natural)  o  representante legal de la empresa (persona jurídica).\r\n4.  Declaración  Jurada  de  la  empresa  de  contar  con  no  menos  del  30%  de  los trabajadores   de personas   con  discapacidad,   de  los  cuales  el  80%   deberá desarrollar   actividades   relacionadas directamente   con  el  objeto  social  de  la empresa.\r\n5.  Copia de los certificados de discapacidad de cada uno de los trabajadores.\r\n6.  Copia de la planilla de pago correspondiente  al mes anterior en el que solicita su inscripción.','NO',1,NULL,'2023-11-16 15:45:29','2023-11-16 15:45:29'),(60,'SERVICIO DE ORIENTACIÓN AL MIGRANTE',NULL,2,1,'GRATUITO','DNI, Carnet de extranjeria','NO',1,NULL,'2023-11-16 15:45:48','2023-11-16 15:45:48'),(61,'ORIENTACIÓN SOBRE EL REGISTRO NACIONAL DE TRABAJADORES DE CONSTRUCCIÓN CIVIL',NULL,2,1,'GRATUITO','Presentar DNI físico, carnet de extranjería, pasaporte o permiso temporal de permanencia','NO',1,NULL,'2023-11-16 15:46:11','2023-11-16 15:46:11'),(62,'FORMALIZACIÓN LABORAL',NULL,2,1,'GRATUITO','Presentar documento de identidad DNI','NO',1,NULL,'2023-11-16 15:46:39','2023-11-16 15:46:39'),(63,'PRIMERA INSCRIPCIÓN Y EMISIÓN DEL CARNET DEL REGISTRO NACIONAL DE TRABAJADORES DE CONSTRUCCIÓN CIVIL',NULL,1,1,'GRATUITO','Copia DNI, carnet de extranjería, pasaporte o permiso temporal de permanencia   / Foto tamaño carnet / Anexo A','NO',1,'Falta de credenciales para el uso del sistema RETCC','2023-11-16 15:47:02','2023-11-17 15:56:32'),(64,'RENOVACIÓN DE INSCRIPCIÓN EN EL REGISTRO NACIONAL DE TRABAJADORES DE CONSTRUCCIÓN CIVIL',NULL,1,1,'GRATUITO','Copia DNI , carnet de extranjería, pasaporte o permiso temporal de permanencia  / Foto tamaño carnet / Anexo B / Certificados de trabajo o última boleta de pago','NO',1,'Falta de credenciales para el uso del sistema RETCC','2023-11-16 15:47:20','2023-11-17 15:56:45'),(65,'DUPLICADO DE CARNET DEL REGISTRO NACIONAL DE TRABAJADORES DE CONSTRUCCIÓN CIVIL',NULL,1,1,'S/13.00 PAGO EN MESA DE PARTE EN LA CEDE DE LA ENTIDAD','Copia DNI, carnet de extranjería, pasaporte o permiso temporal de permanencia  /Anexo b','NO',1,'Falta de credenciales para el uso del sistema RETCC','2023-11-16 15:47:38','2023-11-17 15:56:51'),(66,'ORIENTACIÓN A TRÁMITES DE LICENCIA DE  CONDUCIR',NULL,2,1,'GRATUITO','Presentar DNI o carnet de Extranjería','NO',1,NULL,'2023-11-16 15:48:05','2023-11-17 15:46:21'),(67,'EMISIÓN DE LICENCIA DE CONDUCIR A-I',NULL,1,1,'. EXAMEN REGLAS S/ 40.00 . EXAMEN DE MANEJO S/. 49.80 . EMISIÓN LICENCIA FÍSICA S/ 17.10 PAGOS POR SEPARADO EN EL BCO. NACIÓN N° 0161-031348 CONSTANCIA Y CERTIFICACIONES DE LIC. DE CONDUCIR S/. 16.10 -------------------------------------- .EMISIÓN DE LICENCIA ELECTRÓNICA  S/ 6.70 CÓD. 1601 EN EL BN','1. Examen psicosomático ECSAL entidad habilitada para expedir certificado de salud para postulantes a la licencia de conducir, debe consignar grupo sanguineo.\r\n2. 01 fotografía a colores tamaño pasaporte con fondo blanco.\r\n3. Derecho de pago por examen de reglas (ORIGINAL)\r\n4. Contar con examen de reglas aprobado\r\n5. Derecho de pago por examen de manejo  (original)\r\n6. Contar con examen de manejo aprobado.\r\n5. Derecho de pago por emisión de licencia de conducir (original)\r\n6. DNI vigente o carnet de extranjería','NO',1,NULL,'2023-11-16 15:56:38','2023-11-16 15:56:38'),(68,'REVALIDACIÓN LICENCIA DE CONDUCIR  A-I, A-IIA, A-IIB, A-IIIA, A-IIIB, A-IIIC, A-IV',NULL,1,1,'. EXAMEN REGLAS S/ 40.00 . CONSTANCIA Y CERTIFICACIONES DE LIC. DE CONDUCIR S/. 16.10 . EMISIÓN LICENCIA FÍSICA S/ 16.90 PAGOS POR SEPARADO EN EL BCO. NACIÓN N° 0161-031348 -------------------------------------- .EMISIÓN DE LICENCIA ELECTRÓNICA  S/ 6.70 CÓD. 1601 EN EL BN','1. Examen psicosomático ECSAL entidad habilitada para expedir certificado de salud para postulantes a la licencia de conducir, debe consignar grupo sanguineo.\r\n2. Derecho de pago por emisión de licencia de conducir (original)\r\n3. Derecho de pago por examen de reglas (original)\r\n4. Contar con examen de reglas aprobado.\r\n5. Fotocopia de licencia ampliada\r\n6. Pago por constancia y certificaciones de Licencia de conducir. (Voucher original\r\n7. No contar con infracciones de transito ni multas electorales.\r\n8. DNI vigente o carnet de extranjería','NO',1,NULL,'2023-11-16 15:57:14','2023-11-16 15:57:14'),(69,'RECATEGORIZACIÓN DE LICENCIA DE CONDUCIR',NULL,1,1,'. EXAMEN REGLAS S/ 40.00 . EXAMEN DE MANEJO S/49.80 . CONSTANCIA Y CERTIFICACIONES DE LIC. DE CONDUCIR S/. 16.10 . EMISIÓN LICENCIA FÍSICA S/ 17.10 PAGOS POR SEPARADO EN EL BCO. NACIÓN N° 0161-031348 -------------------------------------- .EMISIÓN DE LICENCIA ELECTRÓNICA  S/ 6.70 CÓD. 1601 EN EL BN','1. Examen psicosomático ECSAL entidad habilitada para expedir certificado de salud para postulantes a la licencia de conducir, debe consignar grupo sanguineo.\r\n2. 01 fotografía a colores tamaño pasaporte con fondo blanco.\r\n3. Curso por recategorización en la escuela de conductores (original \r\n4. Derecho de pago por emisión licencia de conducir (voucher original)\r\n5. Derecho de pago por examen de reglas (voucher original y copia)\r\n6. Contar con examen de reglas aprobado.\r\n7. Derecho de pago por examen de manejo (voucher original y copia) \r\n8. Contar con examen de manejo aprobado.\r\n9. Fotocopia de licencia ampliada\r\n10. Pago por constancia y certificaciones de Licencia de conducir. (Voucher original y copia)\r\n11. No contar con sanciones ni multas electorales.\r\n12. DNI vigente o carnet de extranjería','NO',1,NULL,'2023-11-16 15:57:33','2023-11-16 15:57:33'),(70,'EMISIÓN DE LICENCIA DE CONDUCIR A-IV',NULL,1,1,'. CONSTANCIA Y CERTIFICACIONES DE LIC. DE CONDUCIR S/. 16.10 . EMISIÓN LICENCIA FÍSICA S/ 17.10 PAGOS POR SEPARADO EN EL BCO. NACIÓN N° 0161-031348 -------------------------------------- .EMISIÓN DE LICENCIA ELECTRÓNICA  S/ 6.70 CÓD. 1601 EN EL BN','1. Examen psicosomático ECSAL entidad habilitada para expedir certificado de salud para postulantes a la licencia de conducir, debe consignar grupo sanguineo.\r\n2. Derecho de pago por emisión de licencia de conducir (voucher original \r\n3. Pago por constancia y certificaciones de Licencia de conducir. (Voucher original \r\n4. Certificado de capacitación en el manejo de materiales y/o residuos peligrosos\r\n5. Certificados de estudios\r\n6. No contar con sanciones ni multas electorales.\r\n7. DNI vigente o carnet de extranjería','NO',1,NULL,'2023-11-16 15:58:05','2023-11-16 15:58:05'),(71,'DUPLICADO DE LICENCIA DE CONDUCIR',NULL,1,1,'. EMISIÓN LICENCIA FÍSICA S/ 17.10 PAGOS POR SEPARADO EN EL BCO. NACIÓN N° 0161-031348 -------------------------------------- .EMISIÓN DE LICENCIA ELECTRÓNICA  S/ 6.70 CÓD. 1601 EN EL BN','1. Denuncia policial.\r\n2. Pago por concepto de emisión de licencia (voucher original)\r\n3. DNI vigente o carnet de extranjería','NO',1,NULL,'2023-11-16 15:58:23','2023-11-16 15:58:23'),(72,'DUPLICADO DE FICHAS DE SEGUIMIENTO',NULL,1,1,'S/ 12.70 BCO. NACIÓN N° 0161-031348','1. voucher original\r\n2. DNI vigente','NO',1,NULL,'2023-11-16 15:58:38','2023-11-16 15:58:38'),(73,'CONSTANCIA Y CERTIFICADO DE EXAMEN',NULL,1,1,'S/ 16.10 BCO. NACIÓN N° 0161-031348','1. voucher original\r\n2. DNI vigente o carnet de extranjería','NO',1,NULL,'2023-11-16 15:58:59','2023-11-16 15:58:59'),(74,'REDUCCIÓN DE LA MULTA POR PRONTO PAGO (DENTRO DE LOS 05 PRIMEROS DÍAS HÁBILES) MONTO DE 50%',NULL,2,1,'MONTO A PAGAR CON REDUCCIÓN POR PRONTO PAGO: S/. 123.75 BCO. NACIÓN N° 161-031348','Reducción aplicable dentro de los 05 primeros días hábiles (MONTO DE 50%)\r\nINFRACCIÓN LEVE: \r\nCódigo de infracciones: S.2- S.4- I.4- I06 \r\nMonto Multa sin reducción por pronto pago: S/ 247.50\r\nUIT 0.05','NO',1,NULL,'2023-11-16 15:59:38','2023-11-16 15:59:38'),(75,'REDUCCIÓN DE LA MULTA POR PRONTO PAGO (DENTRO DE LOS 05 PRIMEROS DÍAS HÁBILES) MONTO DE 50%',NULL,2,1,'MONTO A PAGAR CON REDUCCIÓN POR PRONTO PAGO: S/. 247.50 BCO. NACIÓN N° 161-031348','Reducción aplicable dentro de los 05 primeros días hábiles (MONTO DE 50%)\r\nINFRACCIÓN GRAVE: \r\nCódigo de infracciones: S.6 – S.10 – I.1 – I.2 – I.5 – I.7 –T.1\r\nMonto Multa sin reducción por pronto pago: S/ 495.00\r\nUIT 0.1','NO',1,NULL,'2023-11-16 16:00:03','2023-11-16 16:00:03'),(76,'MONTO',NULL,2,1,'MONTO A PAGAR CON REDUCCIÓN POR PRONTO PAGO: S/. 1,237.00 BCO. NACIÓN N° 161-031348','Reducción aplicable dentro de los 05 primeros días hábiles (MONTO DE 50%)\r\nINFRACCIÓN MUY GRAVE\r\nCódigo de infracciones: S.3 – S.8\r\nMonto Multa sin reducción por pronto pago: S/ 2,475.00\r\nUIT 0.5','NO',1,NULL,'2023-11-16 16:00:25','2023-11-16 16:00:25'),(77,'REDUCCIÓN DE LA MULTA POR PRONTO PAGO (DENTRO DE LOS 05 PRIMEROS DÍAS HÁBILES) MONTO DE 50%',NULL,2,1,'OJO: NO APLICA A REDUCCIÓN DE MULTAS POR PRONTO PAGO','INFRACCIÓN MUY GRAVE\r\nCódigo de infracciones: S.5 - S.1 – S.9 – I.3 – I.8 – T.2 – T.3 – T.4 – F.6 – F.7\r\nMonto Total Multa: S/ 2,475.00\r\nUIT 0.5','NO',1,NULL,'2023-11-16 16:00:43','2023-11-16 16:00:43'),(78,'REDUCCIÓN DE LA MULTA POR PRONTO PAGO (DENTRO DE LOS 05 PRIMEROS DÍAS HÁBILES) MONTO DE 50%',NULL,2,1,'OJO: NO APLICA A REDUCCIÓN DE MULTAS POR PRONTO PAGO','INFRACCIÓN MUY GRAVE\r\nCódigo de infracciones: F.1\r\nMonto Total Multa: S/ 4,950.00\r\nUIT 1','NO',1,NULL,'2023-11-16 16:01:04','2023-11-16 16:01:04'),(79,'INSCRIPCIÓN DE GUÍA DE TURISMO',NULL,1,1,'PAGO DE S/ 47 SOLES EN GERCETUR','Ficha de solicitud de inscripción (Descargar anexo 01)\r\n\r\n01 copia legalizada del título de guía oficial de turismo\r\n01 copia simple que acredite (dominio y conocimiento de idioma extranjero)  o una declaración jurada de dominio y conocimiento de idioma extranjero legalizado.\r\n02 fotografía a color actualizada tamaño carnet (de forma formal)\r\nFicha ruc donde consigne la actividad económica “agencias de viaje, operador turístico y/o guías turísticos” con la dirección actualizada.\r\nCroquis de la dirección declarada\r\nUn fólder manila\r\n\r\n-	Solicitud de inscripción en el Registro de Guías de Turismo-Lic. Saul H. Caipani \r\n         Altamirano. \r\n-	Anexo 2 (ESNNA)','NO',1,'-	Solicitud de inscripción en el Registro de Guías de Turismo-Lic. Saul H. Caipani \r\nAltamirano. \r\n-	Anexo 2 (ESNNA)','2023-11-16 16:01:34','2023-11-17 20:17:58'),(80,'DUPLICADO DE CARNET DE GUÍA DE TURISMO',NULL,1,1,'PAGO DE S/ 47 SOLES  EN GERCETUR','1. Solicitud dirigida al Gerente Regional de GERCETUR Lic. Saul H. Caipani Altamirano. \r\n2. Anexo 01 (ESNNA)\r\n3. Copia simple de certificado o constancia del conocimiento Y dominio del idioma extranjero o declaración jurada Legalizada de conocimiento del idioma extranjero (si Presento anteriormente no es necesario). \r\n4. 01 fotografía a color de fondo blanco \r\n5. Ficha RUC. \r\n6. Croquis de ubicación de la dirección declarada \r\n7. Presentar en folder manila. \r\n\r\nIMPORTANTE: devolver el carnet vencido para la entrega del Carnet vigente o denuncia policial original.','NO',1,'1. Solicitud dirigida al Gerente Regional de GERCETUR \r\nLic. Saul H. Caipani Altamirano. \r\n2. Anexo 01 (ESNNA)\r\n3. Copia simple de certificado o constancia del conocimiento \r\nY dominio del idioma extranjero o declaración jurada \r\nLegalizada de conocimiento del idioma extranjero (si \r\nPresento anteriormente no es necesario). \r\n4. 01 fotografía a color de fondo blanco \r\n5. Ficha RUC. \r\n6. Croquis de ubicación de la dirección declarada \r\n7. Presentar en folder manila. | \r\nIMPORTANTE: devolver el carnet vencido para la entrega del \r\nCarnet vigente o denuncia policial original.','2023-11-16 16:01:52','2023-11-17 20:21:36'),(81,'INSCRIPCIÓN DE UN ESTABLECIMIENTO DE HOSPEDAJE (D.S N° 001-2015-MINCETUR Y R.M. 005-2019-VIVIENDA)',NULL,1,1,'SIN CATEGORIZACIÓN: INSCRIPCIÓN GRATUITA  CON CATEGORIZACIÓN: PAGO DE ACUERDO A LA CATEGORÍA  SOLICITADA.','REQUISITOS MINIMOS:\r\n1.Solicitud dirigida al Gerente Regional de Comercio Exterior, Turismo y Artesanía. Lic. Saul Caipani Altamirano. \r\n2.Declaracion jurada-Anexo N° 1 (otorgado por GERCETUR). \r\n3.Ficha RUC. \r\n4.Copia de Licencia Municipalidad. \r\n5.Croquis de ubicación del establecimiento.','NO',1,'1.Solicitud dirigida al Gerente Regional de Comercio Exterior, Turismo y Artesanía. Lic. Saul Caipani Altamirano. \r\n2.Declaracion jurada-Anexo N° 1 (otorgado por GERCETUR). \r\n3.Ficha RUC. \r\n4.Copia de Licencia Municipalidad. \r\n5.Croquis de ubicación del establecimiento.','2023-11-16 16:02:20','2023-11-17 20:25:01'),(82,'INSCRIPCIÓN DE UNA AGENCIA DE VIAJES Y TURISMO - CANALES DIGITALES',NULL,1,1,'GRATUITO','-	Solicitud dirigida al Gerente Regional de Comercio Exterior, Turismo y Artesanía Li. Saul Caipani Altamirano. \r\n-	 Declaración Jurada — ANEXO N” 2 — (otorgado por la GERCETUR).  \r\n-	Ficha RUC/  \r\n-	Croquis de ubicación del establecimiento.','NO',1,'-	Solicitud dirigida al Gerente Regional de Comercio Exterior, Turismo y Artesanía Li. Saul Caipani Altamirano. \r\n-	 Declaración Jurada — ANEXO N” 2 — (otorgado por la GERCETUR).  \r\n-	Ficha RUC/  \r\n-	Croquis de ubicación del establecimiento.','2023-11-16 16:03:08','2023-11-17 20:26:32'),(83,'OBTENCIÓN DEL CERTIFICADO DE AUTORIZACIÓN TURISMO DE AVENTURA',NULL,1,1,'COPIA DE RECIBO DE PAGO POR DERECHO DE TRAMITE S/ 93.00 EN GERCETUR','1). Solicitud dirigida al Gerente Regional de GERCETUR Lic. Saul H. \r\nCaipani Altamirano. \r\n2). Constancia de Presentación de Declaración Jurada de cumplimiento \r\nde requisitos mínimos, de acuerdo a lo dispuesto en el Reglamento de \r\nAgencias de Viajes y turismo vigente. \r\n3). Relación de la o las modalidades de turismo de Aventura que pretende \r\nPrestar; así como los lugares donde se desarrollan. \r\n4). Relación de equipos para cada modalidad de Turismo de Aventura que \r\nPretende ofrecer, cumpliendo con lo establecido en el artículo 22 del \r\nPresente Reglamento. Cada equipo deberá contar con un código de \r\nIdentificación asignada por la Agencia de Viajes y Turismo. \r\n5). Relación del contenido del equipo de primeros auxilios, de acuerdo a \r\nLas especificaciones aprobadas por el Viceministerio de Turismo. \r\n6). Declaración jurada, de acuerdo al formato aprobado por el Viceministerio de Turismo del MINCETUR, mediante el cual se compromete a \r\nPrestar el servicio con personal especializado que cumplirá con las \r\nDisposiciones establecidas en el artículo 21 del presente Reglamento. \r\n7). Programa de Manejo de Riesgos y atención de Emergencias \r\n8). Programa de mantenimiento de Equipos. \r\n9). Manual Interno de Operaciones \r\n10). Copia de recibo de pago por derecho de tramite s/ 93.00 \r\n11). Se debe presentar los 9 anexos en orden correlativo y de acuerdo al \r\nFormato aprobado por el viceministro de Turismo y firmados por el \r\nRepresentante de la Agencia de Viajes.','NO',1,'1). Solicitud dirigida al Gerente Regional de GERCETUR Lic. Saul H. \r\nCaipani Altamirano. \r\n2). Constancia de Presentación de Declaración Jurada de cumplimiento \r\nde requisitos mínimos, de acuerdo a lo dispuesto en el Reglamento de \r\nAgencias de Viajes y turismo vigente. \r\n3). Relación de la o las modalidades de turismo de Aventura que pretende \r\nPrestar; así como los lugares donde se desarrollan. \r\n4). Relación de equipos para cada modalidad de Turismo de Aventura que \r\nPretende ofrecer, cumpliendo con lo establecido en el artículo 22 del \r\nPresente Reglamento. Cada equipo deberá contar con un código de \r\nIdentificación asignada por la Agencia de Viajes y Turismo. \r\n5). Relación del contenido del equipo de primeros auxilios, de acuerdo a \r\nLas especificaciones aprobadas por el Viceministerio de Turismo. \r\n6). Declaración jurada, de acuerdo al formato aprobado por el Viceministerio de Turismo del MINCETUR, mediante el cual se compromete a \r\nPrestar el servicio con personal especializado que cumplirá con las \r\nDisposiciones establecidas en el artículo 21 del presente Reglamento. \r\n7). Programa de Manejo de Riesgos y atención de Emergencias \r\n8). Programa de mantenimiento de Equipos. \r\n9). Manual Interno de Operaciones \r\n10). Copia de recibo de pago por derecho de tramite s/ 93.00 \r\n11). Se debe presentar los 9 anexos en orden correlativo y de acuerdo al \r\nFormato aprobado por el viceministro de Turismo y firmados por el \r\nRepresentante de la Agencia de Viajes.','2023-11-16 16:03:27','2023-11-17 20:27:09'),(84,'INSCRIPCIÓN DE UNA AGENCIA DE VIAJES Y TURISMO',NULL,1,1,'GRATUITO','Solicitud dirigida al Gerente Regional de Comercio Exterior Turismo y Artesanía\r\nDeclaración Jurada ANEXO N° 1 (Descargar)\r\nCopia de la ficha RUC\r\nCopia de la licencia Municipal\r\nCroquis de ubicación del establecimiento (CUANDO ES FUERA DEL CASCO MONUMENTAL)\r\n\r\nLocal de libre acceso al público para atender al turista y dedicado a prestar de manera exclusiva al servicio de agencia de viajes y turismo.\r\nIndependizada de los locales de negocios colindantes\r\nContar con equipo de computo\r\nConexión a internet y correo electrónico\r\nTeléfono\r\nEquipo de impresora y escáner\r\nEl personal que brinde atención directa al público acreditar experiencia mínima de un (01) año en actividades turísticas y que haya llevada por lo menos un curso de técnicas de atención al cliente, en ambos casos mediante certificado o constancia expedida por entidades públicas o privadas\r\nAcreditar formación académica superior a técnica productiva en materia de turismo, mediante de Grado o Titulo emitido por entidades públicas o privadas.\r\nEl personal calificado que se dedique a brindar atención directa al turista, debe estar identificado señalando su nombre y cargo, mediante la placa u otro medio que permita su fácil identificación por los turistas.','NO',1,NULL,'2023-11-16 16:03:47','2023-11-16 16:04:19'),(85,'INSCRIPCION O MODIFICACION EN EL REGISTRO NACIONAL DEL ARTESANO PARA ARTESANOS',NULL,1,1,'GRATUITO','Si  eres persona natural debes tener DNI                                                                                                                                                                                                                                                                                   Si representas a una empresa artesanal, debes verificar que el objeto\r\nsocial de la personería jurídica debe decir que se dedica a la\r\nproducción de artesanía.\r\nSi representas una asociación de artesanos, debes verificar la\r\nvigencia de poder de la última junta directiva inscrita en registros\r\npúblicos.\r\nSi representas a una cooperativa artesanal, verificar que el objeto\r\nsocial de la personería jurídica debe decir que se dedica a la\r\nproducción de artesanía.\r\nSi representas a una institución privada de desarrollo vinculada con el\r\nsector artesanal, debes verificar que el objeto social debe ser de\r\ndesarrollo de proyectos, capacitaciones o actividades de artesanía.\r\nCorreo electrónico.','NO',1,NULL,'2023-11-16 16:04:34','2023-11-16 16:04:34'),(86,'INSCRIPCION PARA ESTABLECIMINETOS DE RESTAURANTE CATEGORIZADOS  (1 A 5 TENEDORES) D.S.011-2019-MINCETUR',NULL,1,1,'PAGO DE ACUERDO A LA CATEGORIZACIÓN SOLICITADA.','-	D.5.011-2019-MINCETUR \r\n-	Solicitud dirigida al Gerente Regional de Comercio Exterior y Turismo \r\n-	ASUNTO: Solicito Clasificación como Restaurante categoría de ..... tenedor) \r\n-	Anexo de acuerdo a la categoría solicitada \r\n-	Copia de la Ficha RUC \r\n-	Copia del Certificado Técnico de Seguridad en Edificaciones \r\n-	Recibo de Caja por derecho a trámite establecido en el TUPA. \r\n-	Registro fotográfico.','NO',1,'-	D.5.011-2019-MINCETUR \r\n-	Solicitud dirigida al Gerente Regional de Comercio Exterior y Turismo \r\n-	ASUNTO: Solicito Clasificación como Restaurante categoría de ..... tenedor) \r\n-	Anexo de acuerdo a la categoría solicitada \r\n-	Copia de la Ficha RUC \r\n-	Copia del Certificado Técnico de Seguridad en Edificaciones \r\n-	Recibo de Caja por derecho a trámite establecido en el TUPA. \r\n-	Registro fotográfico.','2023-11-16 16:04:52','2023-11-17 20:27:56'),(87,'CERTIFICADO DE ANTECEDENTES JUDICIALES',NULL,1,1,'37.70','A. En caso el trámite lo realice el titular:\r\n1. Comprobante de pago de derecho de trámite, en el que figure el número de DNI del solicitante.\r\n2. Presentar documento de Identidad (Original):\r\n- Nacionales: DNI.\r\n- Extranjeros: Pasaporte, carné de extranjería u otro documento de identidad otorgado al amparo de tratados internacionales.\r\nPara ciudadanos extranjeros con documento de identidad distinto a carnet de extranjería deberán llevar una foto actual tamaño carnet con fondo blanco para adjuntarla a su Certificado de Antecedentes Judiciales.\r\n3. Ser mayor de edad (18 años cumplidos). Nota:\r\n- El extranjero deberá tener Notificación de Migraciones  para sus trámites.\r\nB. Si el trámite lo hace un apoderado, deberá presentar los siguientes documentos:\r\n1. Comprobante de pago de derecho de trámite, en el que figure el número de DNI del solicitante.\r\n2. Copia del documento de identidad del poderdante.\r\n3. Documento de identidad original del apoderado.\r\n4. Una foto actual tamaño carnet con fondo blanco del poderdante (solo en los casos de usuario de nacionalidad extranjera)\r\n5. Carta poder  o legalizado: según corresponda se podrá presentar los siguientes documentos:\r\n- Carta Poder Simple: Caso de cónyuge, conviviente o parientes hasta el primer grado de consanguinidad (padres e hijos según Decreto Legislativo N° 1246).\r\n- Carta Poder Notarial: Este documento deberá contar necesariamente con la firma legalizada del Poderdante ante Notario Público (Validez de un año). Para el lugar donde no exista Notario, al apoderado presentará Carta Poder con firma legalizada por el Juez de Paz Letrado o Juez de Paz del lugar donde se encuentre el usuario.\r\n- Poder Otorgado en el extranjero: Si el poderdante se encuentra en el exterior deberá:\r\n* Tramitar el poder respectivo ante el Consulado del Perú (carta poder consular original y copia legalizada)\r\n* Copia del documento de identidad del solicitante\r\n* Una foto actual tamaño carnet del solicitante con fondo blanco\r\n* DNI original del apoderado\r\n* Tramitar Carta Poder ante el Notario Público u homólogo del país en el que reside y legalizarla ante el consulado del Perú.','NO',1,NULL,'2023-11-16 16:05:20','2023-11-16 16:05:20'),(88,'CERTIFICADO DE ANTECEDENTES PENALES',NULL,1,2,'52,8','Este documento se encuentra disponible para CIUDADANOS MAYORES DE EDAD , los cuales deberán presentar la\r\nsiguiente documentación :\r\nPara Trámite Personal:\r\n1. Comprobante de pago de S/ 52.80 por concepto de Certificado de Antecedentes Penales donde figure el  número\r\nde DNI del titular.\r\n\r\n2. Documenton de Identidad (original y será presentado al realizar el trámite)\r\n  - Ciudadano Peruano: Documento Nacional de Identidad (DNI).\r\n  - Ciudadano Extranjero: Pasaporte, Carné de Extranjería u otro documento de identidad otorgado al amparo de\r\ntratados internacionales.\r\nPara Trámite por Apoderado:\r\n1. Comprobante de pago de S/ 52.80 por concepto de Certificado de Antecedentes Penales donde figure el  número\r\nde DNI del titular.\r\n2. Poder otorgado ante Notario Público o Poder Consular (en caso de estar en e l extranjero debidamente visado enel Ministerio de Relaciones Exteriores.\r\n3. Documento de Identidad del Apoderado (en original y será presentado al momento de realizar el trámite\r\n   - Ciudadano Peruano: Documento Nacional de Identidad (DNI).\r\n   - Ciudadano Extranjero:  Documento Nacional de Identidad señalado en el Poder.\r\n      01 foto actual del poderdante tamaño pasaporte a colores en fondo blanco. Indicar generales de Ley\r\n      Fecha de nacimiento y nombre de los padres (solo si el poderdante es ciudadano extranjero)\r\nNota:  \r\n  - La foto del solicitante se obtiene de la base de datos de Reniec, o de lo contrario se toma de manera GRATUITA en\r\nla oficina donde se realiza el trámite.\r\nSolo será necesario presentar la foto tamaño pasaporte a colores en fondo blanco, si el trámite  se realiza a nombre de\r\nun ciudadano extranjero mediante Poder.\r\n - El certificado es válido para uso nacional y en el exterior (previa  legalización en el Ministerio de Relaciones\r\nExteriores), tiene una vigencia de 90 días contados desde su expedición.\r\n- Los trámites \"observados\", seran atendidos en un máximo de 30 minutos salvo los realizados fuera del horario laboral\r\ndel Poder Judicial  (L-V 8:00 a 16:45 Hrs) que serán atendidos al día siguiente hábil.','NO',1,NULL,'2023-11-16 16:05:49','2023-11-17 13:18:22'),(89,'CERTIFICADO DE HOMONIMIA',NULL,1,1,'10,8','Solicitud del Certificado de Homonimia R.A. 158-2016-GG-PJ\r\n1. El ciudadano que tenga conocimiento de la existencia de un posible caso de homonimia respecto a su persona podrá solicitar\r\nel Certificado de Homonimia al Registro Nacional de Requisitorias del Poder Judicial acompañando los documentos que\r\nacrediten su identidad personal, así como los demás que estime conveniente para acreditar su pedido.\r\n2 .Previo pago del derecho correspondiente y siguiendo los mismos pasos sobre poderes en aplicación de los ítems A, B, C y D\r\ndel primer párrafo, se atenderá la solicitud de expedición de certificado de homonimia. Si este no tiene observación (pendiente\r\nde descarte) se emitirá de forma inmediata. Si el descarte tardara más de media hora el personal del Mac se comunicará con\r\nlos analistas de descartes del Registro Nacional Judicial- RENAJU.','NO',1,NULL,'2023-11-16 16:06:08','2023-11-16 16:06:08'),(90,'CERTIFICADO DE DEUDOR ALIMENTICIO MOROSO',NULL,1,1,'10.30','A. En caso la consulta la realice el titular:\r\n1. Presentar DNI o Pasaporte, CE, PTP, CPP, Cédula de Identidad, Carné de Refugiado.\r\nB. Si el trámite lo hace un apoderado (Cónyuge del titular, Conviviente del titular o Parientes hasta el 1°\r\ngrado de consanguineidad), deberá presentar Carta poder simple.En caso de abogado debe presentar su carnet de colegiatura\r\nhabilitado.\r\n2 .Previo pago del derecho correspondiente y siguiendo los mismos pasos sobre poderes en aplicación de los ítems A, B, C y D\r\ndel primer párrafo, se atenderá la solicitud de expedición de certificado de Redam, la emisión es inmediata.','NO',1,NULL,'2023-11-16 16:06:29','2023-11-16 16:06:29'),(91,'ACREDITACIÓN COMPLEMENTARIA Y ACREDITACIÓN POR LATENCIA',NULL,1,1,'GRATUITO','ACREDITACION COMPLEMENTARIA                                                                               \r\n1. DNI, carnet de extranjería o Partida de Nacimiento.\r\n2. Si eres trabajador debe contar con 03 meses de aportaciones consecutivas o 04 no consecutivos dentro de los 06 meses calendarios anteriores al mes que se incio la contingencia.\r\n3. Si eres Pensionista de la ONP, presentar la Resolucion en tramite de pensionista,\r\n4. Si eres trabajador del hogar: debe contar con 03 meses de aportaciones consecutivas o 04 no consecutivos dentro de los 06 meses calendarios anteriores al mes que se incio la contingencia..\r\nLATENCIA : Debe contar con el cese laboral registrado por el empleador, en caso suspenssion perfecta de labores SPL debe contar con registro de Suspension perfecta en PLAME.','NO',1,NULL,'2023-11-16 16:06:51','2023-11-16 16:06:51'),(92,'ACTUALIZACIÓN Y MODIFICACIÓN DE DATOS DEL ASEGURADO TITULAR O DERECHOHABIENTES',NULL,1,1,'GRATUITO','1. Documento de Identidad del asegurado titular original (DNI, carnet de Extranjería o Pasaporte).\r\n2. Documento de Identidad del solicitante (DNI, carnet de Extranjería o Pasaporte) original.                                                                                                                 \r\n3. Llenar el formulario  1010.','NO',1,NULL,'2023-11-16 16:07:06','2023-11-16 16:07:06'),(93,'AFILIACIÓN AL SCTR INDEPENDIENTE - SEGURO COMPLEMENTARIO DE TRABAJO DE RIESGO',NULL,1,1,'GRATUITO','Para Trabajadores Independientes\r\n1. Formulario Nº 6004\r\n2. mostrar documento de identidad: DNI, Carnet de extranjería, de corresponder.','NO',1,NULL,'2023-11-16 16:07:21','2023-11-16 16:07:21'),(94,'AFILIACIÓN AL SEGURO POTESTATIVO',NULL,1,1,'0 - 17 AÑOS: S/. 137.00 * 18 - 29 AÑOS: S/. 132.00 * 30 - 59 AÑOS: S/. 138.00 * 60 A MAS: S/. 215.00 * * APORTE MENSUAL','1. Documento Nacional de Identidad del asegurado titular original.                               \r\n2. formulario 1010 y clausulas de contrato seguro potestativo','NO',1,NULL,'2023-11-16 16:07:41','2023-11-16 16:07:41'),(95,'CAMBIO DE ADSCRIPCIÓN TEMPORAL DEL ASEGURADO TITULAR O DERECHOHABIENTES',NULL,1,1,'GRATUITO','Cambio de Adscripción Temporal (Desplazamiento temporal a una Provincia o Departamento por un periodo máximo de 6 meses en 1 año calendario). \r\nTitular: Presentar el Formulario F-1010 y CONSTANCIA DE DESPLAZAMIENTO TEMPORAL POR MOTIVOS LABORALES firmado por el titular, en caso de desplazamiento por motivos laborales.\r\nPara los demás casos de desplazamiento (motivos no laborales) presentar el Formulario F-1010, debidamente llenado y firmado por el afiliado titular.\r\nDerechohabiente: Presentar el Formulario F-1010 firmado por el afiliado titular, cónyuge, concubino(a), padre, madre, tutor o curador, según corresponda.','NO',1,NULL,'2023-11-16 16:08:04','2023-11-16 16:08:04'),(96,'REGISTRO DE BENEFICIARIOS AL SEGURO DE ACCIDENTES + VIDA',NULL,1,1,'5.00','Registro de Beneficiarios\r\nPara Asegurados Regulares e Independientes con un seguro en EsSalud - Formulario 6012 – Registro de beneficiarios +Vida','NO',1,NULL,'2023-11-16 16:08:27','2023-11-16 16:08:27'),(97,'REGISTRO DE INSCRIPCIÓN Y BAJA EXCEPCIONAL DE TITULAR Y DERECHOHABIENTES',NULL,1,1,'GRATUITO','Inscripción de Derechohabientes - Llenar formulario 1010 y Politicas de Privacidad.\r\n1. Cónyuge: En Perú: Copia simple del Acta o Partida de Matrimonio Civil, con una antigüedad no mayor de seis (06) meses. Extranjero:\r\nCopia simple del acta, con el sello de apostilla. \r\no partida de matrimonio que haya sido inscrita en el Registro de la oficina consular de Perú del lugar de celebración del acto o legalizada por el Consulado\r\nPeruano de su jurisdicción y por el Ministerio de Relaciones Exteriores e inscrito en la Municipalidad o RENIEC o que cuente con el sello de la Apostilla de La Haya.\r\n2. Concubino: Copia simple del documento de Reconocimiento de la Unión de Hecho, sea por Resolución Judicial o por Escritura Pública.\r\n3. Hijo Menor de Edad: Copia simple de la Partida o Acta de nacimiento del menor.\r\n4. Gestante: Copia simple de escritura de reconomiento de hijo extramatrimonial.(Notarialmente).\r\nBaja de Titular y/o Derechohabientes - Llenar formulario 1010\r\nPor fallecimiento en el país: Presentar Formulario 1010 debidamente llenado y\r\nfirmado por quien corresponda. Por fallecimiento en el extranjero: Copia simple de la partida de defunción o su equivalente, cuyo original se encuentre\r\nlegalizado por el consulado en el Perú del país donde falleció el  derecho habiente o cuente con el sello de la Apostilla de La Haya. Si el documento se encuentra redactado en idioma distinto al español, se requiere la traducción.         \r\nPor disolución del vínculo matrimonial en el país : Copia simple de la resolución judicial, resolución de alcaldía,\r\no de la escritura pública que declara disuelto el vínculo matrimonial.\r\nPor disolución del vínculo matrimonial en el extranjero: Copia simple de la resolución judicial de sentencia de divorcio expedida por el Tribunal extranjero y\r\nlegalizada por el Ministerio de Relaciones Exteriores o que cuente con el sello.','NO',1,NULL,'2023-11-16 16:08:48','2023-11-16 16:08:48'),(98,'ORIENTACIÓN DE ESTADO DEL ASEGURADO Y OTROS SERVICIOS',NULL,2,1,'GRATUITO','Presentar documento de Identidad (Original)','NO',1,NULL,'2023-11-16 16:09:07','2023-11-16 16:09:07'),(99,'CONSTANCIA DE VERIFICACIÓN DE DATOS DE AUTORIDADES',NULL,1,2,'GRATUITO','Para el trámite en línea, la solicitud se realiza en el link: https://enlinea.sunedu.gob.pe/.\r\nPara el trámite presencial, la solicitud se realiza en el módulo de la Sunedu. Para la emisión de la constancia de verificación de datos de autoridades, los datos del Secretario General que suscribió el documento, o quien haga sus veces, deben encontrarse previamente inscritos en la Base de Datos de Autoridades; caso contrario, los documentos deben ser autenticados por el Secretario General en funciones, o quien haga sus veces, que deberá encontrarse inscrito en la Base de Datos de Autoridades. Los usuarios, antes de solicitar la constancia, pueden verificar en el portal institucional de la Sunedu (https://enlinea.sunedu.gob.pe/) si los datos del Secretario General que suscribió el documento, o quien haga sus veces, se encuentran previamente inscritos en la Base de Datos de Autoridades. Los documentos emitidos por las universidades, escuelas de posgrado o instituciones y escuelas de educación superior autorizadas a otorgar grados y títulos de rango universitario, deben contar con los nombres y apellidos del titular del documento sujeto a verificación de datos. Los documentos emitidos por las universidades, escuelas de posgrado o instituciones y escuelas de educación superior deben contar con fecha de expedición, de certificación o de autenticación, según sea el caso.\r\n1) Diploma del grado o título (previamente inscrito en el Registro Nacional de Grados y Títulos);\r\n2) Diplomado de posgrado (se debe haber completado un mínimo de 24 créditos).\r\n3) Documentos de formación profesional provenientes de universidades, entregados en el marco de los programas de formación continua, que deben certificar nota aprobatoria.\r\n4) Certificados de estudios, sílabos, constancia de matrícula, malla curricular o plan de estudios, constancias y/o certificados que acrediten la condición del solicitante.\r\nPara el trámite en línea, la solicitud se realiza en el link: https://enlinea.sunedu.gob.pe/','NO',1,NULL,'2023-11-16 16:15:22','2023-11-16 16:15:22'),(100,'CONSTANCIA DE INSCRIPCIÓN  DE GRADOS Y TÍTULOS EN EL REGISTRO NACIONAL DE GRADOS Y TÍTULOS',NULL,1,2,'GRATUITO','Para el trámite en línea, la solicitud se realiza en el link: https://enlinea.sunedu.gob.pe/.\r\nPara el trámite presencial, la solicitud se realiza en el módulo de la Sunedu. Para la emisión de la constancia, los grados y títulos deberán estar previamente inscritos en el Registro Nacional de Grados y Títulos, a solicitud de las universidades, escuelas de posgrado o instituciones y escuelas de educación superior autorizadas a otorgar grados o títulos de rango universitario','NO',1,NULL,'2023-11-16 16:15:43','2023-11-16 16:15:43'),(101,'ORIENTACIÓN EN LOS SERVICIOS DE LA SUNADU',NULL,2,1,'GRATUITO','Servicio que consiste en brindar orientación a los ciudadanos sobre las funciones de la Sunedu, servicios ofrecidos; así como algunos alcances de la Ley N° 30220 – Ley Universitaria y demás normativa emitida por la Sunedu.','NO',1,NULL,'2023-11-16 16:16:01','2023-11-16 16:16:01'),(102,'AFILIACIÓN AL SIS EMPRENDEDOR',NULL,1,1,'GRATUITO','1. Presentar DNI o Carnet de Extranjeria Vigente\r\n2. No contar con otro seguro de salud.\r\n3. Contar con el pago tres meses consecutivos a la SUNAT en las categorías 1 o 2 del Nuevo RUS\r\n(NRUS)','NO',1,NULL,'2023-11-16 16:17:14','2023-11-16 16:17:14'),(103,'AFILIACIÓN AL SIS GRATUITO',NULL,1,2,'GRATUITO','1. Presentar DNI o Carnet de Extranjeria Vigente.\r\n2. No tener otro seguro de salud.\r\n3. Contar con CSE (Clasificación Socioeconómica) de pobreza o pobreza extrema en el SISFOH','NO',1,NULL,'2023-11-16 16:17:31','2023-11-16 16:17:31'),(104,'AFILIACIÓN AL SIS INDEPENDIENTE',NULL,1,2,'MENOR DE 60 AÑOS: S/. 39.00 A PARTIR DE 60 AÑOS: S/. 58.00  * PAGO INDIVIDUAL  \'- TITULAR + 01 DERECHOHABIENTE: S/ 78.00 - TITULAR + 02 DERECHOHABIENTES: S/ 94.00 - TITULAR + 03 DERECHOHABIENTES: S/ 115.00 (PAGO FAMILIAR)','1. Presentar DNI o Carnet de Extranjeria Vigente\r\n2. No contar con otro seguro de salud.','NO',1,NULL,'2023-11-16 16:17:53','2023-11-16 16:17:53'),(105,'INFORMACIÓN SOBRE AFILIACIÓN  SOBRE AFILIACIÓN AL SIS MYPE',NULL,2,1,'EL PAGO ES DE S/ 15.00 MENSUALES POR CADA TRABAJADOR INSCRITO, SIN COSTO ADICIONAL POR DERECHOHABIENTES INSCRITOS MENORES DE 18 AÑOS Y MAYORES CON DISCAPACIDAD.','1. El trámite lo realiza exclusivamente el empleador\r\n2.Contar con una Clave de Sol\r\n3. Contar con un correo electrónico \r\n4. No contar con otro seguro de salud\r\n5. La empresa debe estar registrada en REMYPE\r\n6. Tener los DNIs o CE vigentes de los trabajadores y sus derechohabientes','NO',1,NULL,'2023-11-16 16:18:12','2023-11-16 16:18:12'),(106,'AFILIACIÓN AL SIS PARA TODOS',NULL,1,1,'GRATUITO','1. DNI o carnet de extranjeria\r\n2. No contar con ningun seguro activo','NO',1,NULL,'2023-11-16 16:18:29','2023-11-16 16:18:29'),(107,'AFILIACIÓN DE GESTANTE (POBLACIÓN DETERMINADA POR NORMA)',NULL,1,1,'GRATUITO','1. Presentar DNI o Carnet de Extranjeria Vigente ,\r\n2. No contar con otro seguro de salud\r\n3. Carné de control prenatal o cualquier documento en donde figura la fecha probable de parto\r\n\r\nEN CASO DE NO CONTAR CON DNI\r\n La gestante puede presentar su Acta de Nacimiento o un documento que las identifique como tal, el cual puede ser emitido por una institución o autoridad competente (Nacional y/o extranjera). En caso de no contar con ningún documento que lo identifique, debe presentar una Declaración Jurada conteniendo los datos de la persona, en caso de menores de edad, la Declaración Jurada de padres o tutor).','NO',1,NULL,'2023-11-16 16:18:49','2023-11-16 16:18:49'),(108,'AFILIACIÓN MENOR DE 5 AÑOS (POR NORMA)',NULL,1,1,'GRATUITO','1. Presentar, DNI o carnet de extranjeria vigente de los padres o tutores\r\n2. No contar con otro seguro de salud\r\n\r\nEN CASO DE NO CONTAR CON DNI\r\nLos menores de edad entre cero (0) a cinco (5) años, para la identificación pueden presentar el Acta de Nacimiento o Certificado de Nacido Vivo o Tarjeta de Control de Niño Sano o un documento que los identifique como tal, el cual puede ser emitido por una institución o autoridad competente (Nacional y/o extranjera). En caso de no contar con ningún documento que identifique al menor, deben presentar una Declaración Jurada de padres o tutor, conteniendo los datos del menor','NO',1,NULL,'2023-11-16 16:19:03','2023-11-16 16:19:03'),(109,'ACTUALIZACIÓN DE DATOS',NULL,1,1,'GRATUITO','1. Presentar DNI o Carnet De Extranjería\r\n2. Mencionar el tipo de tramite que desea realizar','NO',1,NULL,'2023-11-16 16:19:38','2023-11-16 16:19:38'),(110,'ORIENTACIÓN EN LOS SERVICIOS DEL SIS',NULL,2,1,'GRATUITO','Ninguno','NO',1,NULL,'2023-11-16 16:19:54','2023-11-16 16:19:54'),(111,'ATENCIÓN DE QUEJAS Y RECLAMOS',NULL,1,2,'GRATUITO','1. DNI o CE del Usuario del reclamante y/o tercero legitimado.\r\n2. Documentos de sustento motivo de reclamo (si lo tuviese).\r\n3. Numero o correo electrónico de contacto','NO',1,NULL,'2023-11-16 16:20:50','2023-11-16 16:20:50'),(112,'ATENCIÓN DE SUGERENCIAS',NULL,2,1,'GRATUITO','1. DNI o CE vigente del Usuario','NO',1,NULL,'2023-11-16 16:21:11','2023-11-16 16:21:11'),(113,'ATENCIÓN DE INCIDENCIAS',NULL,2,1,'GRATUITO','1. DNI o CE vigente del Usuario','NO',1,NULL,'2023-11-16 16:21:34','2023-11-16 16:21:34'),(114,'LEVANTAMIENTO DE ANULACIÓN DE SIS',NULL,1,1,'GRATUITO','1. DNI o carnet de extranjeria.\r\n2. No contar con seguro activo','NO',1,NULL,'2023-11-16 16:21:53','2023-11-16 16:21:53'),(115,'ORIENTACIÓN SERVICIOS RENIEC',NULL,2,1,'GRATUITO','Ninguno','NO',1,NULL,'2023-11-16 16:22:21','2023-11-16 16:22:21'),(116,'CANJE DE LE A DNI',NULL,1,2,'GRATUITO','Requisitos Generales:\r\n1. Menores de 07 años deben presenta 01 Fotografía actualizada tamaño pasaporte a color con fondo blanco, sin retoques, sin lentes, sin prendas en la cabeza. \r\nMayores de 07 años las fotografías se toma mediante captura en vivo.\r\n2. Recibo de servicio público (luz, agua, cable, teléfono, arbitrios, etc.), en copia y original, con una antigüedad no mayor a 6 meses. Requisitos Específicos:\r\nA. Canje de Libreta Electoral a DNI:\r\nProcedimiento que deben realizar las personas mayores de edad cuyo último documento de identidad es la Libreta Electoral de ocho (08) dígitos y que aun no han tramitado su DNI.\r\n- Informe Médico Expedido por Autoridad Competente.','NO',1,NULL,'2023-11-16 16:22:41','2023-11-16 16:22:41'),(117,'DUPLICADO DE DNI (SOLO DNI AZUL)',NULL,1,2,'PARA MAYOR DE EDAD  (DNI AZUL): S/ 24.00 PERSONA CON DISCAPACIDAD GRATUITO','Requisitos Generales:\r\n1. Voucher de pago.\r\n2. En caso de menor de edad, el trámite debe realizarse por el último declarante del menor. Nota:\r\n* La vigencia del último DNI debe ser mayor a 60 días antes de su fecha de caducidad.\r\n* La fecha de caducidad del DNI no se modificará en el duplicado de DNI. Requisitos Específicos: - Personas con Discapacidad: A. Original y copia simple del Certificado de Discapacida','NO',1,NULL,'2023-11-16 16:22:59','2023-11-16 16:22:59'),(118,'RECTIFICACIÓN DE DATOS CON EMISIÓN DE DNI (NOMBRES, APELLIDOS, DOMICILIO, ESTADO CIVIL, CAMBIO EN LA DECISIÓN DE CEDER ÓRGANOS Y TEJIDOS)',NULL,1,2,'PARA MENOR DE EDAD (HASTA LOS 16 AÑOS): S/ 16.00 (NOMBRES, APELLIDOS Y DOMICILIO)','Requisitos Generales:\r\n1. Documento sustentatorio de la rectificación que se solicita.\r\n2. Voucher de pago.\r\n3. En caso de menor de edad, la rectificación debe realizarse por el declarante que realizó el último trámite del menor. \r\nNota: La vigencia del último DNI debe ser mayor a 60 días antes de su fecha de caducidad. Menor de Edad: El declarante debe exhibir su DNI. Requisitos Específicos:\r\n- Cambio en la decisión de ceder órganos y tejidos: Ninguno (Declarativo)\r\nA. Nombres y Apellidos:\r\n-Vía Judicial: Copia simple de la Resolución Judicial de la Rectificación.\r\n-Vía Notarial: Copia Certificada y copia simple de la Escritura Pública Rectificatoria.\r\n-Vía Administrativa: Copia Certificada y copia simple del expediente administrativo y Resolución Registral de la Rectificación.\r\nB. Domicilio: Recibo de servicio público (luz, agua, cable, teléfono, arbitrios, etc.) en original y copia, con una antigüedad no mayor a 6 meses.\r\nC. Estado Civil:\r\na. Casado: Declaración Jurada indicando esa condición según el formato de RENIEC o la Copia Certificada del Acta de Matrimonio.*\r\n- Mujeres casadas (apellido del esposo): Copia Certificada del Acta de Matrimonio Civil.\r\nb. Divorciado: Copia Certificada del Acta de Matrimonio expedida por el Registro del Estado Civil con la anotación marginal de la disolución del vínculo matrimonial.\r\nc. Viudo: Declaración Jurada de Matrimonio y copia certificada del Acta de Defunción del cónyuge, expedida por el Registro del Estado Civil.\r\nd. De Casado a Soltero:\r\n- Administrativamente: Resolución emitida por la Sub Gerencia de Depuración de Identificación, que resuelve rectificar el dato del estado civil.\r\n- Por Mandato Judicial: Oficio y parte con resolución judicial consentida o ejecutoriada que corresponda.\r\nNota:\r\n- Anulación de vínculo matrimonial: Copia Certificada del Acta de Matrimonio Civil donde conste la anotación de nulidad y la copia certificada y simple de la resolución judicial firme. En este caso se revierte el estado civil anterior.\r\n- Las personas bautizadas antes del 14 de noviembre de 1936 pueden realizar su rectificación con la partida de bautismo autenticada por el notario eclesiástico\".\r\n* No será necesario presentar la Copia Certificada del Acta de Matrimonio cuando ésta se encuentra en el Sistema de Registros Civiles del RENIEC.','NO',1,NULL,'2023-11-16 16:24:17','2023-11-16 16:24:17'),(119,'RECTIFICACIÓN DE DATOS CON EMISIÓN DE DNI (NOMBRES, APELLIDOS, DOMICILIO, ESTADO CIVIL, CAMBIO EN LA DECISIÓN DE CEDER ÓRGANOS Y TEJIDOS)',NULL,1,2,'ORDINARIO (DE 17 AÑOS A MÁS): S/ 24.00 (NOMBRES, APELLIDOS Y/O ESTADO CIVIL) S/ 22.00 (DOMICILIO, CAMBIO EN LA DECISIÓN DE CEDER ÓRGANOS Y TEJIDOS)','Requisitos Generales:\r\n1. Documento sustentatorio de la rectificación que se solicita.\r\n2. Voucher de pago.\r\n3. En caso de menor de edad, la rectificación debe realizarse por el declarante que realizó el último trámite del menor. \r\nNota: La vigencia del último DNI debe ser mayor a 60 días antes de su fecha de caducidad. Menor de Edad: El declarante debe exhibir su DNI. Requisitos Específicos:\r\n- Cambio en la decisión de ceder órganos y tejidos: Ninguno (Declarativo)\r\nA. Nombres y Apellidos:\r\n-Vía Judicial: Copia simple de la Resolución Judicial de la Rectificación.\r\n-Vía Notarial: Copia Certificada y copia simple de la Escritura Pública Rectificatoria.\r\n-Vía Administrativa: Copia Certificada y copia simple del expediente administrativo y Resolución Registral de la Rectificación.\r\nB. Domicilio: Recibo de servicio público (luz, agua, cable, teléfono, arbitrios, etc.) en original y copia, con una antigüedad no mayor a 6 meses.\r\nC. Estado Civil:\r\na. Casado: Declaración Jurada indicando esa condición según el formato de RENIEC o la Copia Certificada del Acta de Matrimonio.*\r\n- Mujeres casadas (apellido del esposo): Copia Certificada del Acta de Matrimonio Civil.\r\nb. Divorciado: Copia Certificada del Acta de Matrimonio expedida por el Registro del Estado Civil con la anotación marginal de la disolución del vínculo matrimonial.\r\nc. Viudo: Declaración Jurada de Matrimonio y copia certificada del Acta de Defunción del cónyuge, expedida por el Registro del Estado Civil.\r\nd. De Casado a Soltero:\r\n- Administrativamente: Resolución emitida por la Sub Gerencia de Depuración de Identificación, que resuelve rectificar el dato del estado civil.\r\n- Por Mandato Judicial: Oficio y parte con resolución judicial consentida o ejecutoriada que corresponda.\r\nNota:\r\n- Anulación de vínculo matrimonial: Copia Certificada del Acta de Matrimonio Civil donde conste la anotación de nulidad y la copia certificada y simple de la resolución judicial firme. En este caso se revierte el estado civil anterior.\r\n- Las personas bautizadas antes del 14 de noviembre de 1936 pueden realizar su rectificación con la partida de bautismo autenticada por el notario eclesiástico\".\r\n* No será necesario presentar la Copia Certificada del Acta de Matrimonio cuando ésta se encuentra en el Sistema de Registros Civiles del RENIEC.','NO',1,NULL,'2023-11-16 16:24:35','2023-11-16 16:24:35'),(120,'RECTIFICACIÓN DE DATOS CON EMISIÓN DE DNI (NOMBRES, APELLIDOS, DOMICILIO, ESTADO CIVIL, CAMBIO EN LA DECISIÓN DE CEDER ÓRGANOS Y TEJIDOS)',NULL,1,2,'PERSONAS CON DISCAPACIDAD GRATUITO (NOMBRES, APELLIDOS, DOMICILIO Y/O ESTADO CIVIL)','Requisitos Generales:\r\n1. Documento sustentatorio de la rectificación que se solicita.\r\n2. Voucher de pago.\r\n3. En caso de menor de edad, la rectificación debe realizarse por el declarante que realizó el último trámite del menor. \r\nNota: La vigencia del último DNI debe ser mayor a 60 días antes de su fecha de caducidad. Menor de Edad: El declarante debe exhibir su DNI. Requisitos Específicos:\r\n- Cambio en la decisión de ceder órganos y tejidos: Ninguno (Declarativo)\r\nA. Nombres y Apellidos:\r\n-Vía Judicial: Copia simple de la Resolución Judicial de la Rectificación.\r\n-Vía Notarial: Copia Certificada y copia simple de la Escritura Pública Rectificatoria.\r\n-Vía Administrativa: Copia Certificada y copia simple del expediente administrativo y Resolución Registral de la Rectificación.\r\nB. Domicilio: Recibo de servicio público (luz, agua, cable, teléfono, arbitrios, etc.) en original y copia, con una antigüedad no mayor a 6 meses.\r\nC. Estado Civil:\r\na. Casado: Declaración Jurada indicando esa condición según el formato de RENIEC o la Copia Certificada del Acta de Matrimonio.*\r\n- Mujeres casadas (apellido del esposo): Copia Certificada del Acta de Matrimonio Civil.\r\nb. Divorciado: Copia Certificada del Acta de Matrimonio expedida por el Registro del Estado Civil con la anotación marginal de la disolución del vínculo matrimonial.\r\nc. Viudo: Declaración Jurada de Matrimonio y copia certificada del Acta de Defunción del cónyuge, expedida por el Registro del Estado Civil.\r\nd. De Casado a Soltero:\r\n- Administrativamente: Resolución emitida por la Sub Gerencia de Depuración de Identificación, que resuelve rectificar el dato del estado civil.\r\n- Por Mandato Judicial: Oficio y parte con resolución judicial consentida o ejecutoriada que corresponda.\r\nNota:\r\n- Anulación de vínculo matrimonial: Copia Certificada del Acta de Matrimonio Civil donde conste la anotación de nulidad y la copia certificada y simple de la resolución judicial firme. En este caso se revierte el estado civil anterior.\r\n- Las personas bautizadas antes del 14 de noviembre de 1936 pueden realizar su rectificación con la partida de bautismo autenticada por el notario eclesiástico\".\r\n* No será necesario presentar la Copia Certificada del Acta de Matrimonio cuando ésta se encuentra en el Sistema de Registros Civiles del RENIEC.','NO',1,NULL,'2023-11-16 16:24:53','2023-11-16 16:24:53'),(121,'RECTIFICACIÓN DE DATOS SIN EMISIÓN DE DNI (GRADO DE INSTRUCCIÓN, ESTATURA)',NULL,1,2,'ORDINARIO (CUALQUIER EDAD): S/ 16.00 PERSONAS CON DISCAPACIDAD GRATUITO','Requisitos Generales:\r\n1. Menores de 07 años deben presenta 01 Fotografía actualizada tamaño pasaporte a color con fondo blanco, sin retoques, sin lentes, sin prendas en la cabeza. \r\nMayores de 07 años las fotografías se toma mediante captura en vivo.\r\n2. Voucher de pago.\r\nRequisitos Específicos:\r\nA. Rectificación de situación de discapacidad: Para las personas que se encuentran registradas como discapacitadas y al haber cesado su situación de discapacidad desean retirar dicha condición de su inscripción:\r\n- Informe médico expedido por autoridad competente','NO',1,NULL,'2023-11-16 16:25:38','2023-11-16 16:25:38'),(122,'RECTIFICACIÓN DE DATOS CON EMISIÓN DE DNI (REGISTRO DE DISCAPACIDAD)',NULL,1,2,'GRATUITO','Requisitos Generales:\r\n1. Una Fotografía actualizadas tamaño pasaporte a color en fondo blanco, sin retoques , sin lentes, sin prendas en la cabeza excepto las religiosas.\r\nRequisitos Específicos:\r\nA. Registro de Discapacidad: Original y copia simple del Certificado de Discapacidad en el formato aprobado por el MINSA o de la Constancia Médica de Discapacidad, que señale la discapacidad (Física, Sensorial, Mental, Intelectual).\r\n* Nota:\r\n- Personas con Discapacidad mental o intelectual, que no puedan efectuar por si mismos el procedimiento: Exhibir el DNI de los padres o de uno de ellos, de los abuelos o de quien ejerza su cuidado.\r\n- Las personas con discapacidad, podrán efectuar el trámite de manera personal y directa u opcionalmente asistidos por quien ejerza su cuidado.\r\n- Sólo se consignará la condición de discapacidad del titular de la inscripción en el DNI o Padrón Electoral, a solicitud del interesado.','NO',1,NULL,'2023-11-16 16:26:51','2023-11-16 16:26:51'),(123,'RENOVACIÓN DE DNI / RECTIFICACIÓN DE IMAGEN Y DATOS',NULL,1,2,'PARA MENOR DE EDAD (HASTA LOS 16 AÑOS): S/ 16.00 ORDINARIO (DE 17 AÑOS A MÁS): S/ 30.00 PERSONAS CON DISCAPACIDAD GRATUITO','Requisitos Generales:\r\n1. Procede dentro de los 60 días previos al vencimiento del DNI.\r\n2. Menores de 07 años deben presenta 01 Fotografía actualizada tamaño pasaporte a color con fondo blanco, sin retoques, sin lentes, sin prendas en la cabeza. \r\nMayores de 07 años las fotografías se toma mediante captura en vivo.\r\n3. Voucher de pago.\r\nRequisitos Específicos:\r\n- Personas con Discapacidad:\r\nA. Original y copia simple del Certificado de Discapacidad en el formato aprobado por el MINSA o de la Constancia Médica de Discapacidad, que señale la discapacidad (Física, Sensorial, Mental, Intelectual).','NO',1,NULL,'2023-11-16 16:33:06','2023-11-16 16:33:06'),(124,'ENTREGA DE DNI',NULL,1,2,'GRATUITO','Requisitos Generales:\r\n1. Voucher de tramite realizado \r\nNota: Para DNI realizado por Tramite Web o DNI electronico el recogo es personal.','NO',1,NULL,'2023-11-16 16:34:01','2023-11-16 16:34:01'),(125,'CERTIFICADO DE INSCRIPCIÓN DE IDENTIDAD (C4-FICHA RENIEC) - ADULTOS',NULL,1,2,'4.50','1. Voucher de pago en original','NO',1,NULL,'2023-11-16 16:34:26','2023-11-16 16:34:26'),(126,'CERTIFICADO DE INSCRIPCIÓN DE IDENTIDAD (C4-FICHA RENIEC) - MENORES',NULL,1,2,'4.50','1. Voucher de pago en original.\r\nNota: En caso de menor de edad, el Certificado de Inscripción debe ser tramitado por el padre, la madre o por el declarante','NO',1,NULL,'2023-11-16 16:34:57','2023-11-16 16:34:57'),(127,'CERTIFICADO DE NOMBRES IGUALES - HOMONIMIA',NULL,1,2,'4.10','1. Voucher de pago en original.\r\nNota: En caso de menor de edad, el Certificado de Inscripción debe ser tramitado por el padre, la madre o por el declarante.','NO',1,NULL,'2023-11-16 16:36:16','2023-11-16 16:36:16'),(128,'CONSTANCIA NEGATIVA DE INSCRIPCIÓN DE MATRIMONIO',NULL,1,2,'4.10','1. Voucher de pago en original.\r\nNota: Este servicio sólo está disponible para actas de distritos incorporados al sistema de RENIEC.','NO',1,NULL,'2023-11-16 16:37:20','2023-11-16 16:37:20'),(129,'COPIA LITERAL DE ACTA DE MATRIMONIO (REGISTRADO EN RENIEC)',NULL,1,2,'12.00','1. Voucher de pago en original.\r\nNota: Este servicio sólo está disponible para actas de distritos incorporados al sistema de RENIEC','NO',1,NULL,'2023-11-16 16:38:00','2023-11-16 16:38:00'),(130,'COPIA LITERAL DE PARTIDA DE DEFUNCIÓN (REGISTRADO EN RENIEC)',NULL,1,2,'12.00','1. Voucher de pago en original.\r\nNota: Este servicio sólo está disponible para actas de distritos incorporados al sistema de RENIEC','NO',1,NULL,'2023-11-16 16:38:54','2023-11-16 16:38:54'),(131,'COPIA LITERAL DE PARTIDA DE NACIMIENTO (REGISTRADO EN RENIEC)',NULL,1,2,'12.00','1. Voucher de pago en original.\r\nNota: Este servicio sólo está disponible para actas de distritos incorporados al sistema de RENIEC','NO',1,NULL,'2023-11-16 16:39:16','2023-11-16 16:39:16'),(132,'QUIERO MI PENSIÓN',NULL,1,1,'GRATUITO','PENSION DE JUBILACIÓN: Documentos que acrediten la relación laboral o declaración jurada simple que compruebe el vínculo laboral. Estos pueden ser: Certificados de trabajo, Boletas de pago de remuneraciones, Liquidación de tiempo de servicios o de beneficios sociales, Constancias de aportaciones de la Oficina de Registro y Cuenta Individual Nacional de Empleadores Asegurados (Orcinea) emitido por el Instituto Peruano de Seguridad Social (IPSS) o del Seguro Social de Salud (EsSalud), cualquier documento público de acuerdo al artículo 235 del Código Procesal Civil, Copia simple de los Certificados de Pago Regular (CPR), Certificados de Pago Especial (CPE) u otros comprobantes de pago emitidos por el ex Instituto Peruano de Seguridad Social (IPSS) o EsSalud, siempre que dicha información no se encuentre en los sistemas que administra la ONP. Partida de matrimonio civil, part de nacimiento/ DNI de hijos menores.\r\n\r\nPENSION DE INVALIDEZ: Certificado Médico de Discapacidad emitido por el Seguro Social de Salud (EsSalud), establecimientos de salud pública del Minsa o Entidades Prestadoras de Salud, Documentos que acrediten la relación laboral o declaración jurada simple que compruebe el vínculo laboral. Estos pueden ser: Certificados de trabajo, Boletas de pago de remuneraciones, Liquidación de tiempo de servicios o de beneficios sociales, Constancias de aportaciones de la Oficina de Registro y Cuenta Individual Nacional de Empleadores Asegurados (Orcinea) emitido por el Instituto Peruano de Seguridad Social (IPSS) o del Seguro Social de Salud (EsSalud), cualquier documento público de acuerdo al artículo 235 del Código Procesal Civil, Copia simple de los Certificados de Pago Regular (CPR), Certificados de Pago Especial (CPE) u otros comprobantes de pago emitidos por el ex Instituto Peruano de Seguridad Social (IPSS) o EsSalud, siempre que dicha información no se encuentre en los sistemas que administra la ONP, Partida De Matrimonio Civil, part De Nacimiento /DNI De Hijos Menores Y Otros Según Art. 235 Del Código Procesal Civil.\r\n\r\nPENSIÓN DE VIUDEZ CnP: partida de matrimonio civil/ declaratoria de unión de hecho (judicial e inscrito en SUNARP), acta de defunción (opcional) y Ref al causante documentos que acrediten la relación laboral o declaración jurada simple que compruebe el vínculo laboral. Estos pueden ser: Certificados de trabajo, Boletas de pago de remuneraciones, Liquidación de tiempo de servicios o de beneficios sociales, Constancias de aportaciones de la Oficina de Registro y Cuenta Individual Nacional de Empleadores Asegurados (Orcinea) emitido por el Instituto Peruano de Seguridad Social (IPSS) o del Seguro Social de Salud (EsSalud), cualquier documento público de acuerdo al artículo 235 del Código Procesal Civil, Copia simple de los Certificados de Pago Regular (CPR), Certificados de Pago Especial (CPE) u otros comprobantes de pago emitidos por el ex Instituto Peruano de Seguridad Social (IPSS) o EsSalud, siempre que dicha información no se encuentre en los sistemas que administra la ONP, partida de matrimonio civil, part de nacimiento/DNI de hijos menores y otros según art. 235 del código procesal civil. \r\n\r\nPENSIÓN DE VIUDEZ CP: partida de matrimonio civil/ declaratoria de unión de hecho (judicial e inscrito en SUNARP) y acta de defunción (opcional).\r\n\r\nPENSIÓN DE ORFANDAD CnP: Pensión de Orfandad - REF AL CAUSANTE Documentos que acrediten la relación laboral o declaración jurada simple que compruebe el vínculo laboral. Estos pueden ser: Certificados de trabajo, Boletas de pago de remuneraciones, Liquidación de tiempo de servicios o de beneficios sociales, Constancias de aportaciones de la Oficina de Registro y Cuenta Individual Nacional de Empleadores Asegurados (Orcinea) emitido por el Instituto Peruano de Seguridad Social (IPSS) o del Seguro Social de Salud (EsSalud), cualquier documento público de acuerdo al artículo 235 del Código Procesal Civil, Copia simple de los Certificados de Pago Regular (CPR), Certificados de Pago Especial (CPE) u otros comprobantes de pago emitidos por el ex Instituto Peruano de Seguridad Social (IPSS) o EsSalud, siempre que dicha información no se encuentre en los sistemas que administra la ONP, partida de matrimonio civil, part de nacimiento /DNI de hijos menores y otros según art. 235 del código procesal civil, partida de nacimiento/DNI, acta de defunción (opcional), Pensión de Orfandad - Estudios (adicional a los requisitos señalados para la Pensión de Orfandad - Menores de 18): Certificado o Constancia de Estudios, Matrícula, Ingreso o Reporte de Notas del correspondiente centro de estudios. Pensión de Orfandad - Discapacidad (adicional a los requisitos señalados para la Pensión de Orfandad - Menores de 18): Copia simple del Certificado Médico de Invalidez emitido por EsSalud, establecimientos de salud pública del Ministerio de Salud o Entidades Prestadoras de Salud.\r\n\r\nPENSIÓN DE ORFANDAD CP: Partida De Nacimiento/DNI, Acta De Defunción (opcional), Pensión de Orfandad - Estudios (adicional a los requisitos señalados para la Pensión de Orfandad - Menores de 18): Certificado o Constancia de Estudios, Matrícula, Ingreso o Reporte de Notas del correspondiente centro de estudios. Pensión de Orfandad - Discapacidad (adicional a los requisitos señalados para la Pensión de Orfandad - Menores de 18): Copia simple del Certificado Médico de Invalidez emitido por EsSalud, establecimientos de salud pública del Ministerio de Salud o Entidades Prestadoras de Salud.\r\n\r\nPENSIÓN DE ASCENDIENTE: Padre mayor de 60 y madre con 55 o más años de edad. Copia simple del Certificado Médico de discapacidad de corresponder. El certificado médico debe ser expedido por EsSalud, establecimientos de salud pública del Ministerio de Salud o Entidades Prestadoras de Salud, DJ de no ser Pensionista Adjuntar Del Causante Documentos que acrediten la relación laboral o declaración jurada simple que compruebe el vínculo laboral. Estos pueden ser: Certificados de trabajo, Boletas de pago de remuneraciones, Liquidación de tiempo de servicios o de beneficios sociales, Constancias de aportaciones de la Oficina de Registro y Cuenta Individual Nacional de Empleadores Asegurados (Orcinea) emitido por el Instituto Peruano de Seguridad Social (IPSS) o del Seguro Social de Salud (EsSalud), cualquier documento público de acuerdo al artículo 235 del Código Procesal Civil, Copia simple de los Certificados de Pago Regular (CPR), Certificados de Pago Especial (CPE) u otros comprobantes de pago emitidos por el ex Instituto Peruano de Seguridad Social (IPSS) o EsSalud, siempre que dicha información no se\r\nencuentre en los sistemas que administra la ONP.\r\n\r\nPENSIÓN DE JUBILACIÓN PROPORCIONAL ESPECIAL: Copia simple de los documentos que acrediten la relación laboral o declaración jurada simple que compruebe el vínculo laboral. Estos pueden ser: Certificados de trabajo, Boletas de pago de remuneraciones, Liquidación de tiempo de servicios o de beneficios sociales, Constancias de aportaciones de la Oficina de Registro y Cuenta Individual Nacional de Empleadores Asegurados (Orcinea) emitido por el Instituto Peruano de Seguridad Social (IPSS) o del Seguro Social de Salud (EsSalud), cualquier documento público de acuerdo al artículo 235 del Código Procesal Civil, Copia simple de los Certificados de Pago Regular (CPR), Certificados de Pago Especial (CPE) u otros comprobantes de pago emitidos por el ex Instituto Peruano de Seguridad Social (IPSS) o EsSalud, siempre que dicha información no se encuentre en los sistemas que administra la ONP','NO',1,NULL,'2023-11-16 16:40:26','2023-11-16 16:40:26'),(133,'QUIERO MI CLAVE VIRTUAL',NULL,1,1,'GRATUITO','Presentar DNI o Carnet de Extrenjeria, aportante o pensionista.','NO',1,NULL,'2023-11-16 16:41:25','2023-11-16 16:41:25'),(134,'PAGO A DOMICILIO',NULL,1,1,'GRATUITO','Presentar DNI de pensionista','NO',1,NULL,'2023-11-16 16:41:47','2023-11-16 16:41:47'),(135,'CRONOGRAMA DE PAGOS',NULL,1,1,'GRATUITO','Presentar DNI de pensionista','NO',1,NULL,'2023-11-16 16:42:08','2023-11-16 16:42:08'),(136,'BOLETAS DE PAGO',NULL,1,1,'GRATUITO','Presentar DNI de pensionista','NO',1,NULL,'2023-11-16 16:42:37','2023-11-16 16:42:37'),(137,'OTRAS SOLICITUDES DE ORIENTACIÓN',NULL,1,1,'GRATUITO','Presentar DNI o Carnet de Extrenjeria.','NO',1,NULL,'2023-11-16 16:42:58','2023-11-16 16:42:58'),(138,'TRANSF. DE CAPITAL SOCIAL',NULL,1,2,'GRATUITO','1.Carta solicitando la transferencia del depósito de capital social MYPE a una cuenta \r\ncorriente del cliente en el Banco.\r\n2. Documento Nacional de Identidad: DNI de los socios.\r\n3. Certificado de Depósito de Capital Social de Personas Jurídicas en Formación, \r\nentregado por el Banco cuando se constituyó el depósito','NO',1,NULL,'2023-11-16 16:43:25','2023-11-16 16:43:25'),(139,'DEPÓSITO DE CAPITA SOCIAL',NULL,1,2,'GRATUITO','1. Documento Nacional de Identidad: DNI.\r\n2. Certificado de Depósito de Capital Social de Personas Jurídicas en Formación.','NO',1,NULL,'2023-11-16 16:43:42','2023-11-16 16:43:42'),(140,'DEP. CUENTA CORRIENTE MYPE',NULL,1,2,'GRATUITO','1. Papeleta de depósito en cuenta corriente debidamente llenada','NO',1,NULL,'2023-11-16 16:44:05','2023-11-16 16:44:05'),(141,'DEVOLUCIÓN DE CAPITAL SOCIAL',NULL,1,2,'GRATUITO','1. Carta solicitando la devolución del depósito de capital social MYPE.\r\n2. Certificado de Depósito de Capital Social de Personas Jurídicas en Formación, entregado por\r\nel Banco cuando se constituyó el depósito.\r\n3. Documento Nacional de Identidad: DNI, de los socios.\r\n4. Copia simple del DNI del depositante.','NO',1,NULL,'2023-11-16 16:44:26','2023-11-16 16:44:26'),(142,'PAGO DE TASAS',NULL,1,2,'DE ACUERDO AL TRÁMITE REALIZADO','1. Tipo y Número de Documento de Identidad del Titular del trámite.\r\n2. Concepto de Pago.\r\n3. Importe de pago.','NO',1,NULL,'2023-11-16 16:44:45','2023-11-16 16:49:24'),(143,'PAGO DE PENSIONISTAS Y TRABAJADORES DEL SECTOR PÚBLICO',NULL,1,2,'GRATUITO','1. Documento Nacional de Identidad: DNI.','NO',1,NULL,'2023-11-16 16:45:05','2023-11-16 16:45:05'),(144,'PENSIÓN 65 Y PROGRAMA JUNTOS',NULL,1,2,'GRATUITO','1. Documento Nacional de Identidad: DNI.\r\n*Adicionalmente si cuenta con tarjeta multired debe presentarlo.','NO',1,NULL,'2023-11-16 16:49:50','2023-11-16 16:49:50'),(145,'PAGO DE BONOS',NULL,1,2,'GRATUITO','1. Documento Nacional de Identidad: DNI.','NO',1,NULL,'2023-11-16 16:50:05','2023-11-16 16:50:05'),(146,'DEPÓSITO EN CTA. DE AHORROS',NULL,1,2,'COSTO DE TRASLADO DE FONDOS DE UNA PLAZA A OTRA POR DEPOSITOS Y TRANSFERENCIAS ES EL SIGUIENTE: - AHORRO SECTOR PUBLICO: EXCEDENTES A S/ 5,000.00 COMISION 0.50%, Y COSTO MINIMO S/ 5.00 SOLES EN MN, MAS EL ITF. - AHORRO ÚNICA OFERTA BANCARIA (UOB): EXCEDENTES A S/ 500.00 TIENE UNA COMISION 0.50%, POR OPERACIÓN MAS EL ITF.','1. Tipo y Número de Documento de Identidad del Titular del trámite.\r\n2. Importe de pago.\r\n3. Número de cuenta','NO',1,NULL,'2023-11-16 16:50:22','2023-11-16 16:50:22'),(147,'PAGO DE MULTAS ELECTORALES',NULL,1,2,'DE ACUERDO AL TRÁMITE REALIZADO','1. Tipo y Número de Documento de Identidad del Titular del trámite.','NO',1,NULL,'2023-11-16 16:50:43','2023-11-16 16:50:43'),(148,'EMISIÓN DE GIRO MONEDA NACIONAL',NULL,1,2,'\'- MONTOS MENORES O IGUALES A S/ 1,000.00 EL COSTO POR OPERACIÓN ES S/ 5.00 MAS EL ITF. - MONTOS MAYORES A S/ 1,000.00 EL COSTO POR OPERACIÓN ES 0.50% MAS ITF.','1. El cliente debe indicar el numero de DNI de la persona que va a recibir el giro','NO',1,NULL,'2023-11-16 16:51:00','2023-11-16 16:51:00'),(149,'PAGO DE GIRO MONEDA NACIONAL',NULL,1,2,'GRATUITO','1. Documento Nacional de Identidad: DNI.','NO',1,NULL,'2023-11-16 16:51:16','2023-11-16 16:51:16'),(150,'OTROS SERVICIOS',NULL,1,1,'DE ACUERDO AL TRÁMITE REALIZADO','1. Tipo y Número de Documento de Identidad del Titular del trámite.\r\n2. Concepto de Pago.\r\n3. Importe de pago.','NO',1,'Orientación: SI','2023-11-16 16:51:34','2023-11-17 20:28:57'),(151,'RECTIFICACION DE DECLARACION JURADA DE IMPUESTO PREDIAL',NULL,1,1,'69.00','* Solicitud y/o formato FUT.\r\n* Exhibir DNI\r\n* Declaración jurada de autovalúo en formato HR - PU.\r\n* Copia Simple del documento que acredite la transferencia parcial o total, modificación de características (aumento o disminución lo que corresponda).\r\n* Pago por derecho de trámite, por unidad inmobiliaria.\r\n* En caso de representante o apoderado, adjuntar poder con firma legalizada.','NO',1,NULL,'2023-11-17 20:42:29','2023-11-17 20:51:19'),(152,'BAJA DE CODIGO Y/O ANEXO',NULL,1,1,'12.00','* Solicitud y/o formato FUT.\r\n* Exhibir DNI.\r\n* Declaración Jurada de autovalúo en formato HR-PU\r\n* Copia simple del documento que acredite la baja.\r\n* En caso de representante o apoderado, adjuntar poder con firma legalizada.\r\n* En los documentos que se solicite copia simple, deberá adjuntar declaración jurada acerca de su autenticidad.','NO',1,NULL,'2023-11-17 20:46:54','2023-11-17 23:09:59');

UNLOCK TABLES;

/*Table structure for table `d_estado_asignacion` */

DROP TABLE IF EXISTS `d_estado_asignacion`;

CREATE TABLE `d_estado_asignacion` (
  `IDESTADO_ASIG` int NOT NULL AUTO_INCREMENT,
  `NOMBRE_ESTADO_ASIG` varchar(200) DEFAULT NULL,
  `COLOR` varchar(120) DEFAULT NULL,
  PRIMARY KEY (`IDESTADO_ASIG`)
) ENGINE=InnoDB AUTO_INCREMENT=5 DEFAULT CHARSET=utf8mb4 COLLATE=utf8mb4_0900_ai_ci;

/*Data for the table `d_estado_asignacion` */

LOCK TABLES `d_estado_asignacion` WRITE;

insert  into `d_estado_asignacion`(`IDESTADO_ASIG`,`NOMBRE_ESTADO_ASIG`,`COLOR`) values (1,'BORRADOR',NULL),(2,'APROBADO',NULL),(3,'FIRMADO',NULL),(4,'DEVUELTO',NULL);

UNLOCK TABLES;

/*Table structure for table `d_personal_fam` */

DROP TABLE IF EXISTS `d_personal_fam`;

CREATE TABLE `d_personal_fam` (
  `IDDATOS_PERSONAL` int NOT NULL AUTO_INCREMENT,
  `IDPERSONAL` int DEFAULT NULL,
  `DATOS_NOMBRES` varchar(200) DEFAULT NULL,
  `DATOS_PARENTESCO` varchar(200) DEFAULT NULL,
  `DATOS_ACTIVIDAD` varchar(200) DEFAULT NULL,
  `DATOS_EDAD` varchar(100) CHARACTER SET utf8mb4 COLLATE utf8mb4_0900_ai_ci DEFAULT NULL,
  `FLAG` tinyint DEFAULT '1',
  `CREATED_AT` timestamp NULL DEFAULT NULL,
  `UPDATED_AT` timestamp NULL DEFAULT NULL,
  PRIMARY KEY (`IDDATOS_PERSONAL`),
  KEY `fk_d_personal_fam_m_personal` (`IDPERSONAL`),
  CONSTRAINT `fk_d_personal_fam_m_personal` FOREIGN KEY (`IDPERSONAL`) REFERENCES `m_personal` (`IDPERSONAL`)
) ENGINE=InnoDB AUTO_INCREMENT=8 DEFAULT CHARSET=utf8mb4 COLLATE=utf8mb4_0900_ai_ci;

/*Data for the table `d_personal_fam` */

LOCK TABLES `d_personal_fam` WRITE;

insert  into `d_personal_fam`(`IDDATOS_PERSONAL`,`IDPERSONAL`,`DATOS_NOMBRES`,`DATOS_PARENTESCO`,`DATOS_ACTIVIDAD`,`DATOS_EDAD`,`FLAG`,`CREATED_AT`,`UPDATED_AT`) values (4,54,'FABRICIO PAULLO LAGUNA','HIJO','ESTUDIANTE','16',1,NULL,NULL),(5,54,'FIORELLA PAULLO LAGUNA','HIJA','ESTUDIANTE','15',1,NULL,NULL),(6,54,'JACINTO LAGUNA RIVERA','PADRE','CESANTE','83',1,NULL,NULL);

UNLOCK TABLES;

/*Table structure for table `d_personal_gradoi` */

DROP TABLE IF EXISTS `d_personal_gradoi`;

CREATE TABLE `d_personal_gradoi` (
  `IDGI` int NOT NULL AUTO_INCREMENT,
  `GI_DESCRIPCION` varchar(200) DEFAULT NULL,
  `GI_ABREV` varchar(100) DEFAULT NULL,
  PRIMARY KEY (`IDGI`)
) ENGINE=InnoDB DEFAULT CHARSET=utf8mb4 COLLATE=utf8mb4_0900_ai_ci;

/*Data for the table `d_personal_gradoi` */

LOCK TABLES `d_personal_gradoi` WRITE;

UNLOCK TABLES;

/*Table structure for table `d_personal_tipodoc` */

DROP TABLE IF EXISTS `d_personal_tipodoc`;

CREATE TABLE `d_personal_tipodoc` (
  `IDTIPO_DOC` int NOT NULL AUTO_INCREMENT,
  `TIPODOC_DESCRIPCION` varchar(200) DEFAULT NULL,
  `TIPODOC_ABREV` varchar(100) DEFAULT NULL,
  PRIMARY KEY (`IDTIPO_DOC`)
) ENGINE=InnoDB AUTO_INCREMENT=2 DEFAULT CHARSET=utf8mb4 COLLATE=utf8mb4_0900_ai_ci;

/*Data for the table `d_personal_tipodoc` */

LOCK TABLES `d_personal_tipodoc` WRITE;

insert  into `d_personal_tipodoc`(`IDTIPO_DOC`,`TIPODOC_DESCRIPCION`,`TIPODOC_ABREV`) values (1,'DOCUMENTO NACIONAL DE IDENTIDAD','DNI');

UNLOCK TABLES;

/*Table structure for table `d_personal_tipovl` */

DROP TABLE IF EXISTS `d_personal_tipovl`;

CREATE TABLE `d_personal_tipovl` (
  `IDTVL` int NOT NULL AUTO_INCREMENT,
  `TVL_DESCRIPCION` varchar(250) DEFAULT NULL,
  `TVL_ABREV` varchar(150) DEFAULT NULL,
  PRIMARY KEY (`IDTVL`)
) ENGINE=InnoDB DEFAULT CHARSET=utf8mb4 COLLATE=utf8mb4_0900_ai_ci;

/*Data for the table `d_personal_tipovl` */

LOCK TABLES `d_personal_tipovl` WRITE;

UNLOCK TABLES;

/*Table structure for table `departamento` */

DROP TABLE IF EXISTS `departamento`;

CREATE TABLE `departamento` (
  `IDDEPARTAMENTO` int NOT NULL AUTO_INCREMENT,
  `NAME_DEPARTAMENTO` varchar(250) DEFAULT NULL,
  PRIMARY KEY (`IDDEPARTAMENTO`)
) ENGINE=InnoDB AUTO_INCREMENT=26 DEFAULT CHARSET=utf8mb4 COLLATE=utf8mb4_0900_ai_ci;

/*Data for the table `departamento` */

LOCK TABLES `departamento` WRITE;

insert  into `departamento`(`IDDEPARTAMENTO`,`NAME_DEPARTAMENTO`) values (1,'Amazonas'),(2,'Áncash'),(3,'Apurímac'),(4,'Arequipa'),(5,'Ayacucho'),(6,'Cajamarca'),(7,'Callao'),(8,'Cusco'),(9,'Huancavelica'),(10,'Huánuco'),(11,'Ica'),(12,'Junín'),(13,'La Libertad'),(14,'Lambayeque'),(15,'Lima'),(16,'Loreto'),(17,'Madre de Dios'),(18,'Moquegua'),(19,'Pasco'),(20,'Piura'),(21,'Puno'),(22,'San Martín'),(23,'Tacna'),(24,'Tumbes'),(25,'Ucayali');

UNLOCK TABLES;

/*Table structure for table `distrito` */

DROP TABLE IF EXISTS `distrito`;

CREATE TABLE `distrito` (
  `IDDISTRITO` int NOT NULL AUTO_INCREMENT,
  `NAME_DISTRITO` varchar(250) CHARACTER SET utf8mb4 COLLATE utf8mb4_0900_ai_ci DEFAULT NULL,
  `PROVINCIA_ID` int DEFAULT NULL,
  `DEPARTAMENTO_ID` int DEFAULT NULL,
  PRIMARY KEY (`IDDISTRITO`),
  KEY `fk_distrito_provincia` (`PROVINCIA_ID`),
  CONSTRAINT `fk_distrito_provincia` FOREIGN KEY (`PROVINCIA_ID`) REFERENCES `provincia` (`IDPROVINCIA`)
) ENGINE=InnoDB AUTO_INCREMENT=250402 DEFAULT CHARSET=utf8mb4 COLLATE=utf8mb4_0900_ai_ci;

/*Data for the table `distrito` */

LOCK TABLES `distrito` WRITE;

insert  into `distrito`(`IDDISTRITO`,`NAME_DISTRITO`,`PROVINCIA_ID`,`DEPARTAMENTO_ID`) values (10101,'Chachapoyas',101,1),(10102,'Asunción',101,1),(10103,'Balsas',101,1),(10104,'Cheto',101,1),(10105,'Chiliquin',101,1),(10106,'Chuquibamba',101,1),(10107,'Granada',101,1),(10108,'Huancas',101,1),(10109,'La Jalca',101,1),(10110,'Leimebamba',101,1),(10111,'Levanto',101,1),(10112,'Magdalena',101,1),(10113,'Mariscal Castilla',101,1),(10114,'Molinopampa',101,1),(10115,'Montevideo',101,1),(10116,'Olleros',101,1),(10117,'Quinjalca',101,1),(10118,'San Francisco de Daguas',101,1),(10119,'San Isidro de Maino',101,1),(10120,'Soloco',101,1),(10121,'Sonche',101,1),(10201,'Bagua',102,1),(10202,'Aramango',102,1),(10203,'Copallin',102,1),(10204,'El Parco',102,1),(10205,'Imaza',102,1),(10206,'La Peca',102,1),(10301,'Jumbilla',103,1),(10302,'Chisquilla',103,1),(10303,'Churuja',103,1),(10304,'Corosha',103,1),(10305,'Cuispes',103,1),(10306,'Florida',103,1),(10307,'Jazan',103,1),(10308,'Recta',103,1),(10309,'San Carlos',103,1),(10310,'Shipasbamba',103,1),(10311,'Valera',103,1),(10312,'Yambrasbamba',103,1),(10401,'Nieva',104,1),(10402,'El Cenepa',104,1),(10403,'Río Santiago',104,1),(10501,'Lamud',105,1),(10502,'Camporredondo',105,1),(10503,'Cocabamba',105,1),(10504,'Colcamar',105,1),(10505,'Conila',105,1),(10506,'Inguilpata',105,1),(10507,'Longuita',105,1),(10508,'Lonya Chico',105,1),(10509,'Luya',105,1),(10510,'Luya Viejo',105,1),(10511,'María',105,1),(10512,'Ocalli',105,1),(10513,'Ocumal',105,1),(10514,'Pisuquia',105,1),(10515,'Providencia',105,1),(10516,'San Cristóbal',105,1),(10517,'San Francisco de Yeso',105,1),(10518,'San Jerónimo',105,1),(10519,'San Juan de Lopecancha',105,1),(10520,'Santa Catalina',105,1),(10521,'Santo Tomas',105,1),(10522,'Tingo',105,1),(10523,'Trita',105,1),(10601,'San Nicolás',106,1),(10602,'Chirimoto',106,1),(10603,'Cochamal',106,1),(10604,'Huambo',106,1),(10605,'Limabamba',106,1),(10606,'Longar',106,1),(10607,'Mariscal Benavides',106,1),(10608,'Milpuc',106,1),(10609,'Omia',106,1),(10610,'Santa Rosa',106,1),(10611,'Totora',106,1),(10612,'Vista Alegre',106,1),(10701,'Bagua Grande',107,1),(10702,'Cajaruro',107,1),(10703,'Cumba',107,1),(10704,'El Milagro',107,1),(10705,'Jamalca',107,1),(10706,'Lonya Grande',107,1),(10707,'Yamon',107,1),(20101,'Huaraz',201,2),(20102,'Cochabamba',201,2),(20103,'Colcabamba',201,2),(20104,'Huanchay',201,2),(20105,'Independencia',201,2),(20106,'Jangas',201,2),(20107,'La Libertad',201,2),(20108,'Olleros',201,2),(20109,'Pampas Grande',201,2),(20110,'Pariacoto',201,2),(20111,'Pira',201,2),(20112,'Tarica',201,2),(20201,'Aija',202,2),(20202,'Coris',202,2),(20203,'Huacllan',202,2),(20204,'La Merced',202,2),(20205,'Succha',202,2),(20301,'Llamellin',203,2),(20302,'Aczo',203,2),(20303,'Chaccho',203,2),(20304,'Chingas',203,2),(20305,'Mirgas',203,2),(20306,'San Juan de Rontoy',203,2),(20401,'Chacas',204,2),(20402,'Acochaca',204,2),(20501,'Chiquian',205,2),(20502,'Abelardo Pardo Lezameta',205,2),(20503,'Antonio Raymondi',205,2),(20504,'Aquia',205,2),(20505,'Cajacay',205,2),(20506,'Canis',205,2),(20507,'Colquioc',205,2),(20508,'Huallanca',205,2),(20509,'Huasta',205,2),(20510,'Huayllacayan',205,2),(20511,'La Primavera',205,2),(20512,'Mangas',205,2),(20513,'Pacllon',205,2),(20514,'San Miguel de Corpanqui',205,2),(20515,'Ticllos',205,2),(20601,'Carhuaz',206,2),(20602,'Acopampa',206,2),(20603,'Amashca',206,2),(20604,'Anta',206,2),(20605,'Ataquero',206,2),(20606,'Marcara',206,2),(20607,'Pariahuanca',206,2),(20608,'San Miguel de Aco',206,2),(20609,'Shilla',206,2),(20610,'Tinco',206,2),(20611,'Yungar',206,2),(20701,'San Luis',207,2),(20702,'San Nicolás',207,2),(20703,'Yauya',207,2),(20801,'Casma',208,2),(20802,'Buena Vista Alta',208,2),(20803,'Comandante Noel',208,2),(20804,'Yautan',208,2),(20901,'Corongo',209,2),(20902,'Aco',209,2),(20903,'Bambas',209,2),(20904,'Cusca',209,2),(20905,'La Pampa',209,2),(20906,'Yanac',209,2),(20907,'Yupan',209,2),(21001,'Huari',210,2),(21002,'Anra',210,2),(21003,'Cajay',210,2),(21004,'Chavin de Huantar',210,2),(21005,'Huacachi',210,2),(21006,'Huacchis',210,2),(21007,'Huachis',210,2),(21008,'Huantar',210,2),(21009,'Masin',210,2),(21010,'Paucas',210,2),(21011,'Ponto',210,2),(21012,'Rahuapampa',210,2),(21013,'Rapayan',210,2),(21014,'San Marcos',210,2),(21015,'San Pedro de Chana',210,2),(21016,'Uco',210,2),(21101,'Huarmey',211,2),(21102,'Cochapeti',211,2),(21103,'Culebras',211,2),(21104,'Huayan',211,2),(21105,'Malvas',211,2),(21201,'Caraz',212,2),(21202,'Huallanca',212,2),(21203,'Huata',212,2),(21204,'Huaylas',212,2),(21205,'Mato',212,2),(21206,'Pamparomas',212,2),(21207,'Pueblo Libre',212,2),(21208,'Santa Cruz',212,2),(21209,'Santo Toribio',212,2),(21210,'Yuracmarca',212,2),(21301,'Piscobamba',213,2),(21302,'Casca',213,2),(21303,'Eleazar Guzmán Barron',213,2),(21304,'Fidel Olivas Escudero',213,2),(21305,'Llama',213,2),(21306,'Llumpa',213,2),(21307,'Lucma',213,2),(21308,'Musga',213,2),(21401,'Ocros',214,2),(21402,'Acas',214,2),(21403,'Cajamarquilla',214,2),(21404,'Carhuapampa',214,2),(21405,'Cochas',214,2),(21406,'Congas',214,2),(21407,'Llipa',214,2),(21408,'San Cristóbal de Rajan',214,2),(21409,'San Pedro',214,2),(21410,'Santiago de Chilcas',214,2),(21501,'Cabana',215,2),(21502,'Bolognesi',215,2),(21503,'Conchucos',215,2),(21504,'Huacaschuque',215,2),(21505,'Huandoval',215,2),(21506,'Lacabamba',215,2),(21507,'Llapo',215,2),(21508,'Pallasca',215,2),(21509,'Pampas',215,2),(21510,'Santa Rosa',215,2),(21511,'Tauca',215,2),(21601,'Pomabamba',216,2),(21602,'Huayllan',216,2),(21603,'Parobamba',216,2),(21604,'Quinuabamba',216,2),(21701,'Recuay',217,2),(21702,'Catac',217,2),(21703,'Cotaparaco',217,2),(21704,'Huayllapampa',217,2),(21705,'Llacllin',217,2),(21706,'Marca',217,2),(21707,'Pampas Chico',217,2),(21708,'Pararin',217,2),(21709,'Tapacocha',217,2),(21710,'Ticapampa',217,2),(21801,'Chimbote',218,2),(21802,'Cáceres del Perú',218,2),(21803,'Coishco',218,2),(21804,'Macate',218,2),(21805,'Moro',218,2),(21806,'Nepeña',218,2),(21807,'Samanco',218,2),(21808,'Santa',218,2),(21809,'Nuevo Chimbote',218,2),(21901,'Sihuas',219,2),(21902,'Acobamba',219,2),(21903,'Alfonso Ugarte',219,2),(21904,'Cashapampa',219,2),(21905,'Chingalpo',219,2),(21906,'Huayllabamba',219,2),(21907,'Quiches',219,2),(21908,'Ragash',219,2),(21909,'San Juan',219,2),(21910,'Sicsibamba',219,2),(22001,'Yungay',220,2),(22002,'Cascapara',220,2),(22003,'Mancos',220,2),(22004,'Matacoto',220,2),(22005,'Quillo',220,2),(22006,'Ranrahirca',220,2),(22007,'Shupluy',220,2),(22008,'Yanama',220,2),(30101,'Abancay',301,3),(30102,'Chacoche',301,3),(30103,'Circa',301,3),(30104,'Curahuasi',301,3),(30105,'Huanipaca',301,3),(30106,'Lambrama',301,3),(30107,'Pichirhua',301,3),(30108,'San Pedro de Cachora',301,3),(30109,'Tamburco',301,3),(30201,'Andahuaylas',302,3),(30202,'Andarapa',302,3),(30203,'Chiara',302,3),(30204,'Huancarama',302,3),(30205,'Huancaray',302,3),(30206,'Huayana',302,3),(30207,'Kishuara',302,3),(30208,'Pacobamba',302,3),(30209,'Pacucha',302,3),(30210,'Pampachiri',302,3),(30211,'Pomacocha',302,3),(30212,'San Antonio de Cachi',302,3),(30213,'San Jerónimo',302,3),(30214,'San Miguel de Chaccrampa',302,3),(30215,'Santa María de Chicmo',302,3),(30216,'Talavera',302,3),(30217,'Tumay Huaraca',302,3),(30218,'Turpo',302,3),(30219,'Kaquiabamba',302,3),(30220,'José María Arguedas',302,3),(30301,'Antabamba',303,3),(30302,'El Oro',303,3),(30303,'Huaquirca',303,3),(30304,'Juan Espinoza Medrano',303,3),(30305,'Oropesa',303,3),(30306,'Pachaconas',303,3),(30307,'Sabaino',303,3),(30401,'Chalhuanca',304,3),(30402,'Capaya',304,3),(30403,'Caraybamba',304,3),(30404,'Chapimarca',304,3),(30405,'Colcabamba',304,3),(30406,'Cotaruse',304,3),(30407,'Ihuayllo',304,3),(30408,'Justo Apu Sahuaraura',304,3),(30409,'Lucre',304,3),(30410,'Pocohuanca',304,3),(30411,'San Juan de Chacña',304,3),(30412,'Sañayca',304,3),(30413,'Soraya',304,3),(30414,'Tapairihua',304,3),(30415,'Tintay',304,3),(30416,'Toraya',304,3),(30417,'Yanaca',304,3),(30501,'Tambobamba',305,3),(30502,'Cotabambas',305,3),(30503,'Coyllurqui',305,3),(30504,'Haquira',305,3),(30505,'Mara',305,3),(30506,'Challhuahuacho',305,3),(30601,'Chincheros',306,3),(30602,'Anco_Huallo',306,3),(30603,'Cocharcas',306,3),(30604,'Huaccana',306,3),(30605,'Ocobamba',306,3),(30606,'Ongoy',306,3),(30607,'Uranmarca',306,3),(30608,'Ranracancha',306,3),(30609,'Rocchacc',306,3),(30610,'El Porvenir',306,3),(30611,'Los Chankas',306,3),(30701,'Chuquibambilla',307,3),(30702,'Curpahuasi',307,3),(30703,'Gamarra',307,3),(30704,'Huayllati',307,3),(30705,'Mamara',307,3),(30706,'Micaela Bastidas',307,3),(30707,'Pataypampa',307,3),(30708,'Progreso',307,3),(30709,'San Antonio',307,3),(30710,'Santa Rosa',307,3),(30711,'Turpay',307,3),(30712,'Vilcabamba',307,3),(30713,'Virundo',307,3),(30714,'Curasco',307,3),(40101,'Arequipa',401,4),(40102,'Alto Selva Alegre',401,4),(40103,'Cayma',401,4),(40104,'Cerro Colorado',401,4),(40105,'Characato',401,4),(40106,'Chiguata',401,4),(40107,'Jacobo Hunter',401,4),(40108,'La Joya',401,4),(40109,'Mariano Melgar',401,4),(40110,'Miraflores',401,4),(40111,'Mollebaya',401,4),(40112,'Paucarpata',401,4),(40113,'Pocsi',401,4),(40114,'Polobaya',401,4),(40115,'Quequeña',401,4),(40116,'Sabandia',401,4),(40117,'Sachaca',401,4),(40118,'San Juan de Siguas',401,4),(40119,'San Juan de Tarucani',401,4),(40120,'Santa Isabel de Siguas',401,4),(40121,'Santa Rita de Siguas',401,4),(40122,'Socabaya',401,4),(40123,'Tiabaya',401,4),(40124,'Uchumayo',401,4),(40125,'Vitor',401,4),(40126,'Yanahuara',401,4),(40127,'Yarabamba',401,4),(40128,'Yura',401,4),(40129,'José Luis Bustamante Y Rivero',401,4),(40201,'Camaná',402,4),(40202,'José María Quimper',402,4),(40203,'Mariano Nicolás Valcárcel',402,4),(40204,'Mariscal Cáceres',402,4),(40205,'Nicolás de Pierola',402,4),(40206,'Ocoña',402,4),(40207,'Quilca',402,4),(40208,'Samuel Pastor',402,4),(40301,'Caravelí',403,4),(40302,'Acarí',403,4),(40303,'Atico',403,4),(40304,'Atiquipa',403,4),(40305,'Bella Unión',403,4),(40306,'Cahuacho',403,4),(40307,'Chala',403,4),(40308,'Chaparra',403,4),(40309,'Huanuhuanu',403,4),(40310,'Jaqui',403,4),(40311,'Lomas',403,4),(40312,'Quicacha',403,4),(40313,'Yauca',403,4),(40401,'Aplao',404,4),(40402,'Andagua',404,4),(40403,'Ayo',404,4),(40404,'Chachas',404,4),(40405,'Chilcaymarca',404,4),(40406,'Choco',404,4),(40407,'Huancarqui',404,4),(40408,'Machaguay',404,4),(40409,'Orcopampa',404,4),(40410,'Pampacolca',404,4),(40411,'Tipan',404,4),(40412,'Uñon',404,4),(40413,'Uraca',404,4),(40414,'Viraco',404,4),(40501,'Chivay',405,4),(40502,'Achoma',405,4),(40503,'Cabanaconde',405,4),(40504,'Callalli',405,4),(40505,'Caylloma',405,4),(40506,'Coporaque',405,4),(40507,'Huambo',405,4),(40508,'Huanca',405,4),(40509,'Ichupampa',405,4),(40510,'Lari',405,4),(40511,'Lluta',405,4),(40512,'Maca',405,4),(40513,'Madrigal',405,4),(40514,'San Antonio de Chuca',405,4),(40515,'Sibayo',405,4),(40516,'Tapay',405,4),(40517,'Tisco',405,4),(40518,'Tuti',405,4),(40519,'Yanque',405,4),(40520,'Majes',405,4),(40601,'Chuquibamba',406,4),(40602,'Andaray',406,4),(40603,'Cayarani',406,4),(40604,'Chichas',406,4),(40605,'Iray',406,4),(40606,'Río Grande',406,4),(40607,'Salamanca',406,4),(40608,'Yanaquihua',406,4),(40701,'Mollendo',407,4),(40702,'Cocachacra',407,4),(40703,'Dean Valdivia',407,4),(40704,'Islay',407,4),(40705,'Mejia',407,4),(40706,'Punta de Bombón',407,4),(40801,'Cotahuasi',408,4),(40802,'Alca',408,4),(40803,'Charcana',408,4),(40804,'Huaynacotas',408,4),(40805,'Pampamarca',408,4),(40806,'Puyca',408,4),(40807,'Quechualla',408,4),(40808,'Sayla',408,4),(40809,'Tauria',408,4),(40810,'Tomepampa',408,4),(40811,'Toro',408,4),(50101,'Ayacucho',501,5),(50102,'Acocro',501,5),(50103,'Acos Vinchos',501,5),(50104,'Carmen Alto',501,5),(50105,'Chiara',501,5),(50106,'Ocros',501,5),(50107,'Pacaycasa',501,5),(50108,'Quinua',501,5),(50109,'San José de Ticllas',501,5),(50110,'San Juan Bautista',501,5),(50111,'Santiago de Pischa',501,5),(50112,'Socos',501,5),(50113,'Tambillo',501,5),(50114,'Vinchos',501,5),(50115,'Jesús Nazareno',501,5),(50116,'Andrés Avelino Cáceres Dorregaray',501,5),(50201,'Cangallo',502,5),(50202,'Chuschi',502,5),(50203,'Los Morochucos',502,5),(50204,'María Parado de Bellido',502,5),(50205,'Paras',502,5),(50206,'Totos',502,5),(50301,'Sancos',503,5),(50302,'Carapo',503,5),(50303,'Sacsamarca',503,5),(50304,'Santiago de Lucanamarca',503,5),(50401,'Huanta',504,5),(50402,'Ayahuanco',504,5),(50403,'Huamanguilla',504,5),(50404,'Iguain',504,5),(50405,'Luricocha',504,5),(50406,'Santillana',504,5),(50407,'Sivia',504,5),(50408,'Llochegua',504,5),(50409,'Canayre',504,5),(50410,'Uchuraccay',504,5),(50411,'Pucacolpa',504,5),(50412,'Chaca',504,5),(50501,'San Miguel',505,5),(50502,'Anco',505,5),(50503,'Ayna',505,5),(50504,'Chilcas',505,5),(50505,'Chungui',505,5),(50506,'Luis Carranza',505,5),(50507,'Santa Rosa',505,5),(50508,'Tambo',505,5),(50509,'Samugari',505,5),(50510,'Anchihuay',505,5),(50511,'Oronccoy',505,5),(50601,'Puquio',506,5),(50602,'Aucara',506,5),(50603,'Cabana',506,5),(50604,'Carmen Salcedo',506,5),(50605,'Chaviña',506,5),(50606,'Chipao',506,5),(50607,'Huac-Huas',506,5),(50608,'Laramate',506,5),(50609,'Leoncio Prado',506,5),(50610,'Llauta',506,5),(50611,'Lucanas',506,5),(50612,'Ocaña',506,5),(50613,'Otoca',506,5),(50614,'Saisa',506,5),(50615,'San Cristóbal',506,5),(50616,'San Juan',506,5),(50617,'San Pedro',506,5),(50618,'San Pedro de Palco',506,5),(50619,'Sancos',506,5),(50620,'Santa Ana de Huaycahuacho',506,5),(50621,'Santa Lucia',506,5),(50701,'Coracora',507,5),(50702,'Chumpi',507,5),(50703,'Coronel Castañeda',507,5),(50704,'Pacapausa',507,5),(50705,'Pullo',507,5),(50706,'Puyusca',507,5),(50707,'San Francisco de Ravacayco',507,5),(50708,'Upahuacho',507,5),(50801,'Pausa',508,5),(50802,'Colta',508,5),(50803,'Corculla',508,5),(50804,'Lampa',508,5),(50805,'Marcabamba',508,5),(50806,'Oyolo',508,5),(50807,'Pararca',508,5),(50808,'San Javier de Alpabamba',508,5),(50809,'San José de Ushua',508,5),(50810,'Sara Sara',508,5),(50901,'Querobamba',509,5),(50902,'Belén',509,5),(50903,'Chalcos',509,5),(50904,'Chilcayoc',509,5),(50905,'Huacaña',509,5),(50906,'Morcolla',509,5),(50907,'Paico',509,5),(50908,'San Pedro de Larcay',509,5),(50909,'San Salvador de Quije',509,5),(50910,'Santiago de Paucaray',509,5),(50911,'Soras',509,5),(51001,'Huancapi',510,5),(51002,'Alcamenca',510,5),(51003,'Apongo',510,5),(51004,'Asquipata',510,5),(51005,'Canaria',510,5),(51006,'Cayara',510,5),(51007,'Colca',510,5),(51008,'Huamanquiquia',510,5),(51009,'Huancaraylla',510,5),(51010,'Hualla',510,5),(51011,'Sarhua',510,5),(51012,'Vilcanchos',510,5),(51101,'Vilcas Huaman',511,5),(51102,'Accomarca',511,5),(51103,'Carhuanca',511,5),(51104,'Concepción',511,5),(51105,'Huambalpa',511,5),(51106,'Independencia',511,5),(51107,'Saurama',511,5),(51108,'Vischongo',511,5),(60101,'Cajamarca',601,6),(60102,'Asunción',601,6),(60103,'Chetilla',601,6),(60104,'Cospan',601,6),(60105,'Encañada',601,6),(60106,'Jesús',601,6),(60107,'Llacanora',601,6),(60108,'Los Baños del Inca',601,6),(60109,'Magdalena',601,6),(60110,'Matara',601,6),(60111,'Namora',601,6),(60112,'San Juan',601,6),(60201,'Cajabamba',602,6),(60202,'Cachachi',602,6),(60203,'Condebamba',602,6),(60204,'Sitacocha',602,6),(60301,'Celendín',603,6),(60302,'Chumuch',603,6),(60303,'Cortegana',603,6),(60304,'Huasmin',603,6),(60305,'Jorge Chávez',603,6),(60306,'José Gálvez',603,6),(60307,'Miguel Iglesias',603,6),(60308,'Oxamarca',603,6),(60309,'Sorochuco',603,6),(60310,'Sucre',603,6),(60311,'Utco',603,6),(60312,'La Libertad de Pallan',603,6),(60401,'Chota',604,6),(60402,'Anguia',604,6),(60403,'Chadin',604,6),(60404,'Chiguirip',604,6),(60405,'Chimban',604,6),(60406,'Choropampa',604,6),(60407,'Cochabamba',604,6),(60408,'Conchan',604,6),(60409,'Huambos',604,6),(60410,'Lajas',604,6),(60411,'Llama',604,6),(60412,'Miracosta',604,6),(60413,'Paccha',604,6),(60414,'Pion',604,6),(60415,'Querocoto',604,6),(60416,'San Juan de Licupis',604,6),(60417,'Tacabamba',604,6),(60418,'Tocmoche',604,6),(60419,'Chalamarca',604,6),(60501,'Contumaza',605,6),(60502,'Chilete',605,6),(60503,'Cupisnique',605,6),(60504,'Guzmango',605,6),(60505,'San Benito',605,6),(60506,'Santa Cruz de Toledo',605,6),(60507,'Tantarica',605,6),(60508,'Yonan',605,6),(60601,'Cutervo',606,6),(60602,'Callayuc',606,6),(60603,'Choros',606,6),(60604,'Cujillo',606,6),(60605,'La Ramada',606,6),(60606,'Pimpingos',606,6),(60607,'Querocotillo',606,6),(60608,'San Andrés de Cutervo',606,6),(60609,'San Juan de Cutervo',606,6),(60610,'San Luis de Lucma',606,6),(60611,'Santa Cruz',606,6),(60612,'Santo Domingo de la Capilla',606,6),(60613,'Santo Tomas',606,6),(60614,'Socota',606,6),(60615,'Toribio Casanova',606,6),(60701,'Bambamarca',607,6),(60702,'Chugur',607,6),(60703,'Hualgayoc',607,6),(60801,'Jaén',608,6),(60802,'Bellavista',608,6),(60803,'Chontali',608,6),(60804,'Colasay',608,6),(60805,'Huabal',608,6),(60806,'Las Pirias',608,6),(60807,'Pomahuaca',608,6),(60808,'Pucara',608,6),(60809,'Sallique',608,6),(60810,'San Felipe',608,6),(60811,'San José del Alto',608,6),(60812,'Santa Rosa',608,6),(60901,'San Ignacio',609,6),(60902,'Chirinos',609,6),(60903,'Huarango',609,6),(60904,'La Coipa',609,6),(60905,'Namballe',609,6),(60906,'San José de Lourdes',609,6),(60907,'Tabaconas',609,6),(61001,'Pedro Gálvez',610,6),(61002,'Chancay',610,6),(61003,'Eduardo Villanueva',610,6),(61004,'Gregorio Pita',610,6),(61005,'Ichocan',610,6),(61006,'José Manuel Quiroz',610,6),(61007,'José Sabogal',610,6),(61101,'San Miguel',611,6),(61102,'Bolívar',611,6),(61103,'Calquis',611,6),(61104,'Catilluc',611,6),(61105,'El Prado',611,6),(61106,'La Florida',611,6),(61107,'Llapa',611,6),(61108,'Nanchoc',611,6),(61109,'Niepos',611,6),(61110,'San Gregorio',611,6),(61111,'San Silvestre de Cochan',611,6),(61112,'Tongod',611,6),(61113,'Unión Agua Blanca',611,6),(61201,'San Pablo',612,6),(61202,'San Bernardino',612,6),(61203,'San Luis',612,6),(61204,'Tumbaden',612,6),(61301,'Santa Cruz',613,6),(61302,'Andabamba',613,6),(61303,'Catache',613,6),(61304,'Chancaybaños',613,6),(61305,'La Esperanza',613,6),(61306,'Ninabamba',613,6),(61307,'Pulan',613,6),(61308,'Saucepampa',613,6),(61309,'Sexi',613,6),(61310,'Uticyacu',613,6),(61311,'Yauyucan',613,6),(70101,'Callao',701,7),(70102,'Bellavista',701,7),(70103,'Carmen de la Legua Reynoso',701,7),(70104,'La Perla',701,7),(70105,'La Punta',701,7),(70106,'Ventanilla',701,7),(70107,'Mi Perú',701,7),(80101,'Cusco',801,8),(80102,'Ccorca',801,8),(80103,'Poroy',801,8),(80104,'San Jerónimo',801,8),(80105,'San Sebastian',801,8),(80106,'Santiago',801,8),(80107,'Saylla',801,8),(80108,'Wanchaq',801,8),(80201,'Acomayo',802,8),(80202,'Acopia',802,8),(80203,'Acos',802,8),(80204,'Mosoc Llacta',802,8),(80205,'Pomacanchi',802,8),(80206,'Rondocan',802,8),(80207,'Sangarara',802,8),(80301,'Anta',803,8),(80302,'Ancahuasi',803,8),(80303,'Cachimayo',803,8),(80304,'Chinchaypujio',803,8),(80305,'Huarocondo',803,8),(80306,'Limatambo',803,8),(80307,'Mollepata',803,8),(80308,'Pucyura',803,8),(80309,'Zurite',803,8),(80401,'Calca',804,8),(80402,'Coya',804,8),(80403,'Lamay',804,8),(80404,'Lares',804,8),(80405,'Pisac',804,8),(80406,'San Salvador',804,8),(80407,'Taray',804,8),(80408,'Yanatile',804,8),(80501,'Yanaoca',805,8),(80502,'Checca',805,8),(80503,'Kunturkanki',805,8),(80504,'Langui',805,8),(80505,'Layo',805,8),(80506,'Pampamarca',805,8),(80507,'Quehue',805,8),(80508,'Tupac Amaru',805,8),(80601,'Sicuani',806,8),(80602,'Checacupe',806,8),(80603,'Combapata',806,8),(80604,'Marangani',806,8),(80605,'Pitumarca',806,8),(80606,'San Pablo',806,8),(80607,'San Pedro',806,8),(80608,'Tinta',806,8),(80701,'Santo Tomas',807,8),(80702,'Capacmarca',807,8),(80703,'Chamaca',807,8),(80704,'Colquemarca',807,8),(80705,'Livitaca',807,8),(80706,'Llusco',807,8),(80707,'Quiñota',807,8),(80708,'Velille',807,8),(80801,'Espinar',808,8),(80802,'Condoroma',808,8),(80803,'Coporaque',808,8),(80804,'Ocoruro',808,8),(80805,'Pallpata',808,8),(80806,'Pichigua',808,8),(80807,'Suyckutambo',808,8),(80808,'Alto Pichigua',808,8),(80901,'Santa Ana',809,8),(80902,'Echarate',809,8),(80903,'Huayopata',809,8),(80904,'Maranura',809,8),(80905,'Ocobamba',809,8),(80906,'Quellouno',809,8),(80907,'Kimbiri',809,8),(80908,'Santa Teresa',809,8),(80909,'Vilcabamba',809,8),(80910,'Pichari',809,8),(80911,'Inkawasi',809,8),(80912,'Villa Virgen',809,8),(80913,'Villa Kintiarina',809,8),(80914,'Megantoni',809,8),(81001,'Paruro',810,8),(81002,'Accha',810,8),(81003,'Ccapi',810,8),(81004,'Colcha',810,8),(81005,'Huanoquite',810,8),(81006,'Omachaç',810,8),(81007,'Paccaritambo',810,8),(81008,'Pillpinto',810,8),(81009,'Yaurisque',810,8),(81101,'Paucartambo',811,8),(81102,'Caicay',811,8),(81103,'Challabamba',811,8),(81104,'Colquepata',811,8),(81105,'Huancarani',811,8),(81106,'Kosñipata',811,8),(81201,'Urcos',812,8),(81202,'Andahuaylillas',812,8),(81203,'Camanti',812,8),(81204,'Ccarhuayo',812,8),(81205,'Ccatca',812,8),(81206,'Cusipata',812,8),(81207,'Huaro',812,8),(81208,'Lucre',812,8),(81209,'Marcapata',812,8),(81210,'Ocongate',812,8),(81211,'Oropesa',812,8),(81212,'Quiquijana',812,8),(81301,'Urubamba',813,8),(81302,'Chinchero',813,8),(81303,'Huayllabamba',813,8),(81304,'Machupicchu',813,8),(81305,'Maras',813,8),(81306,'Ollantaytambo',813,8),(81307,'Yucay',813,8),(90101,'Huancavelica',901,9),(90102,'Acobambilla',901,9),(90103,'Acoria',901,9),(90104,'Conayca',901,9),(90105,'Cuenca',901,9),(90106,'Huachocolpa',901,9),(90107,'Huayllahuara',901,9),(90108,'Izcuchaca',901,9),(90109,'Laria',901,9),(90110,'Manta',901,9),(90111,'Mariscal Cáceres',901,9),(90112,'Moya',901,9),(90113,'Nuevo Occoro',901,9),(90114,'Palca',901,9),(90115,'Pilchaca',901,9),(90116,'Vilca',901,9),(90117,'Yauli',901,9),(90118,'Ascensión',901,9),(90119,'Huando',901,9),(90201,'Acobamba',902,9),(90202,'Andabamba',902,9),(90203,'Anta',902,9),(90204,'Caja',902,9),(90205,'Marcas',902,9),(90206,'Paucara',902,9),(90207,'Pomacocha',902,9),(90208,'Rosario',902,9),(90301,'Lircay',903,9),(90302,'Anchonga',903,9),(90303,'Callanmarca',903,9),(90304,'Ccochaccasa',903,9),(90305,'Chincho',903,9),(90306,'Congalla',903,9),(90307,'Huanca-Huanca',903,9),(90308,'Huayllay Grande',903,9),(90309,'Julcamarca',903,9),(90310,'San Antonio de Antaparco',903,9),(90311,'Santo Tomas de Pata',903,9),(90312,'Secclla',903,9),(90401,'Castrovirreyna',904,9),(90402,'Arma',904,9),(90403,'Aurahua',904,9),(90404,'Capillas',904,9),(90405,'Chupamarca',904,9),(90406,'Cocas',904,9),(90407,'Huachos',904,9),(90408,'Huamatambo',904,9),(90409,'Mollepampa',904,9),(90410,'San Juan',904,9),(90411,'Santa Ana',904,9),(90412,'Tantara',904,9),(90413,'Ticrapo',904,9),(90501,'Churcampa',905,9),(90502,'Anco',905,9),(90503,'Chinchihuasi',905,9),(90504,'El Carmen',905,9),(90505,'La Merced',905,9),(90506,'Locroja',905,9),(90507,'Paucarbamba',905,9),(90508,'San Miguel de Mayocc',905,9),(90509,'San Pedro de Coris',905,9),(90510,'Pachamarca',905,9),(90511,'Cosme',905,9),(90601,'Huaytara',906,9),(90602,'Ayavi',906,9),(90603,'Córdova',906,9),(90604,'Huayacundo Arma',906,9),(90605,'Laramarca',906,9),(90606,'Ocoyo',906,9),(90607,'Pilpichaca',906,9),(90608,'Querco',906,9),(90609,'Quito-Arma',906,9),(90610,'San Antonio de Cusicancha',906,9),(90611,'San Francisco de Sangayaico',906,9),(90612,'San Isidro',906,9),(90613,'Santiago de Chocorvos',906,9),(90614,'Santiago de Quirahuara',906,9),(90615,'Santo Domingo de Capillas',906,9),(90616,'Tambo',906,9),(90701,'Pampas',907,9),(90702,'Acostambo',907,9),(90703,'Acraquia',907,9),(90704,'Ahuaycha',907,9),(90705,'Colcabamba',907,9),(90706,'Daniel Hernández',907,9),(90707,'Huachocolpa',907,9),(90709,'Huaribamba',907,9),(90710,'Ñahuimpuquio',907,9),(90711,'Pazos',907,9),(90713,'Quishuar',907,9),(90714,'Salcabamba',907,9),(90715,'Salcahuasi',907,9),(90716,'San Marcos de Rocchac',907,9),(90717,'Surcubamba',907,9),(90718,'Tintay Puncu',907,9),(90719,'Quichuas',907,9),(90720,'Andaymarca',907,9),(90721,'Roble',907,9),(90722,'Pichos',907,9),(90723,'Santiago de Tucuma',907,9),(100101,'Huanuco',1001,10),(100102,'Amarilis',1001,10),(100103,'Chinchao',1001,10),(100104,'Churubamba',1001,10),(100105,'Margos',1001,10),(100106,'Quisqui (Kichki)',1001,10),(100107,'San Francisco de Cayran',1001,10),(100108,'San Pedro de Chaulan',1001,10),(100109,'Santa María del Valle',1001,10),(100110,'Yarumayo',1001,10),(100111,'Pillco Marca',1001,10),(100112,'Yacus',1001,10),(100113,'San Pablo de Pillao',1001,10),(100201,'Ambo',1002,10),(100202,'Cayna',1002,10),(100203,'Colpas',1002,10),(100204,'Conchamarca',1002,10),(100205,'Huacar',1002,10),(100206,'San Francisco',1002,10),(100207,'San Rafael',1002,10),(100208,'Tomay Kichwa',1002,10),(100301,'La Unión',1003,10),(100307,'Chuquis',1003,10),(100311,'Marías',1003,10),(100313,'Pachas',1003,10),(100316,'Quivilla',1003,10),(100317,'Ripan',1003,10),(100321,'Shunqui',1003,10),(100322,'Sillapata',1003,10),(100323,'Yanas',1003,10),(100401,'Huacaybamba',1004,10),(100402,'Canchabamba',1004,10),(100403,'Cochabamba',1004,10),(100404,'Pinra',1004,10),(100501,'Llata',1005,10),(100502,'Arancay',1005,10),(100503,'Chavín de Pariarca',1005,10),(100504,'Jacas Grande',1005,10),(100505,'Jircan',1005,10),(100506,'Miraflores',1005,10),(100507,'Monzón',1005,10),(100508,'Punchao',1005,10),(100509,'Puños',1005,10),(100510,'Singa',1005,10),(100511,'Tantamayo',1005,10),(100601,'Rupa-Rupa',1006,10),(100602,'Daniel Alomía Robles',1006,10),(100603,'Hermílio Valdizan',1006,10),(100604,'José Crespo y Castillo',1006,10),(100605,'Luyando',1006,10),(100606,'Mariano Damaso Beraun',1006,10),(100607,'Pucayacu',1006,10),(100608,'Castillo Grande',1006,10),(100609,'Pueblo Nuevo',1006,10),(100610,'Santo Domingo de Anda',1006,10),(100701,'Huacrachuco',1007,10),(100702,'Cholon',1007,10),(100703,'San Buenaventura',1007,10),(100704,'La Morada',1007,10),(100705,'Santa Rosa de Alto Yanajanca',1007,10),(100801,'Panao',1008,10),(100802,'Chaglla',1008,10),(100803,'Molino',1008,10),(100804,'Umari',1008,10),(100901,'Puerto Inca',1009,10),(100902,'Codo del Pozuzo',1009,10),(100903,'Honoria',1009,10),(100904,'Tournavista',1009,10),(100905,'Yuyapichis',1009,10),(101001,'Jesús',1010,10),(101002,'Baños',1010,10),(101003,'Jivia',1010,10),(101004,'Queropalca',1010,10),(101005,'Rondos',1010,10),(101006,'San Francisco de Asís',1010,10),(101007,'San Miguel de Cauri',1010,10),(101101,'Chavinillo',1011,10),(101102,'Cahuac',1011,10),(101103,'Chacabamba',1011,10),(101104,'Aparicio Pomares',1011,10),(101105,'Jacas Chico',1011,10),(101106,'Obas',1011,10),(101107,'Pampamarca',1011,10),(101108,'Choras',1011,10),(110101,'Ica',1101,11),(110102,'La Tinguiña',1101,11),(110103,'Los Aquijes',1101,11),(110104,'Ocucaje',1101,11),(110105,'Pachacutec',1101,11),(110106,'Parcona',1101,11),(110107,'Pueblo Nuevo',1101,11),(110108,'Salas',1101,11),(110109,'San José de Los Molinos',1101,11),(110110,'San Juan Bautista',1101,11),(110111,'Santiago',1101,11),(110112,'Subtanjalla',1101,11),(110113,'Tate',1101,11),(110114,'Yauca del Rosario',1101,11),(110201,'Chincha Alta',1102,11),(110202,'Alto Laran',1102,11),(110203,'Chavin',1102,11),(110204,'Chincha Baja',1102,11),(110205,'El Carmen',1102,11),(110206,'Grocio Prado',1102,11),(110207,'Pueblo Nuevo',1102,11),(110208,'San Juan de Yanac',1102,11),(110209,'San Pedro de Huacarpana',1102,11),(110210,'Sunampe',1102,11),(110211,'Tambo de Mora',1102,11),(110301,'Nasca',1103,11),(110302,'Changuillo',1103,11),(110303,'El Ingenio',1103,11),(110304,'Marcona',1103,11),(110305,'Vista Alegre',1103,11),(110401,'Palpa',1104,11),(110402,'Llipata',1104,11),(110403,'Río Grande',1104,11),(110404,'Santa Cruz',1104,11),(110405,'Tibillo',1104,11),(110501,'Pisco',1105,11),(110502,'Huancano',1105,11),(110503,'Humay',1105,11),(110504,'Independencia',1105,11),(110505,'Paracas',1105,11),(110506,'San Andrés',1105,11),(110507,'San Clemente',1105,11),(110508,'Tupac Amaru Inca',1105,11),(120101,'Huancayo',1201,12),(120104,'Carhuacallanga',1201,12),(120105,'Chacapampa',1201,12),(120106,'Chicche',1201,12),(120107,'Chilca',1201,12),(120108,'Chongos Alto',1201,12),(120111,'Chupuro',1201,12),(120112,'Colca',1201,12),(120113,'Cullhuas',1201,12),(120114,'El Tambo',1201,12),(120116,'Huacrapuquio',1201,12),(120117,'Hualhuas',1201,12),(120119,'Huancan',1201,12),(120120,'Huasicancha',1201,12),(120121,'Huayucachi',1201,12),(120122,'Ingenio',1201,12),(120124,'Pariahuanca',1201,12),(120125,'Pilcomayo',1201,12),(120126,'Pucara',1201,12),(120127,'Quichuay',1201,12),(120128,'Quilcas',1201,12),(120129,'San Agustín',1201,12),(120130,'San Jerónimo de Tunan',1201,12),(120132,'Saño',1201,12),(120133,'Sapallanga',1201,12),(120134,'Sicaya',1201,12),(120135,'Santo Domingo de Acobamba',1201,12),(120136,'Viques',1201,12),(120201,'Concepción',1202,12),(120202,'Aco',1202,12),(120203,'Andamarca',1202,12),(120204,'Chambara',1202,12),(120205,'Cochas',1202,12),(120206,'Comas',1202,12),(120207,'Heroínas Toledo',1202,12),(120208,'Manzanares',1202,12),(120209,'Mariscal Castilla',1202,12),(120210,'Matahuasi',1202,12),(120211,'Mito',1202,12),(120212,'Nueve de Julio',1202,12),(120213,'Orcotuna',1202,12),(120214,'San José de Quero',1202,12),(120215,'Santa Rosa de Ocopa',1202,12),(120301,'Chanchamayo',1203,12),(120302,'Perene',1203,12),(120303,'Pichanaqui',1203,12),(120304,'San Luis de Shuaro',1203,12),(120305,'San Ramón',1203,12),(120306,'Vitoc',1203,12),(120401,'Jauja',1204,12),(120402,'Acolla',1204,12),(120403,'Apata',1204,12),(120404,'Ataura',1204,12),(120405,'Canchayllo',1204,12),(120406,'Curicaca',1204,12),(120407,'El Mantaro',1204,12),(120408,'Huamali',1204,12),(120409,'Huaripampa',1204,12),(120410,'Huertas',1204,12),(120411,'Janjaillo',1204,12),(120412,'Julcán',1204,12),(120413,'Leonor Ordóñez',1204,12),(120414,'Llocllapampa',1204,12),(120415,'Marco',1204,12),(120416,'Masma',1204,12),(120417,'Masma Chicche',1204,12),(120418,'Molinos',1204,12),(120419,'Monobamba',1204,12),(120420,'Muqui',1204,12),(120421,'Muquiyauyo',1204,12),(120422,'Paca',1204,12),(120423,'Paccha',1204,12),(120424,'Pancan',1204,12),(120425,'Parco',1204,12),(120426,'Pomacancha',1204,12),(120427,'Ricran',1204,12),(120428,'San Lorenzo',1204,12),(120429,'San Pedro de Chunan',1204,12),(120430,'Sausa',1204,12),(120431,'Sincos',1204,12),(120432,'Tunan Marca',1204,12),(120433,'Yauli',1204,12),(120434,'Yauyos',1204,12),(120501,'Junin',1205,12),(120502,'Carhuamayo',1205,12),(120503,'Ondores',1205,12),(120504,'Ulcumayo',1205,12),(120601,'Satipo',1206,12),(120602,'Coviriali',1206,12),(120603,'Llaylla',1206,12),(120604,'Mazamari',1206,12),(120605,'Pampa Hermosa',1206,12),(120606,'Pangoa',1206,12),(120607,'Río Negro',1206,12),(120608,'Río Tambo',1206,12),(120609,'Vizcatan del Ene',1206,12),(120701,'Tarma',1207,12),(120702,'Acobamba',1207,12),(120703,'Huaricolca',1207,12),(120704,'Huasahuasi',1207,12),(120705,'La Unión',1207,12),(120706,'Palca',1207,12),(120707,'Palcamayo',1207,12),(120708,'San Pedro de Cajas',1207,12),(120709,'Tapo',1207,12),(120801,'La Oroya',1208,12),(120802,'Chacapalpa',1208,12),(120803,'Huay-Huay',1208,12),(120804,'Marcapomacocha',1208,12),(120805,'Morococha',1208,12),(120806,'Paccha',1208,12),(120807,'Santa Bárbara de Carhuacayan',1208,12),(120808,'Santa Rosa de Sacco',1208,12),(120809,'Suitucancha',1208,12),(120810,'Yauli',1208,12),(120901,'Chupaca',1209,12),(120902,'Ahuac',1209,12),(120903,'Chongos Bajo',1209,12),(120904,'Huachac',1209,12),(120905,'Huamancaca Chico',1209,12),(120906,'San Juan de Iscos',1209,12),(120907,'San Juan de Jarpa',1209,12),(120908,'Tres de Diciembre',1209,12),(120909,'Yanacancha',1209,12),(130101,'Trujillo',1301,13),(130102,'El Porvenir',1301,13),(130103,'Florencia de Mora',1301,13),(130104,'Huanchaco',1301,13),(130105,'La Esperanza',1301,13),(130106,'Laredo',1301,13),(130107,'Moche',1301,13),(130108,'Poroto',1301,13),(130109,'Salaverry',1301,13),(130110,'Simbal',1301,13),(130111,'Victor Larco Herrera',1301,13),(130201,'Ascope',1302,13),(130202,'Chicama',1302,13),(130203,'Chocope',1302,13),(130204,'Magdalena de Cao',1302,13),(130205,'Paijan',1302,13),(130206,'Rázuri',1302,13),(130207,'Santiago de Cao',1302,13),(130208,'Casa Grande',1302,13),(130301,'Bolívar',1303,13),(130302,'Bambamarca',1303,13),(130303,'Condormarca',1303,13),(130304,'Longotea',1303,13),(130305,'Uchumarca',1303,13),(130306,'Ucuncha',1303,13),(130401,'Chepen',1304,13),(130402,'Pacanga',1304,13),(130403,'Pueblo Nuevo',1304,13),(130501,'Julcan',1305,13),(130502,'Calamarca',1305,13),(130503,'Carabamba',1305,13),(130504,'Huaso',1305,13),(130601,'Otuzco',1306,13),(130602,'Agallpampa',1306,13),(130604,'Charat',1306,13),(130605,'Huaranchal',1306,13),(130606,'La Cuesta',1306,13),(130608,'Mache',1306,13),(130610,'Paranday',1306,13),(130611,'Salpo',1306,13),(130613,'Sinsicap',1306,13),(130614,'Usquil',1306,13),(130701,'San Pedro de Lloc',1307,13),(130702,'Guadalupe',1307,13),(130703,'Jequetepeque',1307,13),(130704,'Pacasmayo',1307,13),(130705,'San José',1307,13),(130801,'Tayabamba',1308,13),(130802,'Buldibuyo',1308,13),(130803,'Chillia',1308,13),(130804,'Huancaspata',1308,13),(130805,'Huaylillas',1308,13),(130806,'Huayo',1308,13),(130807,'Ongon',1308,13),(130808,'Parcoy',1308,13),(130809,'Pataz',1308,13),(130810,'Pias',1308,13),(130811,'Santiago de Challas',1308,13),(130812,'Taurija',1308,13),(130813,'Urpay',1308,13),(130901,'Huamachuco',1309,13),(130902,'Chugay',1309,13),(130903,'Cochorco',1309,13),(130904,'Curgos',1309,13),(130905,'Marcabal',1309,13),(130906,'Sanagoran',1309,13),(130907,'Sarin',1309,13),(130908,'Sartimbamba',1309,13),(131001,'Santiago de Chuco',1310,13),(131002,'Angasmarca',1310,13),(131003,'Cachicadan',1310,13),(131004,'Mollebamba',1310,13),(131005,'Mollepata',1310,13),(131006,'Quiruvilca',1310,13),(131007,'Santa Cruz de Chuca',1310,13),(131008,'Sitabamba',1310,13),(131101,'Cascas',1311,13),(131102,'Lucma',1311,13),(131103,'Marmot',1311,13),(131104,'Sayapullo',1311,13),(131201,'Viru',1312,13),(131202,'Chao',1312,13),(131203,'Guadalupito',1312,13),(140101,'Chiclayo',1401,14),(140102,'Chongoyape',1401,14),(140103,'Eten',1401,14),(140104,'Eten Puerto',1401,14),(140105,'José Leonardo Ortiz',1401,14),(140106,'La Victoria',1401,14),(140107,'Lagunas',1401,14),(140108,'Monsefu',1401,14),(140109,'Nueva Arica',1401,14),(140110,'Oyotun',1401,14),(140111,'Picsi',1401,14),(140112,'Pimentel',1401,14),(140113,'Reque',1401,14),(140114,'Santa Rosa',1401,14),(140115,'Saña',1401,14),(140116,'Cayalti',1401,14),(140117,'Patapo',1401,14),(140118,'Pomalca',1401,14),(140119,'Pucala',1401,14),(140120,'Tuman',1401,14),(140201,'Ferreñafe',1402,14),(140202,'Cañaris',1402,14),(140203,'Incahuasi',1402,14),(140204,'Manuel Antonio Mesones Muro',1402,14),(140205,'Pitipo',1402,14),(140206,'Pueblo Nuevo',1402,14),(140301,'Lambayeque',1403,14),(140302,'Chochope',1403,14),(140303,'Illimo',1403,14),(140304,'Jayanca',1403,14),(140305,'Mochumi',1403,14),(140306,'Morrope',1403,14),(140307,'Motupe',1403,14),(140308,'Olmos',1403,14),(140309,'Pacora',1403,14),(140310,'Salas',1403,14),(140311,'San José',1403,14),(140312,'Tucume',1403,14),(150101,'Lima',1501,15),(150102,'Ancón',1501,15),(150103,'Ate',1501,15),(150104,'Barranco',1501,15),(150105,'Breña',1501,15),(150106,'Carabayllo',1501,15),(150107,'Chaclacayo',1501,15),(150108,'Chorrillos',1501,15),(150109,'Cieneguilla',1501,15),(150110,'Comas',1501,15),(150111,'El Agustino',1501,15),(150112,'Independencia',1501,15),(150113,'Jesús María',1501,15),(150114,'La Molina',1501,15),(150115,'La Victoria',1501,15),(150116,'Lince',1501,15),(150117,'Los Olivos',1501,15),(150118,'Lurigancho',1501,15),(150119,'Lurin',1501,15),(150120,'Magdalena del Mar',1501,15),(150121,'Pueblo Libre',1501,15),(150122,'Miraflores',1501,15),(150123,'Pachacamac',1501,15),(150124,'Pucusana',1501,15),(150125,'Puente Piedra',1501,15),(150126,'Punta Hermosa',1501,15),(150127,'Punta Negra',1501,15),(150128,'Rímac',1501,15),(150129,'San Bartolo',1501,15),(150130,'San Borja',1501,15),(150131,'San Isidro',1501,15),(150132,'San Juan de Lurigancho',1501,15),(150133,'San Juan de Miraflores',1501,15),(150134,'San Luis',1501,15),(150135,'San Martín de Porres',1501,15),(150136,'San Miguel',1501,15),(150137,'Santa Anita',1501,15),(150138,'Santa María del Mar',1501,15),(150139,'Santa Rosa',1501,15),(150140,'Santiago de Surco',1501,15),(150141,'Surquillo',1501,15),(150142,'Villa El Salvador',1501,15),(150143,'Villa María del Triunfo',1501,15),(150201,'Barranca',1502,15),(150202,'Paramonga',1502,15),(150203,'Pativilca',1502,15),(150204,'Supe',1502,15),(150205,'Supe Puerto',1502,15),(150301,'Cajatambo',1503,15),(150302,'Copa',1503,15),(150303,'Gorgor',1503,15),(150304,'Huancapon',1503,15),(150305,'Manas',1503,15),(150401,'Canta',1504,15),(150402,'Arahuay',1504,15),(150403,'Huamantanga',1504,15),(150404,'Huaros',1504,15),(150405,'Lachaqui',1504,15),(150406,'San Buenaventura',1504,15),(150407,'Santa Rosa de Quives',1504,15),(150501,'San Vicente de Cañete',1505,15),(150502,'Asia',1505,15),(150503,'Calango',1505,15),(150504,'Cerro Azul',1505,15),(150505,'Chilca',1505,15),(150506,'Coayllo',1505,15),(150507,'Imperial',1505,15),(150508,'Lunahuana',1505,15),(150509,'Mala',1505,15),(150510,'Nuevo Imperial',1505,15),(150511,'Pacaran',1505,15),(150512,'Quilmana',1505,15),(150513,'San Antonio',1505,15),(150514,'San Luis',1505,15),(150515,'Santa Cruz de Flores',1505,15),(150516,'Zúñiga',1505,15),(150601,'Huaral',1506,15),(150602,'Atavillos Alto',1506,15),(150603,'Atavillos Bajo',1506,15),(150604,'Aucallama',1506,15),(150605,'Chancay',1506,15),(150606,'Ihuari',1506,15),(150607,'Lampian',1506,15),(150608,'Pacaraos',1506,15),(150609,'San Miguel de Acos',1506,15),(150610,'Santa Cruz de Andamarca',1506,15),(150611,'Sumbilca',1506,15),(150612,'Veintisiete de Noviembre',1506,15),(150701,'Matucana',1507,15),(150702,'Antioquia',1507,15),(150703,'Callahuanca',1507,15),(150704,'Carampoma',1507,15),(150705,'Chicla',1507,15),(150706,'Cuenca',1507,15),(150707,'Huachupampa',1507,15),(150708,'Huanza',1507,15),(150709,'Huarochiri',1507,15),(150710,'Lahuaytambo',1507,15),(150711,'Langa',1507,15),(150712,'Laraos',1507,15),(150713,'Mariatana',1507,15),(150714,'Ricardo Palma',1507,15),(150715,'San Andrés de Tupicocha',1507,15),(150716,'San Antonio',1507,15),(150717,'San Bartolomé',1507,15),(150718,'San Damian',1507,15),(150719,'San Juan de Iris',1507,15),(150720,'San Juan de Tantaranche',1507,15),(150721,'San Lorenzo de Quinti',1507,15),(150722,'San Mateo',1507,15),(150723,'San Mateo de Otao',1507,15),(150724,'San Pedro de Casta',1507,15),(150725,'San Pedro de Huancayre',1507,15),(150726,'Sangallaya',1507,15),(150727,'Santa Cruz de Cocachacra',1507,15),(150728,'Santa Eulalia',1507,15),(150729,'Santiago de Anchucaya',1507,15),(150730,'Santiago de Tuna',1507,15),(150731,'Santo Domingo de Los Olleros',1507,15),(150732,'Surco',1507,15),(150801,'Huacho',1508,15),(150802,'Ambar',1508,15),(150803,'Caleta de Carquin',1508,15),(150804,'Checras',1508,15),(150805,'Hualmay',1508,15),(150806,'Huaura',1508,15),(150807,'Leoncio Prado',1508,15),(150808,'Paccho',1508,15),(150809,'Santa Leonor',1508,15),(150810,'Santa María',1508,15),(150811,'Sayan',1508,15),(150812,'Vegueta',1508,15),(150901,'Oyon',1509,15),(150902,'Andajes',1509,15),(150903,'Caujul',1509,15),(150904,'Cochamarca',1509,15),(150905,'Navan',1509,15),(150906,'Pachangara',1509,15),(151001,'Yauyos',1510,15),(151002,'Alis',1510,15),(151003,'Allauca',1510,15),(151004,'Ayaviri',1510,15),(151005,'Azángaro',1510,15),(151006,'Cacra',1510,15),(151007,'Carania',1510,15),(151008,'Catahuasi',1510,15),(151009,'Chocos',1510,15),(151010,'Cochas',1510,15),(151011,'Colonia',1510,15),(151012,'Hongos',1510,15),(151013,'Huampara',1510,15),(151014,'Huancaya',1510,15),(151015,'Huangascar',1510,15),(151016,'Huantan',1510,15),(151017,'Huañec',1510,15),(151018,'Laraos',1510,15),(151019,'Lincha',1510,15),(151020,'Madean',1510,15),(151021,'Miraflores',1510,15),(151022,'Omas',1510,15),(151023,'Putinza',1510,15),(151024,'Quinches',1510,15),(151025,'Quinocay',1510,15),(151026,'San Joaquín',1510,15),(151027,'San Pedro de Pilas',1510,15),(151028,'Tanta',1510,15),(151029,'Tauripampa',1510,15),(151030,'Tomas',1510,15),(151031,'Tupe',1510,15),(151032,'Viñac',1510,15),(151033,'Vitis',1510,15),(160101,'Iquitos',1601,16),(160102,'Alto Nanay',1601,16),(160103,'Fernando Lores',1601,16),(160104,'Indiana',1601,16),(160105,'Las Amazonas',1601,16),(160106,'Mazan',1601,16),(160107,'Napo',1601,16),(160108,'Punchana',1601,16),(160110,'Torres Causana',1601,16),(160112,'Belén',1601,16),(160113,'San Juan Bautista',1601,16),(160201,'Yurimaguas',1602,16),(160202,'Balsapuerto',1602,16),(160205,'Jeberos',1602,16),(160206,'Lagunas',1602,16),(160210,'Santa Cruz',1602,16),(160211,'Teniente Cesar López Rojas',1602,16),(160301,'Nauta',1603,16),(160302,'Parinari',1603,16),(160303,'Tigre',1603,16),(160304,'Trompeteros',1603,16),(160305,'Urarinas',1603,16),(160401,'Ramón Castilla',1604,16),(160402,'Pebas',1604,16),(160403,'Yavari',1604,16),(160404,'San Pablo',1604,16),(160501,'Requena',1605,16),(160502,'Alto Tapiche',1605,16),(160503,'Capelo',1605,16),(160504,'Emilio San Martín',1605,16),(160505,'Maquia',1605,16),(160506,'Puinahua',1605,16),(160507,'Saquena',1605,16),(160508,'Soplin',1605,16),(160509,'Tapiche',1605,16),(160510,'Jenaro Herrera',1605,16),(160511,'Yaquerana',1605,16),(160601,'Contamana',1606,16),(160602,'Inahuaya',1606,16),(160603,'Padre Márquez',1606,16),(160604,'Pampa Hermosa',1606,16),(160605,'Sarayacu',1606,16),(160606,'Vargas Guerra',1606,16),(160701,'Barranca',1607,16),(160702,'Cahuapanas',1607,16),(160703,'Manseriche',1607,16),(160704,'Morona',1607,16),(160705,'Pastaza',1607,16),(160706,'Andoas',1607,16),(160801,'Putumayo',1608,16),(160802,'Rosa Panduro',1608,16),(160803,'Teniente Manuel Clavero',1608,16),(160804,'Yaguas',1608,16),(170101,'Tambopata',1701,17),(170102,'Inambari',1701,17),(170103,'Las Piedras',1701,17),(170104,'Laberinto',1701,17),(170201,'Manu',1702,17),(170202,'Fitzcarrald',1702,17),(170203,'Madre de Dios',1702,17),(170204,'Huepetuhe',1702,17),(170301,'Iñapari',1703,17),(170302,'Iberia',1703,17),(170303,'Tahuamanu',1703,17),(180101,'Moquegua',1801,18),(180102,'Carumas',1801,18),(180103,'Cuchumbaya',1801,18),(180104,'Samegua',1801,18),(180105,'San Cristóbal',1801,18),(180106,'Torata',1801,18),(180201,'Omate',1802,18),(180202,'Chojata',1802,18),(180203,'Coalaque',1802,18),(180204,'Ichuña',1802,18),(180205,'La Capilla',1802,18),(180206,'Lloque',1802,18),(180207,'Matalaque',1802,18),(180208,'Puquina',1802,18),(180209,'Quinistaquillas',1802,18),(180210,'Ubinas',1802,18),(180211,'Yunga',1802,18),(180301,'Ilo',1803,18),(180302,'El Algarrobal',1803,18),(180303,'Pacocha',1803,18),(190101,'Chaupimarca',1901,19),(190102,'Huachon',1901,19),(190103,'Huariaca',1901,19),(190104,'Huayllay',1901,19),(190105,'Ninacaca',1901,19),(190106,'Pallanchacra',1901,19),(190107,'Paucartambo',1901,19),(190108,'San Francisco de Asís de Yarusyacan',1901,19),(190109,'Simon Bolívar',1901,19),(190110,'Ticlacayan',1901,19),(190111,'Tinyahuarco',1901,19),(190112,'Vicco',1901,19),(190113,'Yanacancha',1901,19),(190201,'Yanahuanca',1902,19),(190202,'Chacayan',1902,19),(190203,'Goyllarisquizga',1902,19),(190204,'Paucar',1902,19),(190205,'San Pedro de Pillao',1902,19),(190206,'Santa Ana de Tusi',1902,19),(190207,'Tapuc',1902,19),(190208,'Vilcabamba',1902,19),(190301,'Oxapampa',1903,19),(190302,'Chontabamba',1903,19),(190303,'Huancabamba',1903,19),(190304,'Palcazu',1903,19),(190305,'Pozuzo',1903,19),(190306,'Puerto Bermúdez',1903,19),(190307,'Villa Rica',1903,19),(190308,'Constitución',1903,19),(200101,'Piura',2001,20),(200104,'Castilla',2001,20),(200105,'Catacaos',2001,20),(200107,'Cura Mori',2001,20),(200108,'El Tallan',2001,20),(200109,'La Arena',2001,20),(200110,'La Unión',2001,20),(200111,'Las Lomas',2001,20),(200114,'Tambo Grande',2001,20),(200115,'Veintiseis de Octubre',2001,20),(200201,'Ayabaca',2002,20),(200202,'Frias',2002,20),(200203,'Jilili',2002,20),(200204,'Lagunas',2002,20),(200205,'Montero',2002,20),(200206,'Pacaipampa',2002,20),(200207,'Paimas',2002,20),(200208,'Sapillica',2002,20),(200209,'Sicchez',2002,20),(200210,'Suyo',2002,20),(200301,'Huancabamba',2003,20),(200302,'Canchaque',2003,20),(200303,'El Carmen de la Frontera',2003,20),(200304,'Huarmaca',2003,20),(200305,'Lalaquiz',2003,20),(200306,'San Miguel de El Faique',2003,20),(200307,'Sondor',2003,20),(200308,'Sondorillo',2003,20),(200401,'Chulucanas',2004,20),(200402,'Buenos Aires',2004,20),(200403,'Chalaco',2004,20),(200404,'La Matanza',2004,20),(200405,'Morropon',2004,20),(200406,'Salitral',2004,20),(200407,'San Juan de Bigote',2004,20),(200408,'Santa Catalina de Mossa',2004,20),(200409,'Santo Domingo',2004,20),(200410,'Yamango',2004,20),(200501,'Paita',2005,20),(200502,'Amotape',2005,20),(200503,'Arenal',2005,20),(200504,'Colan',2005,20),(200505,'La Huaca',2005,20),(200506,'Tamarindo',2005,20),(200507,'Vichayal',2005,20),(200601,'Sullana',2006,20),(200602,'Bellavista',2006,20),(200603,'Ignacio Escudero',2006,20),(200604,'Lancones',2006,20),(200605,'Marcavelica',2006,20),(200606,'Miguel Checa',2006,20),(200607,'Querecotillo',2006,20),(200608,'Salitral',2006,20),(200701,'Pariñas',2007,20),(200702,'El Alto',2007,20),(200703,'La Brea',2007,20),(200704,'Lobitos',2007,20),(200705,'Los Organos',2007,20),(200706,'Mancora',2007,20),(200801,'Sechura',2008,20),(200802,'Bellavista de la Unión',2008,20),(200803,'Bernal',2008,20),(200804,'Cristo Nos Valga',2008,20),(200805,'Vice',2008,20),(200806,'Rinconada Llicuar',2008,20),(210101,'Puno',2101,21),(210102,'Acora',2101,21),(210103,'Amantani',2101,21),(210104,'Atuncolla',2101,21),(210105,'Capachica',2101,21),(210106,'Chucuito',2101,21),(210107,'Coata',2101,21),(210108,'Huata',2101,21),(210109,'Mañazo',2101,21),(210110,'Paucarcolla',2101,21),(210111,'Pichacani',2101,21),(210112,'Plateria',2101,21),(210113,'San Antonio',2101,21),(210114,'Tiquillaca',2101,21),(210115,'Vilque',2101,21),(210201,'Azángaro',2102,21),(210202,'Achaya',2102,21),(210203,'Arapa',2102,21),(210204,'Asillo',2102,21),(210205,'Caminaca',2102,21),(210206,'Chupa',2102,21),(210207,'José Domingo Choquehuanca',2102,21),(210208,'Muñani',2102,21),(210209,'Potoni',2102,21),(210210,'Saman',2102,21),(210211,'San Anton',2102,21),(210212,'San José',2102,21),(210213,'San Juan de Salinas',2102,21),(210214,'Santiago de Pupuja',2102,21),(210215,'Tirapata',2102,21),(210301,'Macusani',2103,21),(210302,'Ajoyani',2103,21),(210303,'Ayapata',2103,21),(210304,'Coasa',2103,21),(210305,'Corani',2103,21),(210306,'Crucero',2103,21),(210307,'Ituata',2103,21),(210308,'Ollachea',2103,21),(210309,'San Gaban',2103,21),(210310,'Usicayos',2103,21),(210401,'Juli',2104,21),(210402,'Desaguadero',2104,21),(210403,'Huacullani',2104,21),(210404,'Kelluyo',2104,21),(210405,'Pisacoma',2104,21),(210406,'Pomata',2104,21),(210407,'Zepita',2104,21),(210501,'Ilave',2105,21),(210502,'Capazo',2105,21),(210503,'Pilcuyo',2105,21),(210504,'Santa Rosa',2105,21),(210505,'Conduriri',2105,21),(210601,'Huancane',2106,21),(210602,'Cojata',2106,21),(210603,'Huatasani',2106,21),(210604,'Inchupalla',2106,21),(210605,'Pusi',2106,21),(210606,'Rosaspata',2106,21),(210607,'Taraco',2106,21),(210608,'Vilque Chico',2106,21),(210701,'Lampa',2107,21),(210702,'Cabanilla',2107,21),(210703,'Calapuja',2107,21),(210704,'Nicasio',2107,21),(210705,'Ocuviri',2107,21),(210706,'Palca',2107,21),(210707,'Paratia',2107,21),(210708,'Pucara',2107,21),(210709,'Santa Lucia',2107,21),(210710,'Vilavila',2107,21),(210801,'Ayaviri',2108,21),(210802,'Antauta',2108,21),(210803,'Cupi',2108,21),(210804,'Llalli',2108,21),(210805,'Macari',2108,21),(210806,'Nuñoa',2108,21),(210807,'Orurillo',2108,21),(210808,'Santa Rosa',2108,21),(210809,'Umachiri',2108,21),(210901,'Moho',2109,21),(210902,'Conima',2109,21),(210903,'Huayrapata',2109,21),(210904,'Tilali',2109,21),(211001,'Putina',2110,21),(211002,'Ananea',2110,21),(211003,'Pedro Vilca Apaza',2110,21),(211004,'Quilcapuncu',2110,21),(211005,'Sina',2110,21),(211101,'Juliaca',2111,21),(211102,'Cabana',2111,21),(211103,'Cabanillas',2111,21),(211104,'Caracoto',2111,21),(211105,'San Miguel',2111,21),(211201,'Sandia',2112,21),(211202,'Cuyocuyo',2112,21),(211203,'Limbani',2112,21),(211204,'Patambuco',2112,21),(211205,'Phara',2112,21),(211206,'Quiaca',2112,21),(211207,'San Juan del Oro',2112,21),(211208,'Yanahuaya',2112,21),(211209,'Alto Inambari',2112,21),(211210,'San Pedro de Putina Punco',2112,21),(211301,'Yunguyo',2113,21),(211302,'Anapia',2113,21),(211303,'Copani',2113,21),(211304,'Cuturapi',2113,21),(211305,'Ollaraya',2113,21),(211306,'Tinicachi',2113,21),(211307,'Unicachi',2113,21),(220101,'Moyobamba',2201,22),(220102,'Calzada',2201,22),(220103,'Habana',2201,22),(220104,'Jepelacio',2201,22),(220105,'Soritor',2201,22),(220106,'Yantalo',2201,22),(220201,'Bellavista',2202,22),(220202,'Alto Biavo',2202,22),(220203,'Bajo Biavo',2202,22),(220204,'Huallaga',2202,22),(220205,'San Pablo',2202,22),(220206,'San Rafael',2202,22),(220301,'San José de Sisa',2203,22),(220302,'Agua Blanca',2203,22),(220303,'San Martín',2203,22),(220304,'Santa Rosa',2203,22),(220305,'Shatoja',2203,22),(220401,'Saposoa',2204,22),(220402,'Alto Saposoa',2204,22),(220403,'El Eslabón',2204,22),(220404,'Piscoyacu',2204,22),(220405,'Sacanche',2204,22),(220406,'Tingo de Saposoa',2204,22),(220501,'Lamas',2205,22),(220502,'Alonso de Alvarado',2205,22),(220503,'Barranquita',2205,22),(220504,'Caynarachi',2205,22),(220505,'Cuñumbuqui',2205,22),(220506,'Pinto Recodo',2205,22),(220507,'Rumisapa',2205,22),(220508,'San Roque de Cumbaza',2205,22),(220509,'Shanao',2205,22),(220510,'Tabalosos',2205,22),(220511,'Zapatero',2205,22),(220601,'Juanjuí',2206,22),(220602,'Campanilla',2206,22),(220603,'Huicungo',2206,22),(220604,'Pachiza',2206,22),(220605,'Pajarillo',2206,22),(220701,'Picota',2207,22),(220702,'Buenos Aires',2207,22),(220703,'Caspisapa',2207,22),(220704,'Pilluana',2207,22),(220705,'Pucacaca',2207,22),(220706,'San Cristóbal',2207,22),(220707,'San Hilarión',2207,22),(220708,'Shamboyacu',2207,22),(220709,'Tingo de Ponasa',2207,22),(220710,'Tres Unidos',2207,22),(220801,'Rioja',2208,22),(220802,'Awajun',2208,22),(220803,'Elías Soplin Vargas',2208,22),(220804,'Nueva Cajamarca',2208,22),(220805,'Pardo Miguel',2208,22),(220806,'Posic',2208,22),(220807,'San Fernando',2208,22),(220808,'Yorongos',2208,22),(220809,'Yuracyacu',2208,22),(220901,'Tarapoto',2209,22),(220902,'Alberto Leveau',2209,22),(220903,'Cacatachi',2209,22),(220904,'Chazuta',2209,22),(220905,'Chipurana',2209,22),(220906,'El Porvenir',2209,22),(220907,'Huimbayoc',2209,22),(220908,'Juan Guerra',2209,22),(220909,'La Banda de Shilcayo',2209,22),(220910,'Morales',2209,22),(220911,'Papaplaya',2209,22),(220912,'San Antonio',2209,22),(220913,'Sauce',2209,22),(220914,'Shapaja',2209,22),(221001,'Tocache',2210,22),(221002,'Nuevo Progreso',2210,22),(221003,'Polvora',2210,22),(221004,'Shunte',2210,22),(221005,'Uchiza',2210,22),(230101,'Tacna',2301,23),(230102,'Alto de la Alianza',2301,23),(230103,'Calana',2301,23),(230104,'Ciudad Nueva',2301,23),(230105,'Inclan',2301,23),(230106,'Pachia',2301,23),(230107,'Palca',2301,23),(230108,'Pocollay',2301,23),(230109,'Sama',2301,23),(230110,'Coronel Gregorio Albarracín Lanchipa',2301,23),(230111,'La Yarada los Palos',2301,23),(230201,'Candarave',2302,23),(230202,'Cairani',2302,23),(230203,'Camilaca',2302,23),(230204,'Curibaya',2302,23),(230205,'Huanuara',2302,23),(230206,'Quilahuani',2302,23),(230301,'Locumba',2303,23),(230302,'Ilabaya',2303,23),(230303,'Ite',2303,23),(230401,'Tarata',2304,23),(230402,'Héroes Albarracín',2304,23),(230403,'Estique',2304,23),(230404,'Estique-Pampa',2304,23),(230405,'Sitajara',2304,23),(230406,'Susapaya',2304,23),(230407,'Tarucachi',2304,23),(230408,'Ticaco',2304,23),(240101,'Tumbes',2401,24),(240102,'Corrales',2401,24),(240103,'La Cruz',2401,24),(240104,'Pampas de Hospital',2401,24),(240105,'San Jacinto',2401,24),(240106,'San Juan de la Virgen',2401,24),(240201,'Zorritos',2402,24),(240202,'Casitas',2402,24),(240203,'Canoas de Punta Sal',2402,24),(240301,'Zarumilla',2403,24),(240302,'Aguas Verdes',2403,24),(240303,'Matapalo',2403,24),(240304,'Papayal',2403,24),(250101,'Calleria',2501,25),(250102,'Campoverde',2501,25),(250103,'Iparia',2501,25),(250104,'Masisea',2501,25),(250105,'Yarinacocha',2501,25),(250106,'Nueva Requena',2501,25),(250107,'Manantay',2501,25),(250201,'Raymondi',2502,25),(250202,'Sepahua',2502,25),(250203,'Tahuania',2502,25),(250204,'Yurua',2502,25),(250301,'Padre Abad',2503,25),(250302,'Irazola',2503,25),(250303,'Curimana',2503,25),(250304,'Neshuya',2503,25),(250305,'Alexander Von Humboldt',2503,25),(250401,'Purus',2504,25);

UNLOCK TABLES;

/*Table structure for table `f_eval_motivacional` */

DROP TABLE IF EXISTS `f_eval_motivacional`;

CREATE TABLE `f_eval_motivacional` (
  `IDEEVAL_MOTIVACIONAL` int NOT NULL AUTO_INCREMENT,
  `IDPERSONAL` int DEFAULT NULL,
  `IDENTIDAD` int DEFAULT NULL,
  `IDCENTRO_MAC` int DEFAULT NULL,
  `PROACTIVIDAD` varchar(50) DEFAULT NULL,
  `CALIDAD_SERVICIO` varchar(50) DEFAULT NULL,
  `COMPROMISO` varchar(50) DEFAULT NULL,
  `VESTIMENTA` varchar(50) DEFAULT NULL,
  `TOTAL_P` varchar(70) DEFAULT NULL,
  `MES` varchar(10) DEFAULT NULL,
  `AÑO` varchar(10) DEFAULT NULL,
  `FLAG` tinyint DEFAULT NULL,
  `IDPERSONA_REGISTRA` int DEFAULT NULL,
  `CREATED_AT` timestamp NULL DEFAULT NULL,
  `UPDATED_AT` timestamp NULL DEFAULT NULL,
  PRIMARY KEY (`IDEEVAL_MOTIVACIONAL`)
) ENGINE=InnoDB AUTO_INCREMENT=35 DEFAULT CHARSET=utf8mb4 COLLATE=utf8mb4_0900_ai_ci;

/*Data for the table `f_eval_motivacional` */

LOCK TABLES `f_eval_motivacional` WRITE;

insert  into `f_eval_motivacional`(`IDEEVAL_MOTIVACIONAL`,`IDPERSONAL`,`IDENTIDAD`,`IDCENTRO_MAC`,`PROACTIVIDAD`,`CALIDAD_SERVICIO`,`COMPROMISO`,`VESTIMENTA`,`TOTAL_P`,`MES`,`AÑO`,`FLAG`,`IDPERSONA_REGISTRA`,`CREATED_AT`,`UPDATED_AT`) values (24,1,3,1,NULL,NULL,NULL,NULL,NULL,'11','2023',1,20,NULL,'2023-11-28 20:40:00'),(25,1,3,1,NULL,NULL,NULL,NULL,NULL,'11','2023',1,55,'2023-11-28 20:18:17','2023-11-28 20:18:20'),(26,5,4,1,NULL,NULL,NULL,NULL,NULL,'11','2023',1,20,'2023-11-28 21:41:08','2023-11-28 22:12:07'),(27,7,16,1,NULL,NULL,NULL,NULL,NULL,'11','2023',1,20,'2023-11-28 22:00:05','2023-11-28 22:14:35'),(28,17,16,1,NULL,NULL,NULL,NULL,NULL,'11','2023',1,20,'2023-11-28 22:00:20','2023-11-28 22:02:46'),(29,51,15,1,'1','2','4','2','9','11','2023',1,20,'2023-11-28 22:00:54','2023-11-28 22:00:56'),(30,52,15,1,NULL,NULL,'2',NULL,NULL,'11','2023',1,20,'2023-11-28 22:01:05','2023-11-28 22:01:05'),(31,18,21,1,NULL,NULL,NULL,NULL,NULL,'11','2023',1,20,'2023-11-28 22:02:53','2023-11-28 22:03:22'),(32,22,1,1,NULL,NULL,NULL,NULL,NULL,'11','2023',1,20,'2023-11-28 22:03:23','2023-11-28 22:03:43'),(33,16,16,1,NULL,NULL,NULL,NULL,NULL,'11','2023',1,20,'2023-11-28 22:23:16','2023-11-28 22:45:42'),(34,28,7,1,NULL,NULL,NULL,NULL,NULL,'11','2023',1,20,'2023-11-28 22:45:16','2023-11-28 22:45:18');

UNLOCK TABLES;

/*Table structure for table `f_mac_03_ver_operacion` */

DROP TABLE IF EXISTS `f_mac_03_ver_operacion`;

CREATE TABLE `f_mac_03_ver_operacion` (
  `IDFMAC_02` int NOT NULL AUTO_INCREMENT,
  `IDDESC_FORM` int DEFAULT NULL,
  `CONFORMIDAD_I` varchar(50) DEFAULT NULL,
  `CONFORMIDAD_F` varchar(50) CHARACTER SET utf8mb4 COLLATE utf8mb4_0900_ai_ci DEFAULT NULL,
  `OBSERVACION_F02` varchar(200) DEFAULT NULL,
  `ZONA_OBSERV` varchar(200) CHARACTER SET utf8mb4 COLLATE utf8mb4_0900_ai_ci DEFAULT NULL,
  `DIA` varchar(10) DEFAULT NULL,
  `MES` varchar(10) DEFAULT NULL,
  `AÑO` varchar(10) DEFAULT NULL,
  `FECHA` date DEFAULT NULL,
  `HORA` time DEFAULT NULL,
  `IDCENTRO_MAC` int DEFAULT NULL,
  `CREATED_AT` timestamp NULL DEFAULT NULL,
  `UPDATED_AT` timestamp NULL DEFAULT NULL,
  PRIMARY KEY (`IDFMAC_02`)
) ENGINE=InnoDB AUTO_INCREMENT=263 DEFAULT CHARSET=utf8mb4 COLLATE=utf8mb4_0900_ai_ci;

/*Data for the table `f_mac_03_ver_operacion` */

LOCK TABLES `f_mac_03_ver_operacion` WRITE;

insert  into `f_mac_03_ver_operacion`(`IDFMAC_02`,`IDDESC_FORM`,`CONFORMIDAD_I`,`CONFORMIDAD_F`,`OBSERVACION_F02`,`ZONA_OBSERV`,`DIA`,`MES`,`AÑO`,`FECHA`,`HORA`,`IDCENTRO_MAC`,`CREATED_AT`,`UPDATED_AT`) values (1,2,'SI','null',NULL,NULL,'07','12','2023','2023-12-07','17:05:40',1,'2023-12-07 17:05:40','2023-12-07 17:05:40'),(2,3,'SI','null',NULL,NULL,'07','12','2023','2023-12-07','17:05:40',1,'2023-12-07 17:05:40','2023-12-07 17:05:40'),(3,7,'SI','null',NULL,NULL,'07','12','2023','2023-12-07','17:05:40',1,'2023-12-07 17:05:40','2023-12-07 17:05:40'),(4,5,'SI','null',NULL,NULL,'07','12','2023','2023-12-07','17:05:40',1,'2023-12-07 17:05:40','2023-12-07 17:05:40'),(5,4,'SI','null',NULL,NULL,'07','12','2023','2023-12-07','17:05:40',1,'2023-12-07 17:05:40','2023-12-07 17:05:40'),(6,6,'SI','null',NULL,NULL,'07','12','2023','2023-12-07','17:05:40',1,'2023-12-07 17:05:40','2023-12-07 17:05:40'),(7,8,'SI','null',NULL,NULL,'07','12','2023','2023-12-07','17:05:40',1,'2023-12-07 17:05:40','2023-12-07 17:05:40'),(8,9,'null','null',NULL,NULL,'07','12','2023','2023-12-07','17:05:40',1,'2023-12-07 17:05:40','2023-12-07 17:05:40'),(9,13,'null','null',NULL,NULL,'07','12','2023','2023-12-07','17:05:40',1,'2023-12-07 17:05:40','2023-12-07 17:05:40'),(10,12,'null','null',NULL,NULL,'07','12','2023','2023-12-07','17:05:40',1,'2023-12-07 17:05:40','2023-12-07 17:05:40'),(11,14,'null','null',NULL,NULL,'07','12','2023','2023-12-07','17:05:40',1,'2023-12-07 17:05:40','2023-12-07 17:05:40'),(12,15,'null','null',NULL,NULL,'07','12','2023','2023-12-07','17:05:40',1,'2023-12-07 17:05:40','2023-12-07 17:05:40'),(13,16,'null','null',NULL,NULL,'07','12','2023','2023-12-07','17:05:40',1,'2023-12-07 17:05:40','2023-12-07 17:05:40'),(14,17,'null','null',NULL,NULL,'07','12','2023','2023-12-07','17:05:40',1,'2023-12-07 17:05:40','2023-12-07 17:05:40'),(15,18,'null','null',NULL,NULL,'07','12','2023','2023-12-07','17:05:40',1,'2023-12-07 17:05:40','2023-12-07 17:05:40'),(16,19,'null','null',NULL,NULL,'07','12','2023','2023-12-07','17:05:40',1,'2023-12-07 17:05:40','2023-12-07 17:05:40'),(17,21,'null','null',NULL,NULL,'07','12','2023','2023-12-07','17:05:40',1,'2023-12-07 17:05:40','2023-12-07 17:05:40'),(18,23,'null','null',NULL,NULL,'07','12','2023','2023-12-07','17:05:40',1,'2023-12-07 17:05:40','2023-12-07 17:05:40'),(19,25,'null','null',NULL,NULL,'07','12','2023','2023-12-07','17:05:40',1,'2023-12-07 17:05:40','2023-12-07 17:05:40'),(20,26,'null','null',NULL,NULL,'07','12','2023','2023-12-07','17:05:40',1,'2023-12-07 17:05:40','2023-12-07 17:05:40'),(21,27,'null','null',NULL,NULL,'07','12','2023','2023-12-07','17:05:40',1,'2023-12-07 17:05:40','2023-12-07 17:05:40'),(22,29,'null','null',NULL,NULL,'07','12','2023','2023-12-07','17:05:40',1,'2023-12-07 17:05:40','2023-12-07 17:05:40'),(23,28,'null','null',NULL,NULL,'07','12','2023','2023-12-07','17:05:40',1,'2023-12-07 17:05:40','2023-12-07 17:05:40'),(24,32,'null','null',NULL,NULL,'07','12','2023','2023-12-07','17:05:40',1,'2023-12-07 17:05:40','2023-12-07 17:05:40'),(25,30,'null','null',NULL,NULL,'07','12','2023','2023-12-07','17:05:40',1,'2023-12-07 17:05:40','2023-12-07 17:05:40'),(26,33,'null','null',NULL,NULL,'07','12','2023','2023-12-07','17:05:40',1,'2023-12-07 17:05:40','2023-12-07 17:05:40'),(27,34,'null','null',NULL,NULL,'07','12','2023','2023-12-07','17:05:40',1,'2023-12-07 17:05:40','2023-12-07 17:05:40'),(28,35,'null','null',NULL,NULL,'07','12','2023','2023-12-07','17:05:40',1,'2023-12-07 17:05:40','2023-12-07 17:05:40'),(29,36,'null','null',NULL,NULL,'07','12','2023','2023-12-07','17:05:40',1,'2023-12-07 17:05:40','2023-12-07 17:05:40'),(30,37,'null','null',NULL,NULL,'07','12','2023','2023-12-07','17:05:40',1,'2023-12-07 17:05:40','2023-12-07 17:05:40'),(31,38,'null','null',NULL,NULL,'07','12','2023','2023-12-07','17:05:40',1,'2023-12-07 17:05:40','2023-12-07 17:05:40'),(32,39,'null','null',NULL,NULL,'07','12','2023','2023-12-07','17:05:40',1,'2023-12-07 17:05:40','2023-12-07 17:05:40'),(33,40,'null','null',NULL,NULL,'07','12','2023','2023-12-07','17:05:40',1,'2023-12-07 17:05:40','2023-12-07 17:05:40'),(34,4,'SI','null',NULL,NULL,'07','12','2023','2023-12-07','17:11:50',1,'2023-12-07 17:11:50','2023-12-07 17:11:50'),(35,7,'SI','null',NULL,NULL,'07','12','2023','2023-12-07','17:11:50',1,'2023-12-07 17:11:50','2023-12-07 17:11:50'),(36,3,'SI','null',NULL,NULL,'07','12','2023','2023-12-07','17:11:50',1,'2023-12-07 17:11:50','2023-12-07 17:11:50'),(37,5,'SI','null',NULL,NULL,'07','12','2023','2023-12-07','17:11:50',1,'2023-12-07 17:11:50','2023-12-07 17:11:50'),(38,6,'SI','null',NULL,NULL,'07','12','2023','2023-12-07','17:11:50',1,'2023-12-07 17:11:50','2023-12-07 17:11:50'),(39,2,'SI','null',NULL,NULL,'07','12','2023','2023-12-07','17:11:50',1,'2023-12-07 17:11:50','2023-12-07 17:11:50'),(40,8,'SI','null',NULL,NULL,'07','12','2023','2023-12-07','17:11:50',1,'2023-12-07 17:11:50','2023-12-07 17:11:50'),(41,9,'null','null',NULL,NULL,'07','12','2023','2023-12-07','17:11:50',1,'2023-12-07 17:11:50','2023-12-07 17:11:50'),(42,13,'null','null',NULL,NULL,'07','12','2023','2023-12-07','17:11:50',1,'2023-12-07 17:11:50','2023-12-07 17:11:50'),(43,15,'null','null',NULL,NULL,'07','12','2023','2023-12-07','17:11:50',1,'2023-12-07 17:11:50','2023-12-07 17:11:50'),(44,14,'null','null',NULL,NULL,'07','12','2023','2023-12-07','17:11:50',1,'2023-12-07 17:11:50','2023-12-07 17:11:50'),(45,12,'null','null',NULL,NULL,'07','12','2023','2023-12-07','17:11:50',1,'2023-12-07 17:11:50','2023-12-07 17:11:50'),(46,17,'null','null',NULL,NULL,'07','12','2023','2023-12-07','17:11:50',1,'2023-12-07 17:11:50','2023-12-07 17:11:50'),(47,16,'null','null',NULL,NULL,'07','12','2023','2023-12-07','17:11:50',1,'2023-12-07 17:11:50','2023-12-07 17:11:50'),(48,18,'null','null',NULL,NULL,'07','12','2023','2023-12-07','17:11:50',1,'2023-12-07 17:11:50','2023-12-07 17:11:50'),(49,22,'null','null',NULL,NULL,'07','12','2023','2023-12-07','17:11:50',1,'2023-12-07 17:11:50','2023-12-07 17:11:50'),(50,19,'null','null',NULL,NULL,'07','12','2023','2023-12-07','17:11:50',1,'2023-12-07 17:11:50','2023-12-07 17:11:50'),(51,21,'null','null',NULL,NULL,'07','12','2023','2023-12-07','17:11:50',1,'2023-12-07 17:11:50','2023-12-07 17:11:50'),(52,25,'null','null',NULL,NULL,'07','12','2023','2023-12-07','17:11:50',1,'2023-12-07 17:11:50','2023-12-07 17:11:50'),(53,27,'null','null',NULL,NULL,'07','12','2023','2023-12-07','17:11:50',1,'2023-12-07 17:11:50','2023-12-07 17:11:50'),(54,23,'null','null',NULL,NULL,'07','12','2023','2023-12-07','17:11:50',1,'2023-12-07 17:11:50','2023-12-07 17:11:50'),(55,26,'null','null',NULL,NULL,'07','12','2023','2023-12-07','17:11:50',1,'2023-12-07 17:11:50','2023-12-07 17:11:50'),(56,28,'null','null',NULL,NULL,'07','12','2023','2023-12-07','17:11:50',1,'2023-12-07 17:11:50','2023-12-07 17:11:50'),(57,29,'null','null',NULL,NULL,'07','12','2023','2023-12-07','17:11:50',1,'2023-12-07 17:11:50','2023-12-07 17:11:50'),(58,30,'null','null',NULL,NULL,'07','12','2023','2023-12-07','17:11:50',1,'2023-12-07 17:11:50','2023-12-07 17:11:50'),(59,32,'null','null',NULL,NULL,'07','12','2023','2023-12-07','17:11:50',1,'2023-12-07 17:11:50','2023-12-07 17:11:50'),(60,34,'null','null',NULL,NULL,'07','12','2023','2023-12-07','17:11:50',1,'2023-12-07 17:11:50','2023-12-07 17:11:50'),(61,33,'null','null',NULL,NULL,'07','12','2023','2023-12-07','17:11:50',1,'2023-12-07 17:11:50','2023-12-07 17:11:50'),(62,35,'null','null',NULL,NULL,'07','12','2023','2023-12-07','17:11:50',1,'2023-12-07 17:11:50','2023-12-07 17:11:50'),(63,36,'null','null',NULL,NULL,'07','12','2023','2023-12-07','17:11:51',1,'2023-12-07 17:11:51','2023-12-07 17:11:51'),(64,37,'null','null',NULL,NULL,'07','12','2023','2023-12-07','17:11:51',1,'2023-12-07 17:11:51','2023-12-07 17:11:51'),(65,38,'null','null',NULL,NULL,'07','12','2023','2023-12-07','17:11:51',1,'2023-12-07 17:11:51','2023-12-07 17:11:51'),(66,39,'null','null',NULL,NULL,'07','12','2023','2023-12-07','17:11:51',1,'2023-12-07 17:11:51','2023-12-07 17:11:51'),(67,40,'null','null',NULL,NULL,'07','12','2023','2023-12-07','17:11:51',1,'2023-12-07 17:11:51','2023-12-07 17:11:51'),(68,2,'SI','null',NULL,NULL,'07','12','2023','2023-12-07','17:21:47',1,'2023-12-07 17:21:47','2023-12-07 17:21:47'),(69,3,'SI','null',NULL,NULL,'07','12','2023','2023-12-07','17:21:47',1,'2023-12-07 17:21:47','2023-12-07 17:21:47'),(70,4,'SI','null',NULL,NULL,'07','12','2023','2023-12-07','17:21:47',1,'2023-12-07 17:21:47','2023-12-07 17:21:47'),(71,4,'SI','null',NULL,NULL,'07','12','2023','2023-12-07','17:21:47',1,'2023-12-07 17:21:47','2023-12-07 17:21:47'),(72,2,'SI','null','dfgdfg',NULL,'07','12','2023','2023-12-07','17:21:47',1,'2023-12-07 17:21:47','2023-12-07 17:21:47'),(73,3,'SI','null',NULL,NULL,'07','12','2023','2023-12-07','17:21:47',1,'2023-12-07 17:21:47','2023-12-07 17:21:47'),(74,5,'SI','null',NULL,NULL,'07','12','2023','2023-12-07','17:21:47',1,'2023-12-07 17:21:47','2023-12-07 17:21:47'),(75,6,'SI','null',NULL,NULL,'07','12','2023','2023-12-07','17:21:47',1,'2023-12-07 17:21:47','2023-12-07 17:21:47'),(76,5,'SI','null',NULL,NULL,'07','12','2023','2023-12-07','17:21:47',1,'2023-12-07 17:21:47','2023-12-07 17:21:47'),(77,7,'SI','null',NULL,NULL,'07','12','2023','2023-12-07','17:21:47',1,'2023-12-07 17:21:47','2023-12-07 17:21:47'),(78,7,'SI','null',NULL,NULL,'07','12','2023','2023-12-07','17:21:47',1,'2023-12-07 17:21:47','2023-12-07 17:21:47'),(79,6,'SI','null',NULL,NULL,'07','12','2023','2023-12-07','17:21:47',1,'2023-12-07 17:21:47','2023-12-07 17:21:47'),(80,8,'SI','null',NULL,NULL,'07','12','2023','2023-12-07','17:21:47',1,'2023-12-07 17:21:47','2023-12-07 17:21:47'),(81,8,'SI','null',NULL,NULL,'07','12','2023','2023-12-07','17:21:47',1,'2023-12-07 17:21:47','2023-12-07 17:21:47'),(82,9,'null','null',NULL,NULL,'07','12','2023','2023-12-07','17:21:47',1,'2023-12-07 17:21:47','2023-12-07 17:21:47'),(83,9,'null','null',NULL,NULL,'07','12','2023','2023-12-07','17:21:47',1,'2023-12-07 17:21:47','2023-12-07 17:21:47'),(84,12,'null','null',NULL,NULL,'07','12','2023','2023-12-07','17:21:47',1,'2023-12-07 17:21:47','2023-12-07 17:21:47'),(85,12,'null','null',NULL,NULL,'07','12','2023','2023-12-07','17:21:47',1,'2023-12-07 17:21:47','2023-12-07 17:21:47'),(86,13,'null','null',NULL,NULL,'07','12','2023','2023-12-07','17:21:47',1,'2023-12-07 17:21:47','2023-12-07 17:21:47'),(87,14,'null','null',NULL,NULL,'07','12','2023','2023-12-07','17:21:47',1,'2023-12-07 17:21:47','2023-12-07 17:21:47'),(88,13,'null','null',NULL,NULL,'07','12','2023','2023-12-07','17:21:47',1,'2023-12-07 17:21:47','2023-12-07 17:21:47'),(89,14,'null','null',NULL,NULL,'07','12','2023','2023-12-07','17:21:47',1,'2023-12-07 17:21:47','2023-12-07 17:21:47'),(90,15,'null','null',NULL,NULL,'07','12','2023','2023-12-07','17:21:47',1,'2023-12-07 17:21:47','2023-12-07 17:21:47'),(91,15,'null','null',NULL,NULL,'07','12','2023','2023-12-07','17:21:47',1,'2023-12-07 17:21:47','2023-12-07 17:21:47'),(92,16,'null','null',NULL,NULL,'07','12','2023','2023-12-07','17:21:47',1,'2023-12-07 17:21:47','2023-12-07 17:21:47'),(93,16,'null','null',NULL,NULL,'07','12','2023','2023-12-07','17:21:47',1,'2023-12-07 17:21:47','2023-12-07 17:21:47'),(94,17,'null','null',NULL,NULL,'07','12','2023','2023-12-07','17:21:47',1,'2023-12-07 17:21:47','2023-12-07 17:21:47'),(95,17,'null','null',NULL,NULL,'07','12','2023','2023-12-07','17:21:47',1,'2023-12-07 17:21:47','2023-12-07 17:21:47'),(96,18,'null','null',NULL,NULL,'07','12','2023','2023-12-07','17:21:47',1,'2023-12-07 17:21:47','2023-12-07 17:21:47'),(97,18,'null','null',NULL,NULL,'07','12','2023','2023-12-07','17:21:47',1,'2023-12-07 17:21:47','2023-12-07 17:21:47'),(98,19,'null','null',NULL,NULL,'07','12','2023','2023-12-07','17:21:47',1,'2023-12-07 17:21:47','2023-12-07 17:21:47'),(99,21,'null','null',NULL,NULL,'07','12','2023','2023-12-07','17:21:47',1,'2023-12-07 17:21:47','2023-12-07 17:21:47'),(100,19,'null','null',NULL,NULL,'07','12','2023','2023-12-07','17:21:47',1,'2023-12-07 17:21:47','2023-12-07 17:21:47'),(101,21,'null','null',NULL,NULL,'07','12','2023','2023-12-07','17:21:47',1,'2023-12-07 17:21:47','2023-12-07 17:21:47'),(102,22,'null','null',NULL,NULL,'07','12','2023','2023-12-07','17:21:47',1,'2023-12-07 17:21:47','2023-12-07 17:21:47'),(103,23,'null','null',NULL,NULL,'07','12','2023','2023-12-07','17:21:47',1,'2023-12-07 17:21:47','2023-12-07 17:21:47'),(104,23,'null','null',NULL,NULL,'07','12','2023','2023-12-07','17:21:47',1,'2023-12-07 17:21:47','2023-12-07 17:21:47'),(105,25,'null','null',NULL,NULL,'07','12','2023','2023-12-07','17:21:47',1,'2023-12-07 17:21:47','2023-12-07 17:21:47'),(106,25,'null','null',NULL,NULL,'07','12','2023','2023-12-07','17:21:47',1,'2023-12-07 17:21:47','2023-12-07 17:21:47'),(107,27,'null','null',NULL,NULL,'07','12','2023','2023-12-07','17:21:48',1,'2023-12-07 17:21:48','2023-12-07 17:21:48'),(108,27,'null','null',NULL,NULL,'07','12','2023','2023-12-07','17:21:48',1,'2023-12-07 17:21:48','2023-12-07 17:21:48'),(109,29,'null','null',NULL,NULL,'07','12','2023','2023-12-07','17:21:48',1,'2023-12-07 17:21:48','2023-12-07 17:21:48'),(110,28,'null','null',NULL,NULL,'07','12','2023','2023-12-07','17:21:48',1,'2023-12-07 17:21:48','2023-12-07 17:21:48'),(111,28,'null','null',NULL,NULL,'07','12','2023','2023-12-07','17:21:48',1,'2023-12-07 17:21:48','2023-12-07 17:21:48'),(112,29,'null','null',NULL,NULL,'07','12','2023','2023-12-07','17:21:48',1,'2023-12-07 17:21:48','2023-12-07 17:21:48'),(113,30,'null','null',NULL,NULL,'07','12','2023','2023-12-07','17:21:48',1,'2023-12-07 17:21:48','2023-12-07 17:21:48'),(114,32,'null','null',NULL,NULL,'07','12','2023','2023-12-07','17:21:48',1,'2023-12-07 17:21:48','2023-12-07 17:21:48'),(115,33,'null','null',NULL,NULL,'07','12','2023','2023-12-07','17:21:48',1,'2023-12-07 17:21:48','2023-12-07 17:21:48'),(116,32,'null','null',NULL,NULL,'07','12','2023','2023-12-07','17:21:48',1,'2023-12-07 17:21:48','2023-12-07 17:21:48'),(117,30,'null','null',NULL,NULL,'07','12','2023','2023-12-07','17:21:48',1,'2023-12-07 17:21:48','2023-12-07 17:21:48'),(118,33,'null','null',NULL,NULL,'07','12','2023','2023-12-07','17:21:48',1,'2023-12-07 17:21:48','2023-12-07 17:21:48'),(119,34,'null','null',NULL,NULL,'07','12','2023','2023-12-07','17:21:48',1,'2023-12-07 17:21:48','2023-12-07 17:21:48'),(120,34,'null','null',NULL,NULL,'07','12','2023','2023-12-07','17:21:48',1,'2023-12-07 17:21:48','2023-12-07 17:21:48'),(121,35,'null','null',NULL,NULL,'07','12','2023','2023-12-07','17:21:48',1,'2023-12-07 17:21:48','2023-12-07 17:21:48'),(122,36,'null','null',NULL,NULL,'07','12','2023','2023-12-07','17:21:48',1,'2023-12-07 17:21:48','2023-12-07 17:21:48'),(123,35,'null','null',NULL,NULL,'07','12','2023','2023-12-07','17:21:48',1,'2023-12-07 17:21:48','2023-12-07 17:21:48'),(124,36,'null','null',NULL,NULL,'07','12','2023','2023-12-07','17:21:48',1,'2023-12-07 17:21:48','2023-12-07 17:21:48'),(125,37,'null','null',NULL,NULL,'07','12','2023','2023-12-07','17:21:48',1,'2023-12-07 17:21:48','2023-12-07 17:21:48'),(126,37,'null','null',NULL,NULL,'07','12','2023','2023-12-07','17:21:48',1,'2023-12-07 17:21:48','2023-12-07 17:21:48'),(127,38,'null','null',NULL,NULL,'07','12','2023','2023-12-07','17:21:48',1,'2023-12-07 17:21:48','2023-12-07 17:21:48'),(128,39,'null','null',NULL,NULL,'07','12','2023','2023-12-07','17:21:48',1,'2023-12-07 17:21:48','2023-12-07 17:21:48'),(129,39,'null','null',NULL,NULL,'07','12','2023','2023-12-07','17:21:48',1,'2023-12-07 17:21:48','2023-12-07 17:21:48'),(130,38,'null','null',NULL,NULL,'07','12','2023','2023-12-07','17:21:48',1,'2023-12-07 17:21:48','2023-12-07 17:21:48'),(131,40,'null','null',NULL,NULL,'07','12','2023','2023-12-07','17:21:48',1,'2023-12-07 17:21:48','2023-12-07 17:21:48'),(132,40,'null','null',NULL,NULL,'07','12','2023','2023-12-07','17:21:48',1,'2023-12-07 17:21:48','2023-12-07 17:21:48'),(133,2,'SI','null','dfgdfg',NULL,'07','12','2023','2023-12-07','17:22:14',1,'2023-12-07 17:22:14','2023-12-07 17:22:14'),(134,2,'SI','null','dfgfdgdgdg',NULL,'07','12','2023','2023-12-07','17:22:14',1,'2023-12-07 17:22:14','2023-12-07 17:22:14'),(135,3,'SI','null',NULL,NULL,'07','12','2023','2023-12-07','17:22:14',1,'2023-12-07 17:22:14','2023-12-07 17:22:14'),(136,2,'SI','null',NULL,NULL,'07','12','2023','2023-12-07','17:22:14',1,'2023-12-07 17:22:14','2023-12-07 17:22:14'),(137,2,'SI','null',NULL,NULL,'07','12','2023','2023-12-07','17:22:14',1,'2023-12-07 17:22:14','2023-12-07 17:22:14'),(138,3,'SI','null',NULL,NULL,'07','12','2023','2023-12-07','17:22:14',1,'2023-12-07 17:22:14','2023-12-07 17:22:14'),(139,3,'SI','null',NULL,NULL,'07','12','2023','2023-12-07','17:22:14',1,'2023-12-07 17:22:14','2023-12-07 17:22:14'),(140,4,'SI','null',NULL,NULL,'07','12','2023','2023-12-07','17:22:14',1,'2023-12-07 17:22:14','2023-12-07 17:22:14'),(141,3,'SI','null',NULL,NULL,'07','12','2023','2023-12-07','17:22:14',1,'2023-12-07 17:22:14','2023-12-07 17:22:14'),(142,4,'SI','null',NULL,NULL,'07','12','2023','2023-12-07','17:22:14',1,'2023-12-07 17:22:14','2023-12-07 17:22:14'),(143,4,'SI','null',NULL,NULL,'07','12','2023','2023-12-07','17:22:14',1,'2023-12-07 17:22:14','2023-12-07 17:22:14'),(144,4,'SI','null',NULL,NULL,'07','12','2023','2023-12-07','17:22:14',1,'2023-12-07 17:22:14','2023-12-07 17:22:14'),(145,5,'SI','null',NULL,NULL,'07','12','2023','2023-12-07','17:22:14',1,'2023-12-07 17:22:14','2023-12-07 17:22:14'),(146,5,'SI','null',NULL,NULL,'07','12','2023','2023-12-07','17:22:14',1,'2023-12-07 17:22:14','2023-12-07 17:22:14'),(147,5,'SI','null',NULL,NULL,'07','12','2023','2023-12-07','17:22:14',1,'2023-12-07 17:22:14','2023-12-07 17:22:14'),(148,6,'SI','null',NULL,NULL,'07','12','2023','2023-12-07','17:22:14',1,'2023-12-07 17:22:14','2023-12-07 17:22:14'),(149,5,'SI','null',NULL,NULL,'07','12','2023','2023-12-07','17:22:14',1,'2023-12-07 17:22:14','2023-12-07 17:22:14'),(150,6,'SI','null',NULL,NULL,'07','12','2023','2023-12-07','17:22:14',1,'2023-12-07 17:22:14','2023-12-07 17:22:14'),(151,6,'SI','null',NULL,NULL,'07','12','2023','2023-12-07','17:22:14',1,'2023-12-07 17:22:14','2023-12-07 17:22:14'),(152,7,'SI','null',NULL,NULL,'07','12','2023','2023-12-07','17:22:14',1,'2023-12-07 17:22:14','2023-12-07 17:22:14'),(153,6,'SI','null',NULL,NULL,'07','12','2023','2023-12-07','17:22:14',1,'2023-12-07 17:22:14','2023-12-07 17:22:14'),(154,7,'SI','null',NULL,NULL,'07','12','2023','2023-12-07','17:22:14',1,'2023-12-07 17:22:14','2023-12-07 17:22:14'),(155,7,'SI','null',NULL,NULL,'07','12','2023','2023-12-07','17:22:14',1,'2023-12-07 17:22:14','2023-12-07 17:22:14'),(156,7,'SI','null',NULL,NULL,'07','12','2023','2023-12-07','17:22:14',1,'2023-12-07 17:22:14','2023-12-07 17:22:14'),(157,8,'SI','null',NULL,NULL,'07','12','2023','2023-12-07','17:22:14',1,'2023-12-07 17:22:14','2023-12-07 17:22:14'),(158,8,'SI','null',NULL,NULL,'07','12','2023','2023-12-07','17:22:14',1,'2023-12-07 17:22:14','2023-12-07 17:22:14'),(159,8,'SI','null',NULL,NULL,'07','12','2023','2023-12-07','17:22:14',1,'2023-12-07 17:22:14','2023-12-07 17:22:14'),(160,9,'null','null',NULL,NULL,'07','12','2023','2023-12-07','17:22:14',1,'2023-12-07 17:22:14','2023-12-07 17:22:14'),(161,8,'SI','null',NULL,NULL,'07','12','2023','2023-12-07','17:22:14',1,'2023-12-07 17:22:14','2023-12-07 17:22:14'),(162,9,'null','null',NULL,NULL,'07','12','2023','2023-12-07','17:22:14',1,'2023-12-07 17:22:14','2023-12-07 17:22:14'),(163,9,'null','null',NULL,NULL,'07','12','2023','2023-12-07','17:22:14',1,'2023-12-07 17:22:14','2023-12-07 17:22:14'),(164,12,'null','null',NULL,NULL,'07','12','2023','2023-12-07','17:22:14',1,'2023-12-07 17:22:14','2023-12-07 17:22:14'),(165,9,'null','null',NULL,NULL,'07','12','2023','2023-12-07','17:22:14',1,'2023-12-07 17:22:14','2023-12-07 17:22:14'),(166,12,'null','null',NULL,NULL,'07','12','2023','2023-12-07','17:22:15',1,'2023-12-07 17:22:15','2023-12-07 17:22:15'),(167,12,'null','null',NULL,NULL,'07','12','2023','2023-12-07','17:22:15',1,'2023-12-07 17:22:15','2023-12-07 17:22:15'),(168,12,'null','null',NULL,NULL,'07','12','2023','2023-12-07','17:22:15',1,'2023-12-07 17:22:15','2023-12-07 17:22:15'),(169,13,'null','null',NULL,NULL,'07','12','2023','2023-12-07','17:22:15',1,'2023-12-07 17:22:15','2023-12-07 17:22:15'),(170,13,'null','null',NULL,NULL,'07','12','2023','2023-12-07','17:22:15',1,'2023-12-07 17:22:15','2023-12-07 17:22:15'),(171,13,'null','null',NULL,NULL,'07','12','2023','2023-12-07','17:22:15',1,'2023-12-07 17:22:15','2023-12-07 17:22:15'),(172,13,'null','null',NULL,NULL,'07','12','2023','2023-12-07','17:22:15',1,'2023-12-07 17:22:15','2023-12-07 17:22:15'),(173,14,'null','null',NULL,NULL,'07','12','2023','2023-12-07','17:22:15',1,'2023-12-07 17:22:15','2023-12-07 17:22:15'),(174,14,'null','null',NULL,NULL,'07','12','2023','2023-12-07','17:22:15',1,'2023-12-07 17:22:15','2023-12-07 17:22:15'),(175,14,'null','null',NULL,NULL,'07','12','2023','2023-12-07','17:22:15',1,'2023-12-07 17:22:15','2023-12-07 17:22:15'),(176,14,'null','null',NULL,NULL,'07','12','2023','2023-12-07','17:22:15',1,'2023-12-07 17:22:15','2023-12-07 17:22:15'),(177,15,'null','null',NULL,NULL,'07','12','2023','2023-12-07','17:22:15',1,'2023-12-07 17:22:15','2023-12-07 17:22:15'),(178,15,'null','null',NULL,NULL,'07','12','2023','2023-12-07','17:22:15',1,'2023-12-07 17:22:15','2023-12-07 17:22:15'),(179,15,'null','null',NULL,NULL,'07','12','2023','2023-12-07','17:22:15',1,'2023-12-07 17:22:15','2023-12-07 17:22:15'),(180,15,'null','null',NULL,NULL,'07','12','2023','2023-12-07','17:22:15',1,'2023-12-07 17:22:15','2023-12-07 17:22:15'),(181,16,'null','null',NULL,NULL,'07','12','2023','2023-12-07','17:22:15',1,'2023-12-07 17:22:15','2023-12-07 17:22:15'),(182,16,'null','null',NULL,NULL,'07','12','2023','2023-12-07','17:22:15',1,'2023-12-07 17:22:15','2023-12-07 17:22:15'),(183,16,'null','null',NULL,NULL,'07','12','2023','2023-12-07','17:22:15',1,'2023-12-07 17:22:15','2023-12-07 17:22:15'),(184,16,'null','null',NULL,NULL,'07','12','2023','2023-12-07','17:22:15',1,'2023-12-07 17:22:15','2023-12-07 17:22:15'),(185,17,'null','null',NULL,NULL,'07','12','2023','2023-12-07','17:22:15',1,'2023-12-07 17:22:15','2023-12-07 17:22:15'),(186,17,'null','null',NULL,NULL,'07','12','2023','2023-12-07','17:22:15',1,'2023-12-07 17:22:15','2023-12-07 17:22:15'),(187,17,'null','null',NULL,NULL,'07','12','2023','2023-12-07','17:22:15',1,'2023-12-07 17:22:15','2023-12-07 17:22:15'),(188,17,'null','null',NULL,NULL,'07','12','2023','2023-12-07','17:22:15',1,'2023-12-07 17:22:15','2023-12-07 17:22:15'),(189,18,'null','null',NULL,NULL,'07','12','2023','2023-12-07','17:22:15',1,'2023-12-07 17:22:15','2023-12-07 17:22:15'),(190,18,'null','null',NULL,NULL,'07','12','2023','2023-12-07','17:22:15',1,'2023-12-07 17:22:15','2023-12-07 17:22:15'),(191,18,'null','null',NULL,NULL,'07','12','2023','2023-12-07','17:22:15',1,'2023-12-07 17:22:15','2023-12-07 17:22:15'),(192,18,'null','null',NULL,NULL,'07','12','2023','2023-12-07','17:22:15',1,'2023-12-07 17:22:15','2023-12-07 17:22:15'),(193,19,'null','null',NULL,NULL,'07','12','2023','2023-12-07','17:22:15',1,'2023-12-07 17:22:15','2023-12-07 17:22:15'),(194,19,'null','null',NULL,NULL,'07','12','2023','2023-12-07','17:22:15',1,'2023-12-07 17:22:15','2023-12-07 17:22:15'),(195,19,'null','null',NULL,NULL,'07','12','2023','2023-12-07','17:22:15',1,'2023-12-07 17:22:15','2023-12-07 17:22:15'),(196,19,'null','null',NULL,NULL,'07','12','2023','2023-12-07','17:22:15',1,'2023-12-07 17:22:15','2023-12-07 17:22:15'),(197,21,'null','null',NULL,NULL,'07','12','2023','2023-12-07','17:22:15',1,'2023-12-07 17:22:15','2023-12-07 17:22:15'),(198,21,'null','null',NULL,NULL,'07','12','2023','2023-12-07','17:22:15',1,'2023-12-07 17:22:15','2023-12-07 17:22:15'),(199,21,'null','null',NULL,NULL,'07','12','2023','2023-12-07','17:22:15',1,'2023-12-07 17:22:15','2023-12-07 17:22:15'),(200,21,'null','null',NULL,NULL,'07','12','2023','2023-12-07','17:22:15',1,'2023-12-07 17:22:15','2023-12-07 17:22:15'),(201,22,'null','null',NULL,NULL,'07','12','2023','2023-12-07','17:22:15',1,'2023-12-07 17:22:15','2023-12-07 17:22:15'),(202,23,'null','null',NULL,NULL,'07','12','2023','2023-12-07','17:22:15',1,'2023-12-07 17:22:15','2023-12-07 17:22:15'),(203,23,'null','null',NULL,NULL,'07','12','2023','2023-12-07','17:22:15',1,'2023-12-07 17:22:15','2023-12-07 17:22:15'),(204,23,'null','null',NULL,NULL,'07','12','2023','2023-12-07','17:22:15',1,'2023-12-07 17:22:15','2023-12-07 17:22:15'),(205,25,'null','null',NULL,NULL,'07','12','2023','2023-12-07','17:22:15',1,'2023-12-07 17:22:15','2023-12-07 17:22:15'),(206,23,'null','null',NULL,NULL,'07','12','2023','2023-12-07','17:22:15',1,'2023-12-07 17:22:15','2023-12-07 17:22:15'),(207,25,'null','null',NULL,NULL,'07','12','2023','2023-12-07','17:22:15',1,'2023-12-07 17:22:15','2023-12-07 17:22:15'),(208,25,'null','null',NULL,NULL,'07','12','2023','2023-12-07','17:22:15',1,'2023-12-07 17:22:15','2023-12-07 17:22:15'),(209,26,'null','null',NULL,NULL,'07','12','2023','2023-12-07','17:22:15',1,'2023-12-07 17:22:15','2023-12-07 17:22:15'),(210,26,'null','null',NULL,NULL,'07','12','2023','2023-12-07','17:22:15',1,'2023-12-07 17:22:16','2023-12-07 17:22:16'),(211,27,'null','null',NULL,NULL,'07','12','2023','2023-12-07','17:22:16',1,'2023-12-07 17:22:16','2023-12-07 17:22:16'),(212,27,'null','null',NULL,NULL,'07','12','2023','2023-12-07','17:22:16',1,'2023-12-07 17:22:16','2023-12-07 17:22:16'),(213,27,'null','null',NULL,NULL,'07','12','2023','2023-12-07','17:22:16',1,'2023-12-07 17:22:16','2023-12-07 17:22:16'),(214,28,'null','null',NULL,NULL,'07','12','2023','2023-12-07','17:22:16',1,'2023-12-07 17:22:16','2023-12-07 17:22:16'),(215,27,'null','null',NULL,NULL,'07','12','2023','2023-12-07','17:22:16',1,'2023-12-07 17:22:16','2023-12-07 17:22:16'),(216,28,'null','null',NULL,NULL,'07','12','2023','2023-12-07','17:22:16',1,'2023-12-07 17:22:16','2023-12-07 17:22:16'),(217,28,'null','null',NULL,NULL,'07','12','2023','2023-12-07','17:22:16',1,'2023-12-07 17:22:16','2023-12-07 17:22:16'),(218,28,'null','null',NULL,NULL,'07','12','2023','2023-12-07','17:22:16',1,'2023-12-07 17:22:16','2023-12-07 17:22:16'),(219,29,'null','null',NULL,NULL,'07','12','2023','2023-12-07','17:22:16',1,'2023-12-07 17:22:16','2023-12-07 17:22:16'),(220,29,'null','null',NULL,NULL,'07','12','2023','2023-12-07','17:22:16',1,'2023-12-07 17:22:16','2023-12-07 17:22:16'),(221,29,'null','null',NULL,NULL,'07','12','2023','2023-12-07','17:22:16',1,'2023-12-07 17:22:16','2023-12-07 17:22:16'),(222,29,'null','null',NULL,NULL,'07','12','2023','2023-12-07','17:22:16',1,'2023-12-07 17:22:16','2023-12-07 17:22:16'),(223,30,'null','null',NULL,NULL,'07','12','2023','2023-12-07','17:22:16',1,'2023-12-07 17:22:16','2023-12-07 17:22:16'),(224,30,'null','null',NULL,NULL,'07','12','2023','2023-12-07','17:22:16',1,'2023-12-07 17:22:16','2023-12-07 17:22:16'),(225,30,'null','null',NULL,NULL,'07','12','2023','2023-12-07','17:22:16',1,'2023-12-07 17:22:16','2023-12-07 17:22:16'),(226,32,'null','null',NULL,NULL,'07','12','2023','2023-12-07','17:22:16',1,'2023-12-07 17:22:16','2023-12-07 17:22:16'),(227,32,'null','null',NULL,NULL,'07','12','2023','2023-12-07','17:22:16',1,'2023-12-07 17:22:16','2023-12-07 17:22:16'),(228,30,'null','null',NULL,NULL,'07','12','2023','2023-12-07','17:22:16',1,'2023-12-07 17:22:16','2023-12-07 17:22:16'),(229,32,'null','null',NULL,NULL,'07','12','2023','2023-12-07','17:22:16',1,'2023-12-07 17:22:16','2023-12-07 17:22:16'),(230,32,'null','null',NULL,NULL,'07','12','2023','2023-12-07','17:22:16',1,'2023-12-07 17:22:16','2023-12-07 17:22:16'),(231,33,'null','null',NULL,NULL,'07','12','2023','2023-12-07','17:22:16',1,'2023-12-07 17:22:16','2023-12-07 17:22:16'),(232,33,'null','null',NULL,NULL,'07','12','2023','2023-12-07','17:22:16',1,'2023-12-07 17:22:16','2023-12-07 17:22:16'),(233,33,'null','null',NULL,NULL,'07','12','2023','2023-12-07','17:22:16',1,'2023-12-07 17:22:16','2023-12-07 17:22:16'),(234,33,'null','null',NULL,NULL,'07','12','2023','2023-12-07','17:22:16',1,'2023-12-07 17:22:16','2023-12-07 17:22:16'),(235,34,'null','null',NULL,NULL,'07','12','2023','2023-12-07','17:22:16',1,'2023-12-07 17:22:16','2023-12-07 17:22:16'),(236,34,'null','null',NULL,NULL,'07','12','2023','2023-12-07','17:22:16',1,'2023-12-07 17:22:16','2023-12-07 17:22:16'),(237,34,'null','null',NULL,NULL,'07','12','2023','2023-12-07','17:22:16',1,'2023-12-07 17:22:16','2023-12-07 17:22:16'),(238,34,'null','null',NULL,NULL,'07','12','2023','2023-12-07','17:22:16',1,'2023-12-07 17:22:16','2023-12-07 17:22:16'),(239,35,'null','null',NULL,NULL,'07','12','2023','2023-12-07','17:22:16',1,'2023-12-07 17:22:16','2023-12-07 17:22:16'),(240,35,'null','null',NULL,NULL,'07','12','2023','2023-12-07','17:22:16',1,'2023-12-07 17:22:16','2023-12-07 17:22:16'),(241,35,'null','null',NULL,NULL,'07','12','2023','2023-12-07','17:22:16',1,'2023-12-07 17:22:16','2023-12-07 17:22:16'),(242,35,'null','null',NULL,NULL,'07','12','2023','2023-12-07','17:22:16',1,'2023-12-07 17:22:16','2023-12-07 17:22:16'),(243,36,'null','null',NULL,NULL,'07','12','2023','2023-12-07','17:22:16',1,'2023-12-07 17:22:16','2023-12-07 17:22:16'),(244,36,'null','null',NULL,NULL,'07','12','2023','2023-12-07','17:22:16',1,'2023-12-07 17:22:16','2023-12-07 17:22:16'),(245,36,'null','null',NULL,NULL,'07','12','2023','2023-12-07','17:22:16',1,'2023-12-07 17:22:16','2023-12-07 17:22:16'),(246,36,'null','null',NULL,NULL,'07','12','2023','2023-12-07','17:22:16',1,'2023-12-07 17:22:16','2023-12-07 17:22:16'),(247,37,'null','null',NULL,NULL,'07','12','2023','2023-12-07','17:22:16',1,'2023-12-07 17:22:16','2023-12-07 17:22:16'),(248,37,'null','null',NULL,NULL,'07','12','2023','2023-12-07','17:22:16',1,'2023-12-07 17:22:16','2023-12-07 17:22:16'),(249,37,'null','null',NULL,NULL,'07','12','2023','2023-12-07','17:22:16',1,'2023-12-07 17:22:16','2023-12-07 17:22:16'),(250,37,'null','null',NULL,NULL,'07','12','2023','2023-12-07','17:22:16',1,'2023-12-07 17:22:16','2023-12-07 17:22:16'),(251,38,'null','null',NULL,NULL,'07','12','2023','2023-12-07','17:22:16',1,'2023-12-07 17:22:16','2023-12-07 17:22:16'),(252,38,'null','null',NULL,NULL,'07','12','2023','2023-12-07','17:22:16',1,'2023-12-07 17:22:16','2023-12-07 17:22:16'),(253,38,'null','null',NULL,NULL,'07','12','2023','2023-12-07','17:22:16',1,'2023-12-07 17:22:16','2023-12-07 17:22:16'),(254,38,'null','null',NULL,NULL,'07','12','2023','2023-12-07','17:22:16',1,'2023-12-07 17:22:16','2023-12-07 17:22:16'),(255,39,'null','null',NULL,NULL,'07','12','2023','2023-12-07','17:22:16',1,'2023-12-07 17:22:16','2023-12-07 17:22:16'),(256,39,'null','null',NULL,NULL,'07','12','2023','2023-12-07','17:22:16',1,'2023-12-07 17:22:16','2023-12-07 17:22:16'),(257,39,'null','null',NULL,NULL,'07','12','2023','2023-12-07','17:22:17',1,'2023-12-07 17:22:17','2023-12-07 17:22:17'),(258,39,'null','null',NULL,NULL,'07','12','2023','2023-12-07','17:22:17',1,'2023-12-07 17:22:17','2023-12-07 17:22:17'),(259,40,'null','null',NULL,NULL,'07','12','2023','2023-12-07','17:22:17',1,'2023-12-07 17:22:17','2023-12-07 17:22:17'),(260,40,'null','null',NULL,NULL,'07','12','2023','2023-12-07','17:22:17',1,'2023-12-07 17:22:17','2023-12-07 17:22:17'),(261,40,'null','null',NULL,NULL,'07','12','2023','2023-12-07','17:22:17',1,'2023-12-07 17:22:17','2023-12-07 17:22:17'),(262,40,'null','null',NULL,NULL,'07','12','2023','2023-12-07','17:22:17',1,'2023-12-07 17:22:17','2023-12-07 17:22:17');

UNLOCK TABLES;

/*Table structure for table `failed_jobs` */

DROP TABLE IF EXISTS `failed_jobs`;

CREATE TABLE `failed_jobs` (
  `id` bigint unsigned NOT NULL AUTO_INCREMENT,
  `uuid` varchar(255) CHARACTER SET utf8mb4 COLLATE utf8mb4_unicode_ci NOT NULL,
  `connection` text CHARACTER SET utf8mb4 COLLATE utf8mb4_unicode_ci NOT NULL,
  `queue` text CHARACTER SET utf8mb4 COLLATE utf8mb4_unicode_ci NOT NULL,
  `payload` longtext CHARACTER SET utf8mb4 COLLATE utf8mb4_unicode_ci NOT NULL,
  `exception` longtext CHARACTER SET utf8mb4 COLLATE utf8mb4_unicode_ci NOT NULL,
  `failed_at` timestamp NOT NULL DEFAULT CURRENT_TIMESTAMP,
  PRIMARY KEY (`id`),
  UNIQUE KEY `failed_jobs_uuid_unique` (`uuid`)
) ENGINE=InnoDB DEFAULT CHARSET=utf8mb4 COLLATE=utf8mb4_unicode_ci;

/*Data for the table `failed_jobs` */

LOCK TABLES `failed_jobs` WRITE;

UNLOCK TABLES;

/*Table structure for table `m_almacen` */

DROP TABLE IF EXISTS `m_almacen`;

CREATE TABLE `m_almacen` (
  `IDALMACEN` int NOT NULL AUTO_INCREMENT,
  `IDCENTRO_MAC` int DEFAULT NULL,
  `OC` varchar(250) CHARACTER SET utf8mb4 COLLATE utf8mb4_0900_ai_ci DEFAULT NULL,
  `COD_SBN` varchar(100) DEFAULT NULL,
  `COD_PRONSACE` varchar(100) DEFAULT NULL,
  `COD_INTERNO_PCM` varchar(100) DEFAULT NULL,
  `FECHA_OC` varchar(100) DEFAULT NULL,
  `PROVEEDOR` varchar(200) DEFAULT NULL,
  `DESCRIPCION` varchar(250) DEFAULT NULL,
  `MARCA` varchar(100) DEFAULT NULL,
  `MODELO` varchar(150) DEFAULT NULL,
  `SERIE_MEDIDA` varchar(200) DEFAULT NULL,
  `COLOR` varchar(100) DEFAULT NULL,
  `UBICACION_EQUIPOS` varchar(200) CHARACTER SET utf8mb4 COLLATE utf8mb4_0900_ai_ci DEFAULT NULL,
  `CANTIDAD` varchar(20) DEFAULT NULL,
  `FLAG` tinyint DEFAULT '1',
  `CREATED_AT` timestamp NULL DEFAULT NULL,
  `UPDATED_AT` timestamp NULL DEFAULT NULL,
  PRIMARY KEY (`IDALMACEN`)
) ENGINE=InnoDB AUTO_INCREMENT=637 DEFAULT CHARSET=utf8mb4 COLLATE=utf8mb4_0900_ai_ci;

/*Data for the table `m_almacen` */

LOCK TABLES `m_almacen` WRITE;

insert  into `m_almacen`(`IDALMACEN`,`IDCENTRO_MAC`,`OC`,`COD_SBN`,`COD_PRONSACE`,`COD_INTERNO_PCM`,`FECHA_OC`,`PROVEEDOR`,`DESCRIPCION`,`MARCA`,`MODELO`,`SERIE_MEDIDA`,`COLOR`,`UBICACION_EQUIPOS`,`CANTIDAD`,`FLAG`,`CREATED_AT`,`UPDATED_AT`) values (1,1,'S/OC','-','-','21483','07.05.03.01.03','CV CONSTRUCCIONES GENERALES SAC','AMPLIFICADOR PRINCIPAL','BEHRINGER','DCX2496','ILEGIBLE',NULL,'Data Center','1',1,'2023-11-30 21:05:33','2023-11-30 21:05:33'),(2,1,'S/OC','-','-','21051','07.05.03.02.02','CV CONSTRUCCIONES GENERALES SAC','AMPLIFICADOR SECUNDARIO','QSC','CMX500VA','ILEGIBLE',NULL,'sum','1',1,'2023-11-30 21:05:33','2023-11-30 21:05:33'),(3,1,'S/OC','-','-','21438',NULL,'CV CONSTRUCCIONES GENERALES SAC','ARMARIO DE MELAMINA',NULL,NULL,'1.65 x 0.48 x 2.05','PLOMO','Banco de la Nación','1',1,'2023-11-30 21:05:33','2023-11-30 21:05:33'),(4,1,'13','-','-','21068','44973','VICLEVI S.A.C.','BANCA DE ASIENTOS MULTIPLES DE METAL - 3 ASIENTOS',NULL,NULL,NULL,'azul','Sala de Espera','1',1,'2023-11-30 21:05:33','2023-11-30 21:05:33'),(5,1,'13','-','-','21069','44973','VICLEVI S.A.C.','BANCA DE ASIENTOS MULTIPLES DE METAL - 3 ASIENTOS',NULL,NULL,NULL,'azul','Sala de Espera','1',1,'2023-11-30 21:05:33','2023-11-30 21:05:33'),(6,1,'13','-','-','21070','44973','VICLEVI S.A.C.','BANCA DE ASIENTOS MULTIPLES DE METAL - 3 ASIENTOS',NULL,NULL,NULL,'azul','Sala de Espera','1',1,'2023-11-30 21:05:33','2023-11-30 21:05:33'),(7,1,'13','-','-','21071','44973','VICLEVI S.A.C.','BANCA DE ASIENTOS MULTIPLES DE METAL - 3 ASIENTOS',NULL,NULL,NULL,'azul','Sala de Espera','1',1,'2023-11-30 21:05:33','2023-11-30 21:05:33'),(8,1,'13','-','-','21072','44973','VICLEVI S.A.C.','BANCA DE ASIENTOS MULTIPLES DE METAL - 3 ASIENTOS',NULL,NULL,NULL,'azul','Sala de Espera','1',1,'2023-11-30 21:05:33','2023-11-30 21:05:33'),(9,1,'13','-','-','21073','44973','VICLEVI S.A.C.','BANCA DE ASIENTOS MULTIPLES DE METAL - 3 ASIENTOS',NULL,NULL,NULL,'azul','Sala de Espera','1',1,'2023-11-30 21:05:33','2023-11-30 21:05:33'),(10,1,'13','-','-','21074','44973','VICLEVI S.A.C.','BANCA DE ASIENTOS MULTIPLES DE METAL - 3 ASIENTOS',NULL,NULL,NULL,'azul','Sala de Espera','1',1,'2023-11-30 21:05:33','2023-11-30 21:05:33'),(11,1,'13','-','-','21075','44973','VICLEVI S.A.C.','BANCA DE ASIENTOS MULTIPLES DE METAL - 3 ASIENTOS',NULL,NULL,NULL,'azul','Sala de Espera','1',1,'2023-11-30 21:05:33','2023-11-30 21:05:33'),(12,1,'13','-','-','21076','44973','VICLEVI S.A.C.','BANCA DE ASIENTOS MULTIPLES DE METAL - 3 ASIENTOS',NULL,NULL,NULL,'azul','Sala de Espera','1',1,'2023-11-30 21:05:33','2023-11-30 21:05:33'),(13,1,'13','-','-','21077','44973','VICLEVI S.A.C.','BANCA DE ASIENTOS MULTIPLES DE METAL - 3 ASIENTOS',NULL,NULL,NULL,'azul','Sala de Espera','1',1,'2023-11-30 21:05:33','2023-11-30 21:05:33'),(14,1,'13','-','-','21078','44973','VICLEVI S.A.C.','BANCA DE ASIENTOS MULTIPLES DE METAL - 3 ASIENTOS',NULL,NULL,NULL,'azul','Sala de Espera','1',1,'2023-11-30 21:05:33','2023-11-30 21:05:33'),(15,1,'13','-','-','21079','44973','VICLEVI S.A.C.','BANCA DE ASIENTOS MULTIPLES DE METAL - 3 ASIENTOS',NULL,NULL,NULL,'azul','Sala de Espera','1',1,'2023-11-30 21:05:33','2023-11-30 21:05:33'),(16,1,'13','-','-','21080','44973','VICLEVI S.A.C.','BANCA DE ASIENTOS MULTIPLES DE METAL - 3 ASIENTOS',NULL,NULL,NULL,'azul','Sala de Espera','1',1,'2023-11-30 21:05:33','2023-11-30 21:05:33'),(17,1,'13','-','-','21081','44973','VICLEVI S.A.C.','BANCA DE ASIENTOS MULTIPLES DE METAL - 3 ASIENTOS',NULL,NULL,NULL,'azul','Sala de Espera','1',1,'2023-11-30 21:05:33','2023-11-30 21:05:33'),(18,1,'13','-','-','21082','44973','VICLEVI S.A.C.','BANCA DE ASIENTOS MULTIPLES DE METAL - 3 ASIENTOS',NULL,NULL,NULL,'azul','Sala de Espera','1',1,'2023-11-30 21:05:33','2023-11-30 21:05:33'),(19,1,'13','-','-','21083','44973','VICLEVI S.A.C.','BANCA DE ASIENTOS MULTIPLES DE METAL - 3 ASIENTOS',NULL,NULL,NULL,'azul','Sala de Espera','1',1,'2023-11-30 21:05:33','2023-11-30 21:05:33'),(20,1,'13','-','-','21084','44973','VICLEVI S.A.C.','BANCA DE ASIENTOS MULTIPLES DE METAL - 3 ASIENTOS',NULL,NULL,NULL,'azul','Sala de Espera','1',1,'2023-11-30 21:05:33','2023-11-30 21:05:33'),(21,1,'13','-','-','21085','44973','VICLEVI S.A.C.','BANCA DE ASIENTOS MULTIPLES DE METAL - 3 ASIENTOS',NULL,NULL,NULL,'azul','Sala de Espera','1',1,'2023-11-30 21:05:33','2023-11-30 21:05:33'),(22,1,'13','-','-','21086','44973','VICLEVI S.A.C.','BANCA DE ASIENTOS MULTIPLES DE METAL - 3 ASIENTOS',NULL,NULL,NULL,'azul','Sala de Espera','1',1,'2023-11-30 21:05:33','2023-11-30 21:05:33'),(23,1,'13','-','-','21087','44973','VICLEVI S.A.C.','BANCA DE ASIENTOS MULTIPLES DE METAL - 3 ASIENTOS',NULL,NULL,NULL,'azul','Sala de Espera','1',1,'2023-11-30 21:05:33','2023-11-30 21:05:33'),(24,1,'13','-','-','21088','44973','VICLEVI S.A.C.','BANCA DE ASIENTOS MULTIPLES DE METAL - 3 ASIENTOS',NULL,NULL,NULL,'azul','Sala de Espera','1',1,'2023-11-30 21:05:33','2023-11-30 21:05:33'),(25,1,'13','-','-','21089','44973','VICLEVI S.A.C.','BANCA DE ASIENTOS MULTIPLES DE METAL - 3 ASIENTOS',NULL,NULL,NULL,'azul','Sala de Espera','1',1,'2023-11-30 21:05:33','2023-11-30 21:05:33'),(26,1,'13','-','-','21390','44973','VICLEVI S.A.C.','BIOMBO DE METAL DE 3 CUERPOS',NULL,NULL,NULL,'PLOMO','Tópico','1',1,'2023-11-30 21:05:33','2023-11-30 21:05:33'),(27,1,'67','-','-','21224','45133','TECNOLOGIA E INFORMATICA EN GENERAL S.A.C.','CAFETERA ELECTRICA','ELECTROLUX','ECM30','21201908',NULL,'Comedor','1',1,'2023-11-30 21:05:33','2023-11-30 21:05:33'),(28,1,'67','-','-','21225','45133','TECNOLOGIA E INFORMATICA EN GENERAL S.A.C.','CAFETERA ELECTRICA','ELECTROLUX','ECM30','21200606',NULL,'Comedor','1',1,'2023-11-30 21:05:33','2023-11-30 21:05:33'),(29,1,'13','-','-','21434','44973','VICLEVI S.A.C.','CAJA FUERTE','OFITEC',NULL,NULL,'PLOMO','Banco de la Nación','1',1,'2023-11-30 21:05:33','2023-11-30 21:05:33'),(30,1,'13','-','-','21197','44973','VICLEVI S.A.C.','CAJA FUERTE CON ALARMA',NULL,NULL,NULL,'plomo ','Migraciones','1',1,'2023-11-30 21:05:33','2023-11-30 21:05:33'),(31,1,'S/OC','-','-','21355',NULL,'CV CONSTRUCCIONES GENERALES SAC','CAJONERA DE MELAMINA',NULL,NULL,'0.45 x 0.45 x 0.66','marrón','Módulo 04','1',1,'2023-11-30 21:05:33','2023-11-30 21:05:33'),(32,1,'S/OC','-','-','21356',NULL,'CV CONSTRUCCIONES GENERALES SAC','CAJONERA DE MELAMINA',NULL,NULL,'0.45 x 0.45 x 0.66','marrón','Módulo 05','1',1,'2023-11-30 21:05:33','2023-11-30 21:05:33'),(33,1,'S/OC','-','-','21357',NULL,'CV CONSTRUCCIONES GENERALES SAC','CAJONERA DE MELAMINA',NULL,NULL,'0.45 x 0.45 x 0.66','marrón','Módulo 06','1',1,'2023-11-30 21:05:33','2023-11-30 21:05:33'),(34,1,'S/OC','-','-','21358',NULL,'CV CONSTRUCCIONES GENERALES SAC','CAJONERA DE MELAMINA',NULL,NULL,'0.45 x 0.45 x 0.66','marrón','Módulo 07','1',1,'2023-11-30 21:05:33','2023-11-30 21:05:33'),(35,1,'S/OC','-','-','21359',NULL,'CV CONSTRUCCIONES GENERALES SAC','CAJONERA DE MELAMINA',NULL,NULL,'0.45 x 0.45 x 0.66','marrón','Módulo 08','1',1,'2023-11-30 21:05:33','2023-11-30 21:05:33'),(36,1,'S/OC','-','-','21360',NULL,'CV CONSTRUCCIONES GENERALES SAC','CAJONERA DE MELAMINA',NULL,NULL,'0.45 x 0.45 x 0.66','marrón','Módulo 09','1',1,'2023-11-30 21:05:33','2023-11-30 21:05:33'),(37,1,'S/OC','-','-','21361',NULL,'CV CONSTRUCCIONES GENERALES SAC','CAJONERA DE MELAMINA',NULL,NULL,'0.45 x 0.45 x 0.66','marrón','Módulo 10','1',1,'2023-11-30 21:05:33','2023-11-30 21:05:33'),(38,1,'S/OC','-','-','21362',NULL,'CV CONSTRUCCIONES GENERALES SAC','CAJONERA DE MELAMINA',NULL,NULL,'0.45 x 0.45 x 0.66','marrón','Módulo 11','1',1,'2023-11-30 21:05:33','2023-11-30 21:05:33'),(39,1,'S/OC','-','-','21363',NULL,'CV CONSTRUCCIONES GENERALES SAC','CAJONERA DE MELAMINA',NULL,NULL,'0.45 x 0.45 x 0.66','marrón','Módulo 12','1',1,'2023-11-30 21:05:33','2023-11-30 21:05:33'),(40,1,'S/OC','-','-','21364',NULL,'CV CONSTRUCCIONES GENERALES SAC','CAJONERA DE MELAMINA',NULL,NULL,'0.45 x 0.45 x 0.66','marrón','Módulo 13','1',1,'2023-11-30 21:05:33','2023-11-30 21:05:33'),(41,1,'S/OC','-','-','21365',NULL,'CV CONSTRUCCIONES GENERALES SAC','CAJONERA DE MELAMINA',NULL,NULL,'0.45 x 0.45 x 0.66','marrón','Módulo 14','1',1,'2023-11-30 21:05:33','2023-11-30 21:05:33'),(42,1,'S/OC','-','-','21366',NULL,'CV CONSTRUCCIONES GENERALES SAC','CAJONERA DE MELAMINA',NULL,NULL,'0.45 x 0.45 x 0.66','marrón','Módulo 15','1',1,'2023-11-30 21:05:33','2023-11-30 21:05:33'),(43,1,'S/OC','-','-','21367',NULL,'CV CONSTRUCCIONES GENERALES SAC','CAJONERA DE MELAMINA',NULL,NULL,'0.45 x 0.45 x 0.66','marrón','Módulo 16','1',1,'2023-11-30 21:05:33','2023-11-30 21:05:33'),(44,1,'S/OC','-','-','21368',NULL,'CV CONSTRUCCIONES GENERALES SAC','CAJONERA DE MELAMINA',NULL,NULL,'0.45 x 0.45 x 0.66','marrón','Módulo 17','1',1,'2023-11-30 21:05:33','2023-11-30 21:05:33'),(45,1,'S/OC','-','-','21369',NULL,'CV CONSTRUCCIONES GENERALES SAC','CAJONERA DE MELAMINA',NULL,NULL,'0.45 x 0.45 x 0.66','marrón','Módulo 18','1',1,'2023-11-30 21:05:33','2023-11-30 21:05:33'),(46,1,'S/OC','-','-','21370',NULL,'CV CONSTRUCCIONES GENERALES SAC','CAJONERA DE MELAMINA',NULL,NULL,'0.45 x 0.45 x 0.66','marrón','Módulo 19','1',1,'2023-11-30 21:05:33','2023-11-30 21:05:33'),(47,1,'S/OC','-','-','21371',NULL,'CV CONSTRUCCIONES GENERALES SAC','CAJONERA DE MELAMINA',NULL,NULL,'0.45 x 0.45 x 0.66','marrón','Módulo 20','1',1,'2023-11-30 21:05:33','2023-11-30 21:05:33'),(48,1,'S/OC','-','-','21398',NULL,'CV CONSTRUCCIONES GENERALES SAC','CAJONERA DE MELAMINA',NULL,NULL,'0.45 x 0.45 x 0.66','marrón','Supervisor','1',1,'2023-11-30 21:05:33','2023-11-30 21:05:33'),(49,1,'S/OC','-','-','21403',NULL,'CV CONSTRUCCIONES GENERALES SAC','CAJONERA DE MELAMINA',NULL,NULL,'0.45 x 0.45 x 0.66','marrón','Migraciones','1',1,'2023-11-30 21:05:33','2023-11-30 21:05:33'),(50,1,'S/OC','-','-','21404',NULL,'CV CONSTRUCCIONES GENERALES SAC','CAJONERA DE MELAMINA',NULL,NULL,'0.45 x 0.45 x 0.66','marrón','Migraciones','1',1,'2023-11-30 21:05:33','2023-11-30 21:05:33'),(51,1,'S/OC','-','-','21416',NULL,'CV CONSTRUCCIONES GENERALES SAC','CAJONERA DE MELAMINA',NULL,NULL,'0.45 x 0.45 x 0.66','marrón','Coordinador','1',1,'2023-11-30 21:05:33','2023-11-30 21:05:33'),(52,1,'S/OC','-','-','21453',NULL,'CV CONSTRUCCIONES GENERALES SAC','CAJONERA DE MELAMINA',NULL,NULL,'0.45 x 0.45 x 0.66','marrón','Sala de monitoreo','1',1,'2023-11-30 21:05:33','2023-11-30 21:05:33'),(53,1,'S/OC','-','-','21454',NULL,'CV CONSTRUCCIONES GENERALES SAC','CAJONERA DE MELAMINA',NULL,NULL,'0.45 x 0.45 x 0.66','marrón','Sala de monitoreo','1',1,'2023-11-30 21:05:33','2023-11-30 21:05:33'),(54,1,'S/OC','-','-','21354',NULL,'CV CONSTRUCCIONES GENERALES SAC','CAJONERA DE MELAMINA',NULL,NULL,'0.45 x 0.45 x 0.66','marrón','Módulo 03','1',1,'2023-11-30 21:05:33','2023-11-30 21:05:33'),(55,1,'56','-','-','21173','45079','PC MARKET S.A.C.','CAMARA FOTOGRAFICA DIGITAL','CANON','REBEL T7','592076077280',NULL,'Almacén TIC','1',1,'2023-11-30 21:05:33','2023-11-30 21:05:33'),(56,1,'56','-','-','21172','45079','PC MARKET S.A.C.','CAMARA FOTOGRAFICA DIGITAL','CANON','REBEL T7','592076077277',NULL,'Almacén TIC','1',1,'2023-11-30 21:05:33','2023-11-30 21:05:33'),(57,1,'56','-','-','21174','45079','PC MARKET S.A.C.','CAMARA FOTOGRAFICA DIGITAL','CANON','REBEL T7','592076075773',NULL,'Almacén TIC','1',1,'2023-11-30 21:05:33','2023-11-30 21:05:33'),(58,1,'34','-','-','21188','45021','RAM STORE SAC','CÁMARA WEB','LOGITECH','C270','2234AP063L39',NULL,'Almacén TIC','1',1,'2023-11-30 21:05:33','2023-11-30 21:05:33'),(59,1,'34','-','-','21189','45021','RAM STORE SAC','CÁMARA WEB','LOGITECH','C270','2234AP0638W9',NULL,'Almacén TIC','1',1,'2023-11-30 21:05:33','2023-11-30 21:05:33'),(60,1,'34','-','-','21190','45021','RAM STORE SAC','CÁMARA WEB','LOGITECH','C270','2234AP063LR9',NULL,'Almacén TIC','1',1,'2023-11-30 21:05:33','2023-11-30 21:05:33'),(61,1,'13','-','-','21391','44973','VICLEVI S.A.C.','CAMILLA DE METAL CON CABECERA GRADUABLE',NULL,NULL,NULL,'negro','Tópico','1',1,'2023-11-30 21:05:33','2023-11-30 21:05:33'),(62,1,'13','-','-','21002','44973','VICLEVI S.A.C.','CARPETA DE METAL UNIPERSONAL',NULL,NULL,NULL,'negro','Sala de usos múltiples - SUM','1',1,'2023-11-30 21:05:33','2023-11-30 21:05:33'),(63,1,'13','-','-','21003','44973','VICLEVI S.A.C.','CARPETA DE METAL UNIPERSONAL',NULL,NULL,NULL,'negro','Sala de usos múltiples - SUM','1',1,'2023-11-30 21:05:33','2023-11-30 21:05:33'),(64,1,'13','-','-','21004','44973','VICLEVI S.A.C.','CARPETA DE METAL UNIPERSONAL',NULL,NULL,NULL,'negro','Sala de usos múltiples - SUM','1',1,'2023-11-30 21:05:33','2023-11-30 21:05:33'),(65,1,'13','-','-','21005','44973','VICLEVI S.A.C.','CARPETA DE METAL UNIPERSONAL',NULL,NULL,NULL,'negro','Sala de usos múltiples - SUM','1',1,'2023-11-30 21:05:33','2023-11-30 21:05:33'),(66,1,'13','-','-','21006','44973','VICLEVI S.A.C.','CARPETA DE METAL UNIPERSONAL',NULL,NULL,NULL,'negro','Sala de usos múltiples - SUM','1',1,'2023-11-30 21:05:33','2023-11-30 21:05:33'),(67,1,'13','-','-','21007','44973','VICLEVI S.A.C.','CARPETA DE METAL UNIPERSONAL',NULL,NULL,NULL,'negro','Sala de usos múltiples - SUM','1',1,'2023-11-30 21:05:33','2023-11-30 21:05:33'),(68,1,'13','-','-','21008','44973','VICLEVI S.A.C.','CARPETA DE METAL UNIPERSONAL',NULL,NULL,NULL,'negro','Sala de usos múltiples - SUM','1',1,'2023-11-30 21:05:33','2023-11-30 21:05:33'),(69,1,'13','-','-','21009','44973','VICLEVI S.A.C.','CARPETA DE METAL UNIPERSONAL',NULL,NULL,NULL,'negro','Sala de usos múltiples - SUM','1',1,'2023-11-30 21:05:33','2023-11-30 21:05:33'),(70,1,'13','-','-','21010','44973','VICLEVI S.A.C.','CARPETA DE METAL UNIPERSONAL',NULL,NULL,NULL,'negro','Sala de usos múltiples - SUM','1',1,'2023-11-30 21:05:33','2023-11-30 21:05:33'),(71,1,'13','-','-','21011','44973','VICLEVI S.A.C.','CARPETA DE METAL UNIPERSONAL',NULL,NULL,NULL,'negro','Sala de usos múltiples - SUM','1',1,'2023-11-30 21:05:33','2023-11-30 21:05:33'),(72,1,'13','-','-','21012','44973','VICLEVI S.A.C.','CARPETA DE METAL UNIPERSONAL',NULL,NULL,NULL,'negro','Sala de usos múltiples - SUM','1',1,'2023-11-30 21:05:33','2023-11-30 21:05:33'),(73,1,'13','-','-','21013','44973','VICLEVI S.A.C.','CARPETA DE METAL UNIPERSONAL',NULL,NULL,NULL,'negro','Sala de usos múltiples - SUM','1',1,'2023-11-30 21:05:33','2023-11-30 21:05:33'),(74,1,'13','-','-','21014','44973','VICLEVI S.A.C.','CARPETA DE METAL UNIPERSONAL',NULL,NULL,NULL,'negro','Sala de usos múltiples - SUM','1',1,'2023-11-30 21:05:33','2023-11-30 21:05:33'),(75,1,'13','-','-','21015','44973','VICLEVI S.A.C.','CARPETA DE METAL UNIPERSONAL',NULL,NULL,NULL,'negro','Sala de usos múltiples - SUM','1',1,'2023-11-30 21:05:33','2023-11-30 21:05:33'),(76,1,'13','-','-','21016','44973','VICLEVI S.A.C.','CARPETA DE METAL UNIPERSONAL',NULL,NULL,NULL,'negro','Sala de usos múltiples - SUM','1',1,'2023-11-30 21:05:33','2023-11-30 21:05:33'),(77,1,'13','-','-','21017','44973','VICLEVI S.A.C.','CARPETA DE METAL UNIPERSONAL',NULL,NULL,NULL,'negro','Sala de usos múltiples - SUM','1',1,'2023-11-30 21:05:33','2023-11-30 21:05:33'),(78,1,'13','-','-','21018','44973','VICLEVI S.A.C.','CARPETA DE METAL UNIPERSONAL',NULL,NULL,NULL,'negro','Sala de usos múltiples - SUM','1',1,'2023-11-30 21:05:33','2023-11-30 21:05:33'),(79,1,'13','-','-','21019','44973','VICLEVI S.A.C.','CARPETA DE METAL UNIPERSONAL',NULL,NULL,NULL,'negro','Sala de usos múltiples - SUM','1',1,'2023-11-30 21:05:33','2023-11-30 21:05:33'),(80,1,'13','-','-','21020','44973','VICLEVI S.A.C.','CARPETA DE METAL UNIPERSONAL',NULL,NULL,NULL,'negro','Sala de usos múltiples - SUM','1',1,'2023-11-30 21:05:33','2023-11-30 21:05:33'),(81,1,'13','-','-','21021','44973','VICLEVI S.A.C.','CARPETA DE METAL UNIPERSONAL',NULL,NULL,NULL,'negro','Sala de usos múltiples - SUM','1',1,'2023-11-30 21:05:33','2023-11-30 21:05:33'),(82,1,'13','-','-','21022','44973','VICLEVI S.A.C.','CARPETA DE METAL UNIPERSONAL',NULL,NULL,NULL,'negro','Sala de usos múltiples - SUM','1',1,'2023-11-30 21:05:33','2023-11-30 21:05:33'),(83,1,'13','-','-','21023','44973','VICLEVI S.A.C.','CARPETA DE METAL UNIPERSONAL',NULL,NULL,NULL,'negro','Sala de usos múltiples - SUM','1',1,'2023-11-30 21:05:33','2023-11-30 21:05:33'),(84,1,'13','-','-','21024','44973','VICLEVI S.A.C.','CARPETA DE METAL UNIPERSONAL',NULL,NULL,NULL,'negro','Sala de usos múltiples - SUM','1',1,'2023-11-30 21:05:33','2023-11-30 21:05:33'),(85,1,'13','-','-','21025','44973','VICLEVI S.A.C.','CARPETA DE METAL UNIPERSONAL',NULL,NULL,NULL,'negro','Sala de usos múltiples - SUM','1',1,'2023-11-30 21:05:33','2023-11-30 21:05:33'),(86,1,'13','-','-','21026','44973','VICLEVI S.A.C.','CARPETA DE METAL UNIPERSONAL',NULL,NULL,NULL,'negro','Sala de usos múltiples - SUM','1',1,'2023-11-30 21:05:33','2023-11-30 21:05:33'),(87,1,'13','-','-','21027','44973','VICLEVI S.A.C.','CARPETA DE METAL UNIPERSONAL',NULL,NULL,NULL,'negro','Sala de usos múltiples - SUM','1',1,'2023-11-30 21:05:33','2023-11-30 21:05:33'),(88,1,'13','-','-','21028','44973','VICLEVI S.A.C.','CARPETA DE METAL UNIPERSONAL',NULL,NULL,NULL,'negro','Sala de usos múltiples - SUM','1',1,'2023-11-30 21:05:33','2023-11-30 21:05:33'),(89,1,'13','-','-','21029','44973','VICLEVI S.A.C.','CARPETA DE METAL UNIPERSONAL',NULL,NULL,NULL,'negro','Sala de usos múltiples - SUM','1',1,'2023-11-30 21:05:33','2023-11-30 21:05:33'),(90,1,'13','-','-','21030','44973','VICLEVI S.A.C.','CARPETA DE METAL UNIPERSONAL',NULL,NULL,NULL,'negro','Sala de usos múltiples - SUM','1',1,'2023-11-30 21:05:33','2023-11-30 21:05:33'),(91,1,'13','-','-','21031','44973','VICLEVI S.A.C.','CARPETA DE METAL UNIPERSONAL',NULL,NULL,NULL,'negro','Sala de usos múltiples - SUM','1',1,'2023-11-30 21:05:33','2023-11-30 21:05:33'),(92,1,'13','-','-','21032','44973','VICLEVI S.A.C.','CARPETA DE METAL UNIPERSONAL',NULL,NULL,NULL,'negro','Sala de usos múltiples - SUM','1',1,'2023-11-30 21:05:33','2023-11-30 21:05:33'),(93,1,'13','-','-','21033','44973','VICLEVI S.A.C.','CARPETA DE METAL UNIPERSONAL',NULL,NULL,NULL,'negro','Sala de usos múltiples - SUM','1',1,'2023-11-30 21:05:33','2023-11-30 21:05:33'),(94,1,'13','-','-','21034','44973','VICLEVI S.A.C.','CARPETA DE METAL UNIPERSONAL',NULL,NULL,NULL,'negro','Sala de usos múltiples - SUM','1',1,'2023-11-30 21:05:33','2023-11-30 21:05:33'),(95,1,'13','-','-','21035','44973','VICLEVI S.A.C.','CARPETA DE METAL UNIPERSONAL',NULL,NULL,NULL,'negro','Sala de usos múltiples - SUM','1',1,'2023-11-30 21:05:33','2023-11-30 21:05:33'),(96,1,'13','-','-','21036','44973','VICLEVI S.A.C.','CARPETA DE METAL UNIPERSONAL',NULL,NULL,NULL,'negro','Sala de usos múltiples - SUM','1',1,'2023-11-30 21:05:33','2023-11-30 21:05:33'),(97,1,'13','-','-','21037','44973','VICLEVI S.A.C.','CARPETA DE METAL UNIPERSONAL',NULL,NULL,NULL,'negro','Sala de usos múltiples - SUM','1',1,'2023-11-30 21:05:33','2023-11-30 21:05:33'),(98,1,'13','-','-','21038','44973','VICLEVI S.A.C.','CARPETA DE METAL UNIPERSONAL',NULL,NULL,NULL,'negro','Sala de usos múltiples - SUM','1',1,'2023-11-30 21:05:33','2023-11-30 21:05:33'),(99,1,'13','-','-','21392','44973','VICLEVI S.A.C.','CASILLERO METALICO PARA MEDICAMENTOS',NULL,NULL,NULL,'plomo','Tópico','1',1,'2023-11-30 21:05:33','2023-11-30 21:05:33'),(100,1,'13','-','-','s/c','44973','VICLEVI S.A.C.','COLGADOR DE PARED DE METAL PARA ROPA',NULL,NULL,NULL,'plateado','Tópico','1',1,'2023-11-30 21:05:33','2023-11-30 21:05:33'),(101,1,'37','-','-','21187','45028','PC MARKET SAC','COMPUTADORA PERSONAL PORTÁTIL','DELL','LATITUDE 5530','HWNCWL3',NULL,'Almacén TIC','1',1,'2023-11-30 21:05:33','2023-11-30 21:05:33'),(102,1,'S/OC','-','-','21487','06.01.02.03.01','CV CONSTRUCCIONES GENERALES SAC','CORTINA DE AIRE DE 0.9mts','S&P','CAF 36','A367554',NULL,'Recepción','1',1,'2023-11-30 21:05:33','2023-11-30 21:05:33'),(103,1,'S/OC','-','-','21488','06.01.02.03.01','CV CONSTRUCCIONES GENERALES SAC','CORTINA DE AIRE DE 0.9mts','S&P','CAF 36','A367506',NULL,'Recepción','1',1,'2023-11-30 21:05:33','2023-11-30 21:05:33'),(104,1,'S/OC','-','-','21489','06.01.02.03.01','CV CONSTRUCCIONES GENERALES SAC','CORTINA DE AIRE DE 0.9mts','S&P','CAF 36','A367549',NULL,'Recepción','1',1,'2023-11-30 21:05:33','2023-11-30 21:05:33'),(105,1,'S/OC','-','-','21490','06.01.02.03.01','CV CONSTRUCCIONES GENERALES SAC','CORTINA DE AIRE DE 0.9mts','S&P','CAF 36','A367560',NULL,'Recepción','1',1,'2023-11-30 21:05:33','2023-11-30 21:05:33'),(106,1,'S/OC','-','-','21413',NULL,'CV CONSTRUCCIONES GENERALES SAC','CREDENZA DE MELAMINA',NULL,NULL,'1.20 x 0.45 x 0.90','marrón','Supervisor','1',1,'2023-11-30 21:05:33','2023-11-30 21:05:33'),(107,1,'S/OC','-','-','21414',NULL,'CV CONSTRUCCIONES GENERALES SAC','CREDENZA DE MELAMINA',NULL,NULL,'1.60 x 0.60 x 0.70','marrón','Pasadizo','1',1,'2023-11-30 21:05:33','2023-11-30 21:05:33'),(108,1,'S/OC','-','-','21415',NULL,'CV CONSTRUCCIONES GENERALES SAC','CREDENZA DE MELAMINA',NULL,NULL,'1.60 x 0.60 x 0.70','marrón','Pasadizo','1',1,'2023-11-30 21:05:33','2023-11-30 21:05:33'),(109,1,'S/OC','-','-','21417',NULL,'CV CONSTRUCCIONES GENERALES SAC','CREDENZA DE MELAMINA',NULL,NULL,'1.20 x 0.45 x 0.90','marrón','Coordinador','1',1,'2023-11-30 21:05:33','2023-11-30 21:05:33'),(110,1,'S/OC','-','-','21448',NULL,'CV CONSTRUCCIONES GENERALES SAC','CREDENZA DE MELAMINA',NULL,NULL,'2.40 x 0.60 x 0.90','marrón','Sala de reuniones','1',1,'2023-11-30 21:05:33','2023-11-30 21:05:33'),(111,1,'S/OC','-','-','21502',NULL,'CV CONSTRUCCIONES GENERALES SAC','CREDENZA DE MELAMINA',NULL,NULL,'2.38 x 0.60 x 0.70','crema','Pasadizo','1',1,'2023-11-30 21:05:33','2023-11-30 21:05:33'),(112,1,'S/OC','-','-','21200','06.01.01.04.01','CV CONSTRUCCIONES GENERALES SAC','DESHUMEDECEDOR (20L/DIA / 0.8KW-220V-1F-60HZ)','MIRAY','DM222W','20230341',NULL,'Migraciones','1',1,'2023-11-30 21:05:33','2023-11-30 21:05:33'),(113,1,'41','-','-','21486','45055','ALLIN TELD S.A.C.','EQUIPO DE AIRE ACONDICIONADO DE PRECISION','RITTAL','SK 3313420','2022K000090253',NULL,'Data Center','1',1,'2023-11-30 21:05:33','2023-11-30 21:05:33'),(114,1,'44','-','-','21176','45057','MUR TECNOLOGIA  S.A.C.','EQUIPO PARA FIRMA ELECTRONICA - PAD PARA FIRMA','WACOM','STU-540','3CQ0021001719',NULL,'Almacén TIC','1',1,'2023-11-30 21:05:33','2023-11-30 21:05:33'),(115,1,'44','-','-','21175','45057','MUR TECNOLOGIA  S.A.C.','EQUIPO PARA FIRMA ELECTRONICA - PAD PARA FIRMA','WACOM','STU-540','3CQ0021001718',NULL,'Almacén TIC','1',1,'2023-11-30 21:05:33','2023-11-30 21:05:33'),(116,1,'S/OC','-','-','21509','06.01.01.01.01','CV CONSTRUCCIONES GENERALES SAC','EQUIPO UED (24,000 BTU/h,0.2kW-220V-1F-60HZ) - (FRIO)','SAMSUNG','AM082TNVDKH','0HGBPDBR700018Z',NULL,'Data Center','1',1,'2023-11-30 21:05:33','2023-11-30 21:05:33'),(117,1,'S/OC','-','-','21510','06.01.01.01.01','CV CONSTRUCCIONES GENERALES SAC','EQUIPO UED (24,000 BTU/h,0.2kW-220V-1F-60HZ) - (FRIO)','SAMSUNG','AM082TNVDKH','0HGBPDBR700025P',NULL,'Migraciones','1',1,'2023-11-30 21:05:33','2023-11-30 21:05:33'),(118,1,'S/OC','-','-','21514','06.01.01.01.01','CV CONSTRUCCIONES GENERALES SAC','EQUIPO UED (24,000 BTU/h,0.2kW-220V-1F-60HZ) - (FRIO)','SAMSUNG','AM024KNQDCH','0RB5PAGM800001N',NULL,'Banco de la Nación','1',1,'2023-11-30 21:05:33','2023-11-30 21:05:33'),(119,1,'S/OC','-','-','21512','06.01.01.01.02','CV CONSTRUCCIONES GENERALES SAC','EQUIPO UED (48,000 BTU/h,0.2kW-220V-1F-60HZ) - (FRIO)','SAMSUNG','AM140JNCDKH','0E58PAOTA00058W',NULL,'Cuarto de tableros','1',1,'2023-11-30 21:05:33','2023-11-30 21:05:33'),(120,1,'S/OC','-','-','21513','06.01.01.01.02','CV CONSTRUCCIONES GENERALES SAC','EQUIPO UED (48,000 BTU/h,0.2kW-220V-1F-60HZ) - (FRIO)','SAMSUNG','AM140JNCDKH','0E58PAOTA00070D',NULL,'Cuarto de tableros','1',1,'2023-11-30 21:05:33','2023-11-30 21:05:33'),(121,1,'S/OC','-','-','21511','06.01.01.01.03','CV CONSTRUCCIONES GENERALES SAC','EQUIPO UED (9,000 BTU/h,0.2kW-220V-1F-60HZ) - (FRIO)','SAMSUNG','AM045JNVDKH','0DG4PAGN300033Z',NULL,'Migraciones','1',1,'2023-11-30 21:05:33','2023-11-30 21:05:33'),(122,1,'13','-','-','21393','44973','VICLEVI S.A.C.','ESCALINATA - GRADILLA DE 2 PELDAÑOS',NULL,NULL,NULL,'negro','Tópico','1',1,'2023-11-30 21:05:33','2023-11-30 21:05:33'),(123,1,'S/OC','-','-','21372',NULL,'CV CONSTRUCCIONES GENERALES SAC','ESCRITORIO DE MELAMINA Y METAL',NULL,NULL,'1.50 x 0.90 x 0.75','marrón','Módulo 03','1',1,'2023-11-30 21:05:33','2023-11-30 21:05:33'),(124,1,'S/OC','-','-','21373',NULL,'CV CONSTRUCCIONES GENERALES SAC','ESCRITORIO DE MELAMINA Y METAL',NULL,NULL,'1.50 x 0.90 x 0.75','marrón','Módulo 04','1',1,'2023-11-30 21:05:33','2023-11-30 21:05:33'),(125,1,'S/OC','-','-','21374',NULL,'CV CONSTRUCCIONES GENERALES SAC','ESCRITORIO DE MELAMINA Y METAL',NULL,NULL,'1.50 x 0.90 x 0.75','marrón','Módulo 05','1',1,'2023-11-30 21:05:33','2023-11-30 21:05:33'),(126,1,'S/OC','-','-','21375',NULL,'CV CONSTRUCCIONES GENERALES SAC','ESCRITORIO DE MELAMINA Y METAL',NULL,NULL,'1.50 x 0.90 x 0.75','marrón','Módulo 06','1',1,'2023-11-30 21:05:33','2023-11-30 21:05:33'),(127,1,'S/OC','-','-','21376',NULL,'CV CONSTRUCCIONES GENERALES SAC','ESCRITORIO DE MELAMINA Y METAL',NULL,NULL,'1.50 x 0.90 x 0.75','marrón','Módulo 07','1',1,'2023-11-30 21:05:33','2023-11-30 21:05:33'),(128,1,'S/OC','-','-','21377',NULL,'CV CONSTRUCCIONES GENERALES SAC','ESCRITORIO DE MELAMINA Y METAL',NULL,NULL,'1.50 x 0.90 x 0.75','marrón','Módulo 08','1',1,'2023-11-30 21:05:33','2023-11-30 21:05:33'),(129,1,'S/OC','-','-','21378',NULL,'CV CONSTRUCCIONES GENERALES SAC','ESCRITORIO DE MELAMINA Y METAL',NULL,NULL,'1.50 x 0.90 x 0.75','marrón','Módulo 09','1',1,'2023-11-30 21:05:33','2023-11-30 21:05:33'),(130,1,'S/OC','-','-','21379',NULL,'CV CONSTRUCCIONES GENERALES SAC','ESCRITORIO DE MELAMINA Y METAL',NULL,NULL,'1.50 x 0.90 x 0.75','marrón','Módulo 10','1',1,'2023-11-30 21:05:33','2023-11-30 21:05:33'),(131,1,'S/OC','-','-','21380',NULL,'CV CONSTRUCCIONES GENERALES SAC','ESCRITORIO DE MELAMINA Y METAL',NULL,NULL,'1.50 x 0.90 x 0.75','marrón','Módulo 11','1',1,'2023-11-30 21:05:33','2023-11-30 21:05:33'),(132,1,'S/OC','-','-','21381',NULL,'CV CONSTRUCCIONES GENERALES SAC','ESCRITORIO DE MELAMINA Y METAL',NULL,NULL,'1.50 x 0.90 x 0.75','marrón','Módulo 12','1',1,'2023-11-30 21:05:33','2023-11-30 21:05:33'),(133,1,'S/OC','-','-','21382',NULL,'CV CONSTRUCCIONES GENERALES SAC','ESCRITORIO DE MELAMINA Y METAL',NULL,NULL,'1.50 x 0.90 x 0.75','marrón','Módulo 13','1',1,'2023-11-30 21:05:33','2023-11-30 21:05:33'),(134,1,'S/OC','-','-','21383',NULL,'CV CONSTRUCCIONES GENERALES SAC','ESCRITORIO DE MELAMINA Y METAL',NULL,NULL,'1.50 x 0.90 x 0.75','marrón','Módulo 14','1',1,'2023-11-30 21:05:33','2023-11-30 21:05:33'),(135,1,'S/OC','-','-','21384',NULL,'CV CONSTRUCCIONES GENERALES SAC','ESCRITORIO DE MELAMINA Y METAL',NULL,NULL,'1.50 x 0.90 x 0.75','marrón','Módulo 15','1',1,'2023-11-30 21:05:33','2023-11-30 21:05:33'),(136,1,'S/OC','-','-','21385',NULL,'CV CONSTRUCCIONES GENERALES SAC','ESCRITORIO DE MELAMINA Y METAL',NULL,NULL,'1.50 x 0.90 x 0.75','marrón','Módulo 16','1',1,'2023-11-30 21:05:33','2023-11-30 21:05:33'),(137,1,'S/OC','-','-','21386',NULL,'CV CONSTRUCCIONES GENERALES SAC','ESCRITORIO DE MELAMINA Y METAL',NULL,NULL,'1.50 x 0.90 x 0.75','marrón','Módulo 17','1',1,'2023-11-30 21:05:33','2023-11-30 21:05:33'),(138,1,'S/OC','-','-','21387',NULL,'CV CONSTRUCCIONES GENERALES SAC','ESCRITORIO DE MELAMINA Y METAL',NULL,NULL,'1.50 x 0.90 x 0.75','marrón','Módulo 18','1',1,'2023-11-30 21:05:33','2023-11-30 21:05:33'),(139,1,'S/OC','-','-','21388',NULL,'CV CONSTRUCCIONES GENERALES SAC','ESCRITORIO DE MELAMINA Y METAL',NULL,NULL,'1.50 x 0.90 x 0.75','marrón','Módulo 19','1',1,'2023-11-30 21:05:33','2023-11-30 21:05:33'),(140,1,'S/OC','-','-','21389',NULL,'CV CONSTRUCCIONES GENERALES SAC','ESCRITORIO DE MELAMINA Y METAL',NULL,NULL,'1.50 x 0.90 x 0.75','marrón','Módulo 20','1',1,'2023-11-30 21:05:33','2023-11-30 21:05:33'),(141,1,'S/OC','-','-','21399',NULL,'CV CONSTRUCCIONES GENERALES SAC','ESCRITORIO DE MELAMINA Y METAL',NULL,NULL,'1.50 x 0.90 x 0.75','marrón','Supervisor','1',1,'2023-11-30 21:05:33','2023-11-30 21:05:33'),(142,1,'S/OC','-','-','21418',NULL,'CV CONSTRUCCIONES GENERALES SAC','ESCRITORIO DE MELAMINA Y METAL',NULL,NULL,'1.50 x 0.90 x 0.75','marrón','Coordinador','1',1,'2023-11-30 21:05:33','2023-11-30 21:05:33'),(143,1,'S/OC','-','-','21409',NULL,'CV CONSTRUCCIONES GENERALES SAC','ESCRITORIO FLOTANTE DE MELAMINA',NULL,NULL,'1.80 x 0.60 x 0.50','blanco','Migraciones','1',1,'2023-11-30 21:05:33','2023-11-30 21:05:33'),(144,1,'S/OC','-','-','21410',NULL,'CV CONSTRUCCIONES GENERALES SAC','ESCRITORIO FLOTANTE DE MELAMINA',NULL,NULL,'1.80 x 0.60 x 0.50','blanco','Migraciones','1',1,'2023-11-30 21:05:33','2023-11-30 21:05:33'),(145,1,'S/OC','-','-','21455',NULL,'CV CONSTRUCCIONES GENERALES SAC','ESCRITORIO FLOTANTE DE MELAMINA',NULL,NULL,'1.35 x 0.60 x 0.50','blanco','Sala de monitoreo','1',1,'2023-11-30 21:05:33','2023-11-30 21:05:33'),(146,1,'S/OC','-','-','21456',NULL,'CV CONSTRUCCIONES GENERALES SAC','ESCRITORIO FLOTANTE DE MELAMINA',NULL,NULL,'1.35 x 0.60 x 0.50','blanco','Sala de monitoreo','1',1,'2023-11-30 21:05:33','2023-11-30 21:05:33'),(147,1,'13','-','-','s/c','44973','VICLEVI S.A.C.','ESTANTE DE ÁNGULO RANURADO DE METAL 40 cm X 1.10 m X 2.10 m APROX.',NULL,NULL,NULL,'plomo','Ambientes varios','11',1,'2023-11-30 21:05:33','2023-11-30 21:05:33'),(148,1,'S/OC','-','-','21235','03.11.04.02','CV CONSTRUCCIONES GENERALES SAC','EXTINTOR CO2 10 lbs','EXFUR',NULL,NULL,NULL,'Pasadizo','1',1,'2023-11-30 21:05:33','2023-11-30 21:05:33'),(149,1,'S/OC','-','-','21236','03.11.04.02','CV CONSTRUCCIONES GENERALES SAC','EXTINTOR CO2 10 lbs','EXFUR',NULL,NULL,NULL,'Pasadizo','1',1,'2023-11-30 21:05:33','2023-11-30 21:05:33'),(150,1,'S/OC','-','-','21283','03.11.04.02','CV CONSTRUCCIONES GENERALES SAC','EXTINTOR CO2 10 lbs','EXFUR',NULL,NULL,NULL,'Recepción','1',1,'2023-11-30 21:05:33','2023-11-30 21:05:33'),(151,1,'S/OC','-','-','21294','03.11.04.02','CV CONSTRUCCIONES GENERALES SAC','EXTINTOR CO2 10 lbs','EXFUR',NULL,NULL,NULL,'Módulo de atención','1',1,'2023-11-30 21:05:33','2023-11-30 21:05:33'),(152,1,'S/OC','-','-','21295','03.11.04.02','CV CONSTRUCCIONES GENERALES SAC','EXTINTOR CO2 10 lbs','EXFUR',NULL,NULL,NULL,'Módulo de atención','1',1,'2023-11-30 21:05:33','2023-11-30 21:05:33'),(153,1,'S/OC','-','-','21406','03.11.04.02','CV CONSTRUCCIONES GENERALES SAC','EXTINTOR CO2 10 lbs','EXFUR',NULL,NULL,NULL,'Migraciones','1',1,'2023-11-30 21:05:33','2023-11-30 21:05:33'),(154,1,'S/OC','-','-','21469','03.11.04.02','CV CONSTRUCCIONES GENERALES SAC','EXTINTOR CO2 10 lbs',NULL,NULL,NULL,'rojo','Data Center','1',1,'2023-11-30 21:05:33','2023-11-30 21:05:33'),(155,1,'S/OC','-','-','21445','03.11.04.02','CV CONSTRUCCIONES GENERALES SAC','EXTINTOR CO2 10 lbs',NULL,NULL,NULL,'rojo','Banco de la Nación','1',1,'2023-11-30 21:05:33','2023-11-30 21:05:33'),(156,1,'S/OC','-','-','21429','03.11.04.02','CV CONSTRUCCIONES GENERALES SAC','EXTINTOR CO2 10 lbs',NULL,NULL,NULL,'rojo','Cuarto de tableros','1',1,'2023-11-30 21:05:33','2023-11-30 21:05:33'),(157,1,'S/OC','-','-','21046','03.11.04.02','CV CONSTRUCCIONES GENERALES SAC','EXTINTOR CO2 10 lbs',NULL,NULL,NULL,'rojo','Sala de usos múltiples - SUM','1',1,'2023-11-30 21:05:33','2023-11-30 21:05:33'),(158,1,'S/OC','-','-','21281','03.11.04.01','CV CONSTRUCCIONES GENERALES SAC','EXTINTOR PQS-ABC 10 kg',NULL,NULL,NULL,'rojo','Recepción','1',1,'2023-11-30 21:05:33','2023-11-30 21:05:33'),(159,1,'S/OC','-','-','21282','03.11.04.01','CV CONSTRUCCIONES GENERALES SAC','EXTINTOR PQS-ABC 10 kg',NULL,NULL,NULL,'rojo','Recepción','1',1,'2023-11-30 21:05:33','2023-11-30 21:05:33'),(160,1,'S/OC','-','-','21292','03.11.04.01','CV CONSTRUCCIONES GENERALES SAC','EXTINTOR PQS-ABC 10 kg',NULL,NULL,NULL,'rojo','Sala de espera','1',1,'2023-11-30 21:05:33','2023-11-30 21:05:33'),(161,1,'S/OC','-','-','21293','03.11.04.01','CV CONSTRUCCIONES GENERALES SAC','EXTINTOR PQS-ABC 10 kg',NULL,NULL,NULL,'rojo','Sala de espera','1',1,'2023-11-30 21:05:33','2023-11-30 21:05:33'),(162,1,'S/OC','-','-','21001','07.02.01.01','CV CONSTRUCCIONES GENERALES SAC','GABINETE 24 UR',NULL,NULL,NULL,'negro','Depósito de Sala de usos múltiples - SUM ','1',1,'2023-11-30 21:05:33','2023-11-30 21:05:33'),(163,1,'S/OC','-','-','21194','07.02.01.01','CV CONSTRUCCIONES GENERALES SAC','GABINETE 24 UR',NULL,NULL,NULL,'negro','Migraciones','1',1,'2023-11-30 21:05:33','2023-11-30 21:05:33'),(164,1,'S/OC','-','-','21442','07.02.01.01','CV CONSTRUCCIONES GENERALES SAC','GABINETE 24 UR',NULL,NULL,NULL,'negro','Banco de la Nación','1',1,'2023-11-30 21:05:33','2023-11-30 21:05:33'),(165,1,'41','-','-','21470','45055','ALLIN TELD S.A.C.','GABINETE DE METAL PARA SERVIDORES','RITTAL','VX IT 5311.126','F-23R-9057203',NULL,'Data Center','1',1,'2023-11-30 21:05:33','2023-11-30 21:05:33'),(166,1,'41','-','-','21471','45055','ALLIN TELD S.A.C.','GABINETE DE METAL PARA SERVIDORES','RITTAL','VX IT 5311.126','F-23R-9057201',NULL,'Data Center','1',1,'2023-11-30 21:05:33','2023-11-30 21:05:33'),(167,1,'S/OC','-','-','21431','05.09.05.02','CV CONSTRUCCIONES GENERALES SAC','GENERADOR ESTÁTICO DE POTENCIA REACTIVA 30KVAR, 3Ø+1N, 400V, INC. TRANSFOR-MADORES DE CORRIENTE Y ACCESORIOS, CONEXIÓN C/PUERTO RJ45','CIRCUTOR','SVGM','522005539001',NULL,'Cuarto de tableros','1',1,'2023-11-30 21:05:33','2023-11-30 21:05:33'),(168,1,'S/OC','-','-','21432','05.09.05.02','CV CONSTRUCCIONES GENERALES SAC','FILTRO ACTIVO','CIRCUTOR','AFQM5220','6016380003',NULL,'Cuarto de tableros','1',1,'2023-11-30 21:05:33','2023-11-30 21:05:33'),(169,1,'67','-','-','21437','45133','TECNOLOGIA E INFORMATICA EN GENERAL S.A.C.','HORNO MICROONDAS','ELECTROLUX','EMDO25S2GSRUG','31710609','plomo','Banco de la Nación','1',1,'2023-11-30 21:05:33','2023-11-30 21:05:33'),(170,1,'67','-','-','21227','45133','TECNOLOGIA E INFORMATICA EN GENERAL S.A.C.','HORNO MICROONDAS','ELECTROLUX','EMDO25S2GSRUG','31020035','plomo','Comedor','1',1,'2023-11-30 21:05:33','2023-11-30 21:05:33'),(171,1,'67','-','-','21226','45133','TECNOLOGIA E INFORMATICA EN GENERAL S.A.C.','HORNO MICROONDAS','ELECTROLUX','EMDO25S2GSRUG','31020663','plomo','Comedor','1',1,'2023-11-30 21:05:33','2023-11-30 21:05:33'),(172,1,'32','-','-','21352','45020','ONCORE SAC','IMPRESORA TIPO 1 – IMPRESORA MULTIFUNCIONAL ','LEXMARK','MX432ADWE29S8102','701931210G1PC  ',NULL,'Zona de impresión','1',1,'2023-11-30 21:05:33','2023-11-30 21:05:33'),(173,1,'32','-','-','21353','45020','ONCORE SAC','IMPRESORA TIPO 1 – IMPRESORA MULTIFUNCIONAL ','LEXMARK','MX432ADWE29S8102','701931210G1LZ',NULL,'Zona de impresión','1',1,'2023-11-30 21:05:33','2023-11-30 21:05:33'),(174,1,'32','-','-','21462','45020','ONCORE SAC','IMPRESORA TIPO 1 – IMPRESORA MULTIFUNCIONAL ','LEXMARK','MX432ADWE29S8102','701931210G1PL',NULL,'Sala de monitoreo','1',1,'2023-11-30 21:05:33','2023-11-30 21:05:33'),(175,1,'33','-','-','21348','45021','ONCORE SAC','IMPRESORA TIPO 3 – IMPRESORA LÁSER ','LEXMARK','MS622de','460025242D15R     ',NULL,'Módulo 11','1',1,'2023-11-30 21:05:33','2023-11-30 21:05:33'),(176,1,'33','-','-','21351','45021','ONCORE SAC','IMPRESORA TIPO 3 – IMPRESORA LÁSER ','LEXMARK','MS622de','460025242D15Y',NULL,'Módulo 16','1',1,'2023-11-30 21:05:33','2023-11-30 21:05:33'),(177,1,'33','-','-','21350','45021','ONCORE SAC','IMPRESORA TIPO 3 – IMPRESORA LÁSER ','LEXMARK','MS622de','460025242D11N',NULL,'Módulo 14','1',1,'2023-11-30 21:05:33','2023-11-30 21:05:33'),(178,1,'33','-','-','21349','45021','ONCORE SAC','IMPRESORA TIPO 3 – IMPRESORA LÁSER ','LEXMARK','MS622de','460025242D15M',NULL,'Módulo 13','1',1,'2023-11-30 21:05:33','2023-11-30 21:05:33'),(179,1,'33','-','-','21347','45021','ONCORE SAC','IMPRESORA TIPO 3 – IMPRESORA LÁSER ','LEXMARK','MS622de','460025242D15V',NULL,'Módulo 09','1',1,'2023-11-30 21:05:33','2023-11-30 21:05:33'),(180,1,'33','-','-','21345','45021','ONCORE SAC','IMPRESORA TIPO 3 – IMPRESORA LÁSER ','LEXMARK','MS622de','460025242D15C ',NULL,'Módulo 05','1',1,'2023-11-30 21:05:33','2023-11-30 21:05:33'),(181,1,'33','-','-','21344','45021','ONCORE SAC','IMPRESORA TIPO 3 – IMPRESORA LÁSER ','LEXMARK','MS622de','460025242D15Z ',NULL,'Módulo 03','1',1,'2023-11-30 21:05:33','2023-11-30 21:05:33'),(182,1,'33','-','-','21346','45021','ONCORE SAC','IMPRESORA TIPO 3 – IMPRESORA LÁSER ','LEXMARK','MS622de','460025242D161',NULL,'Módulo 07','1',1,'2023-11-30 21:05:33','2023-11-30 21:05:33'),(183,1,'S/OC','-','-','21274','07.06.01','CV CONSTRUCCIONES GENERALES SAC','LECTOR BIOMÉTRICO','INCRON','FW-340','FW-340-3K-0530',NULL,'Recepción','1',1,'2023-11-30 21:05:33','2023-11-30 21:05:33'),(184,1,'S/OC','-','-','21275','07.06.01','CV CONSTRUCCIONES GENERALES SAC','LECTOR BIOMÉTRICO','INCRON','FW-340','FW-340-3F-0529',NULL,'Recepción','1',1,'2023-11-30 21:05:33','2023-11-30 21:05:33'),(185,1,'S/OC','-','-','21411','07.07.01','CV CONSTRUCCIONES GENERALES SAC','LECTOR DE HUELLA DIGITAL','ZKTECO',NULL,NULL,NULL,'Migraciones','1',1,'2023-11-30 21:05:33','2023-11-30 21:05:33'),(186,1,'S/OC','-','-','21412','07.07.01','CV CONSTRUCCIONES GENERALES SAC','LECTOR DE HUELLA DIGITAL','ZKTECO',NULL,NULL,NULL,'Migraciones','1',1,'2023-11-30 21:05:33','2023-11-30 21:05:33'),(187,1,'S/OC','-','-','21452','07.07.01','CV CONSTRUCCIONES GENERALES SAC','LECTOR DE HUELLA DIGITAL','ZKTECO',NULL,NULL,NULL,'Sala de monitoreo','1',1,'2023-11-30 21:05:33','2023-11-30 21:05:33'),(188,1,'49','-','-','21167','45068','MUR TECNOLOGIA  S.A.C.','LECTORA DE CODIGO DE BARRAS LINEAL','SYMBOL','LS2208','Z4KAZK',NULL,'Almacén TIC','1',1,'2023-11-30 21:05:33','2023-11-30 21:05:33'),(189,1,'49','-','-','21168','45068','MUR TECNOLOGIA  S.A.C.','LECTORA DE CODIGO DE BARRAS LINEAL','SYMBOL','LS2208','Z4KPVR',NULL,'Almacén TIC','1',1,'2023-11-30 21:05:33','2023-11-30 21:05:33'),(190,1,'49','-','-','21169','45068','MUR TECNOLOGIA  S.A.C.','LECTORA DE CODIGO DE BARRAS LINEAL','SYMBOL','LS2208','Z4KAZN',NULL,'Almacén TIC','1',1,'2023-11-30 21:05:33','2023-11-30 21:05:33'),(191,1,'49','-','-','21170','45068','MUR TECNOLOGIA  S.A.C.','LECTORA DE CODIGO DE BARRAS LINEAL','SYMBOL','LS2208','Z4KPWJ',NULL,'Almacén TIC','1',1,'2023-11-30 21:05:33','2023-11-30 21:05:33'),(192,1,'49','-','-','21171','45068','MUR TECNOLOGIA  S.A.C.','LECTORA DE CODIGO DE BARRAS LINEAL','SYMBOL','LS2208','Z4KPVN',NULL,'Almacén TIC','1',1,'2023-11-30 21:05:33','2023-11-30 21:05:33'),(193,1,'S/OC','-','-','21247',NULL,'CV CONSTRUCCIONES GENERALES SAC','LOCKER DE MELAMINA',NULL,NULL,NULL,'crema','Pasadizo','1',1,'2023-11-30 21:05:33','2023-11-30 21:05:33'),(194,1,'S/OC','-','-','21248',NULL,'CV CONSTRUCCIONES GENERALES SAC','LOCKER DE MELAMINA',NULL,NULL,NULL,'crema','Pasadizo','1',1,'2023-11-30 21:05:33','2023-11-30 21:05:33'),(195,1,'S/OC','-','-','21228','05.09.01.08','CV CONSTRUCCIONES GENERALES SAC','LUMINARIA DE EMERGENCIA, CON 02 FAROS DIRECCIONABLES LED DE 10W C/U, 220VAC, 60HZ, CON GRADO DE PROTECCIÓN MIN. IP20, ',NULL,NULL,NULL,'blanco','Comedor','1',1,'2023-11-30 21:05:33','2023-11-30 21:05:33'),(196,1,'S/OC','-','-','21230','05.09.01.08','CV CONSTRUCCIONES GENERALES SAC','LUMINARIA DE EMERGENCIA, CON 02 FAROS DIRECCIONABLES LED DE 10W C/U, 220VAC, 60HZ, CON GRADO DE PROTECCIÓN MIN. IP20, ',NULL,NULL,NULL,'blanco','Baño','1',1,'2023-11-30 21:05:33','2023-11-30 21:05:33'),(197,1,'S/OC','-','-','21232','05.09.01.08','CV CONSTRUCCIONES GENERALES SAC','LUMINARIA DE EMERGENCIA, CON 02 FAROS DIRECCIONABLES LED DE 10W C/U, 220VAC, 60HZ, CON GRADO DE PROTECCIÓN MIN. IP20, ',NULL,NULL,NULL,'blanco','Baño M ','1',1,'2023-11-30 21:05:33','2023-11-30 21:05:33'),(198,1,'S/OC','-','-','21234','05.09.01.08','CV CONSTRUCCIONES GENERALES SAC','LUMINARIA DE EMERGENCIA, CON 02 FAROS DIRECCIONABLES LED DE 10W C/U, 220VAC, 60HZ, CON GRADO DE PROTECCIÓN MIN. IP20, ',NULL,NULL,NULL,'blanco','Baño H','1',1,'2023-11-30 21:05:33','2023-11-30 21:05:33'),(199,1,'S/OC','-','-','21237','05.09.01.08','CV CONSTRUCCIONES GENERALES SAC','LUMINARIA DE EMERGENCIA, CON 02 FAROS DIRECCIONABLES LED DE 10W C/U, 220VAC, 60HZ, CON GRADO DE PROTECCIÓN MIN. IP20, ',NULL,NULL,NULL,'blanco','Pasadizo','1',1,'2023-11-30 21:05:33','2023-11-30 21:05:33'),(200,1,'S/OC','-','-','21238','05.09.01.08','CV CONSTRUCCIONES GENERALES SAC','LUMINARIA DE EMERGENCIA, CON 02 FAROS DIRECCIONABLES LED DE 10W C/U, 220VAC, 60HZ, CON GRADO DE PROTECCIÓN MIN. IP20, ',NULL,NULL,NULL,'blanco','Pasadizo','1',1,'2023-11-30 21:05:33','2023-11-30 21:05:33'),(201,1,'S/OC','-','-','21239','05.09.01.08','CV CONSTRUCCIONES GENERALES SAC','LUMINARIA DE EMERGENCIA, CON 02 FAROS DIRECCIONABLES LED DE 10W C/U, 220VAC, 60HZ, CON GRADO DE PROTECCIÓN MIN. IP20, ',NULL,NULL,NULL,'blanco','Pasadizo','1',1,'2023-11-30 21:05:33','2023-11-30 21:05:33'),(202,1,'S/OC','-','-','21240','05.09.01.08','CV CONSTRUCCIONES GENERALES SAC','LUMINARIA DE EMERGENCIA, CON 02 FAROS DIRECCIONABLES LED DE 10W C/U, 220VAC, 60HZ, CON GRADO DE PROTECCIÓN MIN. IP20, ',NULL,NULL,NULL,'blanco','Cuarto de residuos','1',1,'2023-11-30 21:05:33','2023-11-30 21:05:33'),(203,1,'S/OC','-','-','21246','05.09.01.08','CV CONSTRUCCIONES GENERALES SAC','LUMINARIA DE EMERGENCIA, CON 02 FAROS DIRECCIONABLES LED DE 10W C/U, 220VAC, 60HZ, CON GRADO DE PROTECCIÓN MIN. IP20, ',NULL,NULL,NULL,'blanco','Lactario','1',1,'2023-11-30 21:05:33','2023-11-30 21:05:33'),(204,1,'S/OC','-','-','21276','05.09.01.08','CV CONSTRUCCIONES GENERALES SAC','LUMINARIA DE EMERGENCIA, CON 02 FAROS DIRECCIONABLES LED DE 10W C/U, 220VAC, 60HZ, CON GRADO DE PROTECCIÓN MIN. IP20, ',NULL,NULL,NULL,'blanco','Recepción','1',1,'2023-11-30 21:05:33','2023-11-30 21:05:33'),(205,1,'S/OC','-','-','21277','05.09.01.08','CV CONSTRUCCIONES GENERALES SAC','LUMINARIA DE EMERGENCIA, CON 02 FAROS DIRECCIONABLES LED DE 10W C/U, 220VAC, 60HZ, CON GRADO DE PROTECCIÓN MIN. IP20, ',NULL,NULL,NULL,'blanco','Recepción','1',1,'2023-11-30 21:05:33','2023-11-30 21:05:33'),(206,1,'S/OC','-','-','21278','05.09.01.08','CV CONSTRUCCIONES GENERALES SAC','LUMINARIA DE EMERGENCIA, CON 02 FAROS DIRECCIONABLES LED DE 10W C/U, 220VAC, 60HZ, CON GRADO DE PROTECCIÓN MIN. IP20, ',NULL,NULL,NULL,'blanco','Recepción','1',1,'2023-11-30 21:05:33','2023-11-30 21:05:33'),(207,1,'S/OC','-','-','21279','05.09.01.08','CV CONSTRUCCIONES GENERALES SAC','LUMINARIA DE EMERGENCIA, CON 02 FAROS DIRECCIONABLES LED DE 10W C/U, 220VAC, 60HZ, CON GRADO DE PROTECCIÓN MIN. IP20, ',NULL,NULL,NULL,'blanco','Recepción','1',1,'2023-11-30 21:05:33','2023-11-30 21:05:33'),(208,1,'S/OC','-','-','21280','05.09.01.08','CV CONSTRUCCIONES GENERALES SAC','LUMINARIA DE EMERGENCIA, CON 02 FAROS DIRECCIONABLES LED DE 10W C/U, 220VAC, 60HZ, CON GRADO DE PROTECCIÓN MIN. IP20, ',NULL,NULL,NULL,'blanco','Recepción','1',1,'2023-11-30 21:05:33','2023-11-30 21:05:33'),(209,1,'S/OC','-','-','21284','05.09.01.08','CV CONSTRUCCIONES GENERALES SAC','LUMINARIA DE EMERGENCIA, CON 02 FAROS DIRECCIONABLES LED DE 10W C/U, 220VAC, 60HZ, CON GRADO DE PROTECCIÓN MIN. IP20, ',NULL,NULL,NULL,'blanco','Sala de espera','1',1,'2023-11-30 21:05:33','2023-11-30 21:05:33'),(210,1,'S/OC','-','-','21285','05.09.01.08','CV CONSTRUCCIONES GENERALES SAC','LUMINARIA DE EMERGENCIA, CON 02 FAROS DIRECCIONABLES LED DE 10W C/U, 220VAC, 60HZ, CON GRADO DE PROTECCIÓN MIN. IP20, ',NULL,NULL,NULL,'blanco','Sala de espera','1',1,'2023-11-30 21:05:33','2023-11-30 21:05:33'),(211,1,'S/OC','-','-','21286','05.09.01.08','CV CONSTRUCCIONES GENERALES SAC','LUMINARIA DE EMERGENCIA, CON 02 FAROS DIRECCIONABLES LED DE 10W C/U, 220VAC, 60HZ, CON GRADO DE PROTECCIÓN MIN. IP20, ',NULL,NULL,NULL,'blanco','Sala de espera','1',1,'2023-11-30 21:05:33','2023-11-30 21:05:33'),(212,1,'S/OC','-','-','21287','05.09.01.08','CV CONSTRUCCIONES GENERALES SAC','LUMINARIA DE EMERGENCIA, CON 02 FAROS DIRECCIONABLES LED DE 10W C/U, 220VAC, 60HZ, CON GRADO DE PROTECCIÓN MIN. IP20, ',NULL,NULL,NULL,'blanco','Sala de espera','1',1,'2023-11-30 21:05:33','2023-11-30 21:05:33'),(213,1,'S/OC','-','-','21288','05.09.01.08','CV CONSTRUCCIONES GENERALES SAC','LUMINARIA DE EMERGENCIA, CON 02 FAROS DIRECCIONABLES LED DE 10W C/U, 220VAC, 60HZ, CON GRADO DE PROTECCIÓN MIN. IP20, ',NULL,NULL,NULL,'blanco','Módulos de atención','1',1,'2023-11-30 21:05:33','2023-11-30 21:05:33'),(214,1,'S/OC','-','-','21289','05.09.01.08','CV CONSTRUCCIONES GENERALES SAC','LUMINARIA DE EMERGENCIA, CON 02 FAROS DIRECCIONABLES LED DE 10W C/U, 220VAC, 60HZ, CON GRADO DE PROTECCIÓN MIN. IP20, ',NULL,NULL,NULL,'blanco','Módulos de atención','1',1,'2023-11-30 21:05:33','2023-11-30 21:05:33'),(215,1,'S/OC','-','-','21290','05.09.01.08','CV CONSTRUCCIONES GENERALES SAC','LUMINARIA DE EMERGENCIA, CON 02 FAROS DIRECCIONABLES LED DE 10W C/U, 220VAC, 60HZ, CON GRADO DE PROTECCIÓN MIN. IP20, ',NULL,NULL,NULL,'blanco','Módulos de atención','1',1,'2023-11-30 21:05:33','2023-11-30 21:05:33'),(216,1,'S/OC','-','-','21291','05.09.01.08','CV CONSTRUCCIONES GENERALES SAC','LUMINARIA DE EMERGENCIA, CON 02 FAROS DIRECCIONABLES LED DE 10W C/U, 220VAC, 60HZ, CON GRADO DE PROTECCIÓN MIN. IP20, ',NULL,NULL,NULL,'blanco','Módulos de atención','1',1,'2023-11-30 21:05:33','2023-11-30 21:05:33'),(217,1,'S/OC','-','-','21394','05.09.01.08','CV CONSTRUCCIONES GENERALES SAC','LUMINARIA DE EMERGENCIA, CON 02 FAROS DIRECCIONABLES LED DE 10W C/U, 220VAC, 60HZ, CON GRADO DE PROTECCIÓN MIN. IP20, ',NULL,NULL,NULL,'blanco','Tópico','1',1,'2023-11-30 21:05:33','2023-11-30 21:05:33'),(218,1,'S/OC','-','-','21405','05.09.01.08','CV CONSTRUCCIONES GENERALES SAC','LUMINARIA DE EMERGENCIA, CON 02 FAROS DIRECCIONABLES LED DE 10W C/U, 220VAC, 60HZ, CON GRADO DE PROTECCIÓN MIN. IP20, ',NULL,NULL,NULL,'blanco','Migraciones','1',1,'2023-11-30 21:05:33','2023-11-30 21:05:33'),(219,1,'S/OC','-','-','21423','05.09.01.08','CV CONSTRUCCIONES GENERALES SAC','LUMINARIA DE EMERGENCIA, CON 02 FAROS DIRECCIONABLES LED DE 10W C/U, 220VAC, 60HZ, CON GRADO DE PROTECCIÓN MIN. IP20, ',NULL,NULL,NULL,'blanco','Cuarto de tableros','1',1,'2023-11-30 21:05:33','2023-11-30 21:05:33'),(220,1,'S/OC','-','-','21446','05.09.01.08','CV CONSTRUCCIONES GENERALES SAC','LUMINARIA DE EMERGENCIA, CON 02 FAROS DIRECCIONABLES LED DE 10W C/U, 220VAC, 60HZ, CON GRADO DE PROTECCIÓN MIN. IP20, ',NULL,NULL,NULL,'blanco','Banco de la Nación','1',1,'2023-11-30 21:05:33','2023-11-30 21:05:33'),(221,1,'S/OC','-','-','21457','05.09.01.08','CV CONSTRUCCIONES GENERALES SAC','LUMINARIA DE EMERGENCIA, CON 02 FAROS DIRECCIONABLES LED DE 10W C/U, 220VAC, 60HZ, CON GRADO DE PROTECCIÓN MIN. IP20, ',NULL,NULL,NULL,'blanco','Sala de monitoreo','1',1,'2023-11-30 21:05:33','2023-11-30 21:05:33'),(222,1,'S/OC','-','-','21458','05.09.01.08','CV CONSTRUCCIONES GENERALES SAC','LUMINARIA DE EMERGENCIA, CON 02 FAROS DIRECCIONABLES LED DE 10W C/U, 220VAC, 60HZ, CON GRADO DE PROTECCIÓN MIN. IP20, ',NULL,NULL,NULL,'blanco','Data Center','1',1,'2023-11-30 21:05:33','2023-11-30 21:05:33'),(223,1,'S/OC','-','-','21451','05.09.01.08','CV CONSTRUCCIONES GENERALES SAC','LUMINARIA DE EMERGENCIA, CON 02 FAROS DIRECCIONABLES LED DE 10W C/U, 220VAC, 60HZ, CON GRADO DE PROTECCIÓN MIN. IP20, ',NULL,NULL,NULL,'blanco','Sala de reuniones','1',1,'2023-11-30 21:05:33','2023-11-30 21:05:33'),(224,1,'S/OC','-','-','21496','05.09.01.08','CV CONSTRUCCIONES GENERALES SAC','LUMINARIA DE EMERGENCIA, CON 02 FAROS DIRECCIONABLES LED DE 10W C/U, 220VAC, 60HZ, CON GRADO DE PROTECCIÓN MIN. IP20, ',NULL,NULL,NULL,'blanco','Pasadizo','1',1,'2023-11-30 21:05:33','2023-11-30 21:05:33'),(225,1,'S/OC','-','-','21045','05.09.01.08','CV CONSTRUCCIONES GENERALES SAC','LUMINARIA DE EMERGENCIA, CON 02 FAROS DIRECCIONABLES LED DE 10W C/U, 220VAC, 60HZ, CON GRADO DE PROTECCIÓN MIN. IP20, ','PORTALAMPARAS','VISION LED','S/SERIE',NULL,'Sala de usos múltiples - SUM ','1',1,'2023-11-30 21:05:33','2023-11-30 21:05:33'),(226,1,'S/OC','-','-','21044','05.09.01.08','CV CONSTRUCCIONES GENERALES SAC','LUMINARIA DE EMERGENCIA, CON 02 FAROS DIRECCIONABLES LED DE 10W C/U, 220VAC, 60HZ, CON GRADO DE PROTECCIÓN MIN. IP20, ','PORTALAMPARAS','VISION LED','S/SERIE',NULL,'Sala de usos múltiples - SUM ','1',1,'2023-11-30 21:05:33','2023-11-30 21:05:33'),(227,1,'S/OC','-','-','21043','05.09.01.08','CV CONSTRUCCIONES GENERALES SAC','LUMINARIA DE EMERGENCIA, CON 02 FAROS DIRECCIONABLES LED DE 10W C/U, 220VAC, 60HZ, CON GRADO DE PROTECCIÓN MIN. IP20, ','PORTALAMPARAS','VISION LED','S/SERIE',NULL,'Sala de usos múltiples - SUM ','1',1,'2023-11-30 21:05:33','2023-11-30 21:05:33'),(228,1,'S/OC','-','-','21039',NULL,'CV CONSTRUCCIONES GENERALES SAC','MESA  PLEGABLE DE MELAMINA',NULL,NULL,'1.40 x 0.70 x 0.75','beige','Sala de usos múltiples - SUM ','1',1,'2023-11-30 21:05:33','2023-11-30 21:05:33'),(229,1,'S/OC','-','-','21040',NULL,'CV CONSTRUCCIONES GENERALES SAC','MESA  PLEGABLE DE MELAMINA',NULL,NULL,'1.40 x 0.70 x 0.75','beige','Sala de usos múltiples - SUM ','1',1,'2023-11-30 21:05:33','2023-11-30 21:05:33'),(230,1,'S/OC','-','-','21218',NULL,'CV CONSTRUCCIONES GENERALES SAC','MESA CIRCULAR DE MELAMINA',NULL,NULL,NULL,'blanco','Comedor','1',1,'2023-11-30 21:05:33','2023-11-30 21:05:33'),(231,1,'S/OC','-','-','21219',NULL,'CV CONSTRUCCIONES GENERALES SAC','MESA CIRCULAR DE MELAMINA',NULL,NULL,NULL,'blanco','Comedor','1',1,'2023-11-30 21:05:33','2023-11-30 21:05:33'),(232,1,'S/OC','-','-','21220',NULL,'CV CONSTRUCCIONES GENERALES SAC','MESA CIRCULAR DE MELAMINA',NULL,NULL,NULL,'blanco','Comedor','1',1,'2023-11-30 21:05:33','2023-11-30 21:05:33'),(233,1,'S/OC','-','-','21217',NULL,'CV CONSTRUCCIONES GENERALES SAC','MESA CIRCULAR DE MELAMINA',NULL,NULL,NULL,'blanco','Comedor','1',1,'2023-11-30 21:05:33','2023-11-30 21:05:33'),(234,1,'13','-','-','21395','44973','VICLEVI S.A.C.','MESA DE NOCHE DE METAL - VELADOR DE METAL',NULL,NULL,NULL,'plomo','Tópico','1',1,'2023-11-30 21:05:33','2023-11-30 21:05:33'),(235,1,'S/OC','-','-','21449',NULL,'CV CONSTRUCCIONES GENERALES SAC','MESA DE REUNIONES DE MELAMINA',NULL,NULL,'3.00 x 1.00 x 0.75','marrón','Sala de reuniones','1',1,'2023-11-30 21:05:33','2023-11-30 21:05:33'),(236,1,'S/OC','-','-','21245',NULL,'CV CONSTRUCCIONES GENERALES SAC','MESITA CUADRADA DE MELAMINA',NULL,NULL,NULL,'marrón','Lactario','1',1,'2023-11-30 21:05:33','2023-11-30 21:05:33'),(237,1,'S/OC','-','-','21482','07.05.03.01.01','CV CONSTRUCCIONES GENERALES SAC','MEZCLADOR PRINCIPAL','BEHRINGER','RX1202FX','S170903551486',NULL,'Data Center','1',1,'2023-11-30 21:05:33','2023-11-30 21:05:33'),(238,1,'S/OC','-','-','21049','07.05.03.02.01','CV CONSTRUCCIONES GENERALES SAC','MEZCLADOR SECUNDARIO','BEHRINGER','ULTRAZONE ZMX8210','50802191174',NULL,'SUM','1',1,'2023-11-30 21:05:33','2023-11-30 21:05:33'),(239,1,'S/OC','-','-','21177','07.05.03.01.05','CV CONSTRUCCIONES GENERALES SAC','MICRÓFONO','SHURE','SM58','S/SERIE',NULL,'Almacén TIC','1',1,'2023-11-30 21:05:33','2023-11-30 21:05:33'),(240,1,'S/OC','-','-','21166','07.05.03.02.04','CV CONSTRUCCIONES GENERALES SAC','MICRÓFONO INALÁMBRICO','SHURE','SM58',NULL,NULL,'Almacén TIC','1',1,'2023-11-30 21:05:33','2023-11-30 21:05:33'),(241,1,'S/OC','-','-','21249',NULL,'CV CONSTRUCCIONES GENERALES SAC','MÓDULO DE MELAMINA PARA RECEPCIÓN',NULL,NULL,NULL,'marrón','Recepción','1',1,'2023-11-30 21:05:33','2023-11-30 21:05:33'),(242,1,'S/OC','-','-','21433',NULL,'CV CONSTRUCCIONES GENERALES SAC','MÓDULO DE MELAMINA RECIBIDOR/PAGADOR BN',NULL,NULL,'2.40 x 0.70 x 1.20','plomo','Banco de la Nación','1',1,'2023-11-30 21:05:33','2023-11-30 21:05:33'),(243,1,'S/OC','-','-','21447',NULL,'CV CONSTRUCCIONES GENERALES SAC','MODULO DE MELAMINA Y VIDRIO PARA TELEFONOS',NULL,NULL,'4.00 x 0.50 x 1.60','plomo','Aló MAC','1',1,'2023-11-30 21:05:33','2023-11-30 21:05:33'),(244,1,'S/OC','-','-','21491',NULL,'CV CONSTRUCCIONES GENERALES SAC','MODULO DE VIGILANCIA',NULL,NULL,'0.60 x 0.48 x 101','azul','Recepción','1',1,'2023-11-30 21:05:33','2023-11-30 21:05:33'),(245,1,'38','-','-','21310','45040','ONCORE SAC','MONITOR LED','DELL','P2422H','GL2L6S3',NULL,'Módulo 17','1',1,'2023-11-30 21:05:33','2023-11-30 21:05:33'),(246,1,'38','-','-','21419','45040','ONCORE SAC','MONITOR LED','DELL','P2422H','2RRJ6S3',NULL,'Coordinador','1',1,'2023-11-30 21:05:33','2023-11-30 21:05:33'),(247,1,'38','-','-','21464','45040','ONCORE SAC','MONITOR LED','DELL','P2422H','BGHK6S3',NULL,'Sala de monitoreo','1',1,'2023-11-30 21:05:33','2023-11-30 21:05:33'),(248,1,'38','-','-','21309','45040','ONCORE SAC','MONITOR LED','DELL','P2422H','6SSK6S3',NULL,'Módulo 16','1',1,'2023-11-30 21:05:33','2023-11-30 21:05:33'),(249,1,'38','-','-','21296','45040','ONCORE SAC','MONITOR LED','DELL','P2422H','BWMK6S3',NULL,'Módulo 03','1',1,'2023-11-30 21:05:33','2023-11-30 21:05:33'),(250,1,'38','-','-','21303','45040','ONCORE SAC','MONITOR LED','DELL','P2422H','JWMK6S3',NULL,'Módulo 10','1',1,'2023-11-30 21:05:33','2023-11-30 21:05:33'),(251,1,'38','-','-','21297','45040','ONCORE SAC','MONITOR LED','DELL','P2422H','7VZG4Q3',NULL,'Módulo 04','1',1,'2023-11-30 21:05:33','2023-11-30 21:05:33'),(252,1,'38','-','-','21305','45040','ONCORE SAC','MONITOR LED','DELL','P2422H','HWMK6S3',NULL,'Módulo 12','1',1,'2023-11-30 21:05:33','2023-11-30 21:05:33'),(253,1,'38','-','-','21299','45040','ONCORE SAC','MONITOR LED','DELL','P2422H','5M2L6S3',NULL,'Módulo 06','1',1,'2023-11-30 21:05:33','2023-11-30 21:05:33'),(254,1,'38','-','-','21254','45040','ONCORE SAC','MONITOR LED','DELL','P2422H','DSSK6S3',NULL,'Recepción','1',1,'2023-11-30 21:05:33','2023-11-30 21:05:33'),(255,1,'38','-','-','21304','45040','ONCORE SAC','MONITOR LED','DELL','P2422H','DMRF4Q3',NULL,'Módulo 11','1',1,'2023-11-30 21:05:33','2023-11-30 21:05:33'),(256,1,'38','-','-','21307','45040','ONCORE SAC','MONITOR LED','DELL','P2422H','HJ2L6S3',NULL,'Módulo 14','1',1,'2023-11-30 21:05:33','2023-11-30 21:05:33'),(257,1,'38','-','-','21463','45040','ONCORE SAC','MONITOR LED','DELL','P2422H','196K6S3',NULL,'Sala de monitoreo','1',1,'2023-11-30 21:05:33','2023-11-30 21:05:33'),(258,1,'38','-','-','21298','45040','ONCORE SAC','MONITOR LED','DELL','P2422H','69XF4Q3',NULL,'Módulo 05','1',1,'2023-11-30 21:05:33','2023-11-30 21:05:33'),(259,1,'38','-','-','21311','45040','ONCORE SAC','MONITOR LED','DELL','P2422H','DL2L6S3',NULL,'Módulo 18','1',1,'2023-11-30 21:05:33','2023-11-30 21:05:33'),(260,1,'38','-','-','21400','45040','ONCORE SAC','MONITOR LED','DELL','P2422H','C6XF4Q3',NULL,'Supervisor','1',1,'2023-11-30 21:05:33','2023-11-30 21:05:33'),(261,1,'38','-','-','21300','45040','ONCORE SAC','MONITOR LED','DELL','P2422H','GWMK6S3',NULL,'Módulo 07','1',1,'2023-11-30 21:05:33','2023-11-30 21:05:33'),(262,1,'38','-','-','21306','45040','ONCORE SAC','MONITOR LED','DELL','P2422H','DWMK6S3',NULL,'Módulo 13','1',1,'2023-11-30 21:05:33','2023-11-30 21:05:33'),(263,1,'38','-','-','21250','45040','ONCORE SAC','MONITOR LED','DELL','P2422H','CLHG4Q3',NULL,'Recepción','1',1,'2023-11-30 21:05:33','2023-11-30 21:05:33'),(264,1,'38','-','-','21308','45040','ONCORE SAC','MONITOR LED','DELL','P2422H','8GHK6S3',NULL,'Módulo 15','1',1,'2023-11-30 21:05:33','2023-11-30 21:05:33'),(265,1,'38','-','-','21301','45040','ONCORE SAC','MONITOR LED','DELL','P2422H','6H6K6S3',NULL,'Módulo 08','1',1,'2023-11-30 21:05:33','2023-11-30 21:05:33'),(266,1,'38','-','-','21302','45040','ONCORE SAC','MONITOR LED','DELL','P2422H','3WMK6S3',NULL,'Módulo 09','1',1,'2023-11-30 21:05:33','2023-11-30 21:05:33'),(267,1,'S/OC','-','-','21441','07.05.02.01','CV CONSTRUCCIONES GENERALES SAC','PANEL DE ALARMA CONTRA INCENDIO INCLUIDO MODULOS Y LICENCIAS','SIMPLEX','4007',NULL,'rojo','Banco de la Nación','1',1,'2023-11-30 21:05:33','2023-11-30 21:05:33'),(268,1,'S/OC','-','-','21461','07.05.02.01','CV CONSTRUCCIONES GENERALES SAC','PANEL DE ALARMA CONTRA INCENDIO INCLUIDO MODULOS Y LICENCIAS','SIMPLEX','4010',NULL,'rojo','Sala de monitoreo','1',1,'2023-11-30 21:05:33','2023-11-30 21:05:33'),(269,1,'42','-','-','21450','45057','ONCORE SAC','PANTALLA ECRAN',NULL,'S/MODELO','S/SERIE','negro','Sala de reuniones','1',1,'2023-11-30 21:05:33','2023-11-30 21:05:33'),(270,1,'56','-','-','21184','45079','PC MARKET S.A.C.','PANTALLA ECRAN 1.25 m X 1.25 m CON TRIPODE',NULL,'S/MODELO','S/SERIE','negro','Almacén TIC','1',1,'2023-11-30 21:05:33','2023-11-30 21:05:33'),(271,1,'56','-','-','21185','45079','PC MARKET S.A.C.','PANTALLA ECRAN 1.25 m X 1.25 m CON TRIPODE',NULL,'S/MODELO','S/SERIE','negro','Almacén TIC','1',1,'2023-11-30 21:05:33','2023-11-30 21:05:33'),(272,1,'56','-','-','21186','45079','PC MARKET S.A.C.','PANTALLA ECRAN 1.25 m X 1.25 m CON TRIPODE',NULL,'S/MODELO','S/SERIE','negro','Almacén TIC','1',1,'2023-11-30 21:05:33','2023-11-30 21:05:33'),(273,1,'42','-','-','21059','45057','ONCORE SAC','PANTALLA ECRAN ELÉCTRICO 2.20 m X 3.00 m',NULL,'S/MODELO','S/SERIE','negro','Sala de usos múltiples - SUM ','1',1,'2023-11-30 21:05:33','2023-11-30 21:05:33'),(274,1,'13','-','-','21258','44973','VICLEVI S.A.C.','PARANTE ORDENADOR DE FILAS DE 1 m',NULL,NULL,NULL,'plateado','Recepción','1',1,'2023-11-30 21:05:33','2023-11-30 21:05:33'),(275,1,'13','-','-','21259','44973','VICLEVI S.A.C.','PARANTE ORDENADOR DE FILAS DE 1 m',NULL,NULL,NULL,'plateado','Recepción','1',1,'2023-11-30 21:05:33','2023-11-30 21:05:33'),(276,1,'13','-','-','21260','44973','VICLEVI S.A.C.','PARANTE ORDENADOR DE FILAS DE 1 m',NULL,NULL,NULL,'plateado','Recepción','1',1,'2023-11-30 21:05:33','2023-11-30 21:05:33'),(277,1,'13','-','-','21261','44973','VICLEVI S.A.C.','PARANTE ORDENADOR DE FILAS DE 1 m',NULL,NULL,NULL,'plateado','Recepción','1',1,'2023-11-30 21:05:33','2023-11-30 21:05:33'),(278,1,'13','-','-','21262','44973','VICLEVI S.A.C.','PARANTE ORDENADOR DE FILAS DE 1 m',NULL,NULL,NULL,'plateado','Recepción','1',1,'2023-11-30 21:05:33','2023-11-30 21:05:33'),(279,1,'13','-','-','21263','44973','VICLEVI S.A.C.','PARANTE ORDENADOR DE FILAS DE 1 m',NULL,NULL,NULL,'plateado','Recepción','1',1,'2023-11-30 21:05:33','2023-11-30 21:05:33'),(280,1,'13','-','-','21264','44973','VICLEVI S.A.C.','PARANTE ORDENADOR DE FILAS DE 1 m',NULL,NULL,NULL,'plateado','Recepción','1',1,'2023-11-30 21:05:33','2023-11-30 21:05:33'),(281,1,'13','-','-','21265','44973','VICLEVI S.A.C.','PARANTE ORDENADOR DE FILAS DE 1 m',NULL,NULL,NULL,'plateado','Recepción','1',1,'2023-11-30 21:05:33','2023-11-30 21:05:33'),(282,1,'13','-','-','21266','44973','VICLEVI S.A.C.','PARANTE ORDENADOR DE FILAS DE 1 m',NULL,NULL,NULL,'plateado','Recepción','1',1,'2023-11-30 21:05:33','2023-11-30 21:05:33'),(283,1,'13','-','-','21267','44973','VICLEVI S.A.C.','PARANTE ORDENADOR DE FILAS DE 1 m',NULL,NULL,NULL,'plateado','Recepción','1',1,'2023-11-30 21:05:33','2023-11-30 21:05:33'),(284,1,'13','-','-','21268','44973','VICLEVI S.A.C.','PARANTE ORDENADOR DE FILAS DE 1 m',NULL,NULL,NULL,'plateado','Recepción','1',1,'2023-11-30 21:05:33','2023-11-30 21:05:33'),(285,1,'13','-','-','21269','44973','VICLEVI S.A.C.','PARANTE ORDENADOR DE FILAS DE 1 m',NULL,NULL,NULL,'plateado','Recepción','1',1,'2023-11-30 21:05:33','2023-11-30 21:05:33'),(286,1,'13','-','-','21270','44973','VICLEVI S.A.C.','PARANTE ORDENADOR DE FILAS DE 1 m',NULL,NULL,NULL,'plateado','Recepción','1',1,'2023-11-30 21:05:33','2023-11-30 21:05:33'),(287,1,'13','-','-','21271','44973','VICLEVI S.A.C.','PARANTE ORDENADOR DE FILAS DE 1 m',NULL,NULL,NULL,'plateado','Recepción','1',1,'2023-11-30 21:05:33','2023-11-30 21:05:33'),(288,1,'13','-','-','21272','44973','VICLEVI S.A.C.','PARANTE ORDENADOR DE FILAS DE 1 m',NULL,NULL,NULL,'plateado','Recepción','1',1,'2023-11-30 21:05:33','2023-11-30 21:05:33'),(289,1,'13','-','-','21273','44973','VICLEVI S.A.C.','PARANTE ORDENADOR DE FILAS DE 1 m',NULL,NULL,NULL,'plateado','Recepción','1',1,'2023-11-30 21:05:33','2023-11-30 21:05:33'),(290,1,'S/OC','-','-','21515','07.05.03.01.04','CV CONSTRUCCIONES GENERALES SAC','PARLANTES',NULL,NULL,NULL,'blanco','Sala de espera','1',1,'2023-11-30 21:05:33','2023-11-30 21:05:33'),(291,1,'S/OC','-','-','21516','07.05.03.01.04','CV CONSTRUCCIONES GENERALES SAC','PARLANTES',NULL,NULL,NULL,'blanco','Sala de espera','1',1,'2023-11-30 21:05:33','2023-11-30 21:05:33'),(292,1,'S/OC','-','-','21517','07.05.03.01.04','CV CONSTRUCCIONES GENERALES SAC','PARLANTES',NULL,NULL,NULL,'blanco','Sala de espera','1',1,'2023-11-30 21:05:33','2023-11-30 21:05:33'),(293,1,'S/OC','-','-','21518','07.05.03.01.04','CV CONSTRUCCIONES GENERALES SAC','PARLANTES',NULL,NULL,NULL,'blanco','Sala de espera','1',1,'2023-11-30 21:05:33','2023-11-30 21:05:33'),(294,1,'S/OC','-','-','21519','07.05.03.01.04','CV CONSTRUCCIONES GENERALES SAC','PARLANTES',NULL,NULL,NULL,'blanco','Sala de espera','1',1,'2023-11-30 21:05:33','2023-11-30 21:05:33'),(295,1,'S/OC','-','-','21520','07.05.03.01.04','CV CONSTRUCCIONES GENERALES SAC','PARLANTES',NULL,NULL,NULL,'blanco','Sala de espera','1',1,'2023-11-30 21:05:33','2023-11-30 21:05:33'),(296,1,'S/OC','-','-','21521','07.05.03.01.04','CV CONSTRUCCIONES GENERALES SAC','PARLANTES',NULL,NULL,NULL,'blanco','Sala de espera','1',1,'2023-11-30 21:05:33','2023-11-30 21:05:33'),(297,1,'S/OC','-','-','21522','07.05.03.01.04','CV CONSTRUCCIONES GENERALES SAC','PARLANTES',NULL,NULL,NULL,'blanco','Sala de espera','1',1,'2023-11-30 21:05:33','2023-11-30 21:05:33'),(298,1,'S/OC','-','-','21523','07.05.03.01.04','CV CONSTRUCCIONES GENERALES SAC','PARLANTES',NULL,NULL,NULL,'blanco','Sala de espera','1',1,'2023-11-30 21:05:33','2023-11-30 21:05:33'),(299,1,'S/OC','-','-','21524','07.05.03.01.04','CV CONSTRUCCIONES GENERALES SAC','PARLANTES',NULL,NULL,NULL,'blanco','Sala de espera','1',1,'2023-11-30 21:05:33','2023-11-30 21:05:33'),(300,1,'S/OC','-','-','21525','07.05.03.01.04','CV CONSTRUCCIONES GENERALES SAC','PARLANTES',NULL,NULL,NULL,'blanco','Sala de espera','1',1,'2023-11-30 21:05:33','2023-11-30 21:05:33'),(301,1,'S/OC','-','-','21526','07.05.03.01.04','CV CONSTRUCCIONES GENERALES SAC','PARLANTES',NULL,NULL,NULL,'blanco','Sala de espera','1',1,'2023-11-30 21:05:33','2023-11-30 21:05:33'),(302,1,'S/OC','-','-','21527','07.05.03.01.04','CV CONSTRUCCIONES GENERALES SAC','PARLANTES',NULL,NULL,NULL,'blanco','Sala de espera','1',1,'2023-11-30 21:05:33','2023-11-30 21:05:33'),(303,1,'S/OC','-','-','21528','07.05.03.01.04','CV CONSTRUCCIONES GENERALES SAC','PARLANTES',NULL,NULL,NULL,'blanco','Sala de espera','1',1,'2023-11-30 21:05:33','2023-11-30 21:05:33'),(304,1,'S/OC','-','-','21529','07.05.03.01.04','CV CONSTRUCCIONES GENERALES SAC','PARLANTES',NULL,NULL,NULL,'blanco','Sala de espera','1',1,'2023-11-30 21:05:33','2023-11-30 21:05:33'),(305,1,'S/OC','-','-','21530','07.05.03.01.04','CV CONSTRUCCIONES GENERALES SAC','PARLANTES',NULL,NULL,NULL,'blanco','Sala de espera','1',1,'2023-11-30 21:05:33','2023-11-30 21:05:33'),(306,1,'S/OC','-','-','21531','07.05.03.01.04','CV CONSTRUCCIONES GENERALES SAC','PARLANTES',NULL,NULL,NULL,'blanco','Sala de espera','1',1,'2023-11-30 21:05:33','2023-11-30 21:05:33'),(307,1,'S/OC','-','-','21532','07.05.03.01.04','CV CONSTRUCCIONES GENERALES SAC','PARLANTES',NULL,NULL,NULL,'blanco','Sala de espera','1',1,'2023-11-30 21:05:33','2023-11-30 21:05:33'),(308,1,'S/OC','-','-','21533','07.05.03.01.04','CV CONSTRUCCIONES GENERALES SAC','PARLANTES',NULL,NULL,NULL,'blanco','Sala de espera','1',1,'2023-11-30 21:05:33','2023-11-30 21:05:33'),(309,1,'S/OC','-','-','21534','07.05.03.01.04','CV CONSTRUCCIONES GENERALES SAC','PARLANTES',NULL,NULL,NULL,'blanco','Sala de espera','1',1,'2023-11-30 21:05:33','2023-11-30 21:05:33'),(310,1,'S/OC','-','-','21058','07.05.03.01.04','CV CONSTRUCCIONES GENERALES SAC','PARLANTES',NULL,NULL,NULL,'blanco','Sala de usos múltiples - SUM ','1',1,'2023-11-30 21:05:33','2023-11-30 21:05:33'),(311,1,'S/OC','-','-','21057','07.05.03.01.04','CV CONSTRUCCIONES GENERALES SAC','PARLANTES',NULL,NULL,NULL,'blanco','Sala de usos múltiples - SUM ','1',1,'2023-11-30 21:05:33','2023-11-30 21:05:33'),(312,1,'S/OC','-','-','21056','07.05.03.01.04','CV CONSTRUCCIONES GENERALES SAC','PARLANTES',NULL,NULL,NULL,'blanco','Sala de usos múltiples - SUM ','1',1,'2023-11-30 21:05:33','2023-11-30 21:05:33'),(313,1,'S/OC','-','-','21055','07.05.03.01.04','CV CONSTRUCCIONES GENERALES SAC','PARLANTES',NULL,NULL,NULL,'blanco','Sala de usos múltiples - SUM ','1',1,'2023-11-30 21:05:33','2023-11-30 21:05:33'),(314,1,'S/OC','-','-','21195','07.02.01.02','CV CONSTRUCCIONES GENERALES SAC','PATCH PANEL DE 24 PUERTOS PARA CATEGORIA CAT 6A','LS',NULL,NULL,NULL,'Migraciones','1',1,'2023-11-30 21:05:33','2023-11-30 21:05:33'),(315,1,'S/OC','-','-','21479','07.02.01.02','CV CONSTRUCCIONES GENERALES SAC','PATCH PANEL DE 24 PUERTOS PARA CATEGORIA CAT 6A','LS',NULL,NULL,NULL,'Data Center','1',1,'2023-11-30 21:05:33','2023-11-30 21:05:33'),(316,1,'S/OC','-','-','21504','07.02.01.02','CV CONSTRUCCIONES GENERALES SAC','PATCH PANEL DE 24 PUERTOS PARA CATEGORIA CAT 6A','LS',NULL,NULL,NULL,'Almacén TIC','1',1,'2023-11-30 21:05:33','2023-11-30 21:05:33'),(317,1,'S/OC','-','-','21507','07.02.01.02','CV CONSTRUCCIONES GENERALES SAC','PATCH PANEL DE 24 PUERTOS PARA CATEGORIA CAT 6A','LS',NULL,NULL,NULL,'Banco de la Nación','1',1,'2023-11-30 21:05:33','2023-11-30 21:05:33'),(318,1,'S/OC','-','-','21508','07.02.01.02','CV CONSTRUCCIONES GENERALES SAC','PATCH PANEL DE 24 PUERTOS PARA CATEGORIA CAT 6A','LS',NULL,NULL,NULL,'Data Center','1',1,'2023-11-30 21:05:33','2023-11-30 21:05:33'),(319,1,'S/OC','-','-','21476','07.02.01.03','CV CONSTRUCCIONES GENERALES SAC','PATCH PANEL DE 48 PUERTOS PARA CATEGORIA CAT 6A','LS',NULL,NULL,NULL,'Data Center','1',1,'2023-11-30 21:05:33','2023-11-30 21:05:33'),(320,1,'S/OC','-','-','21477','07.02.01.03','CV CONSTRUCCIONES GENERALES SAC','PATCH PANEL DE 48 PUERTOS PARA CATEGORIA CAT 6A','LS',NULL,NULL,NULL,'Data Center','1',1,'2023-11-30 21:05:33','2023-11-30 21:05:33'),(321,1,'S/OC','-','-','21478','07.02.01.03','CV CONSTRUCCIONES GENERALES SAC','PATCH PANEL DE 48 PUERTOS PARA CATEGORIA CAT 6A','LS',NULL,NULL,NULL,'Data Center','1',1,'2023-11-30 21:05:33','2023-11-30 21:05:33'),(322,1,'13','-','-','21042','44973','VICLEVI S.A.C.','PEDESTAL PARA MICROFONO',NULL,NULL,NULL,'negro','Sala de usos múltiples - SUM ','1',1,'2023-11-30 21:05:33','2023-11-30 21:05:33'),(323,1,'S/OC','-','-','S/C','04.01.02.04','CV CONSTRUCCIONES GENERALES SAC','PERCHERO DE ACERO',NULL,NULL,NULL,'plateado','Baños','5',1,'2023-11-30 21:05:33','2023-11-30 21:05:33'),(324,1,'13','-','-','S/C','44973','VICLEVI S.A.C.','PIZARRA DE VINILO ADHESIVO 1.30 m X 3.10 m',NULL,NULL,NULL,'blanco','Sala de usos múltiples - SUM ','1',1,'2023-11-30 21:05:33','2023-11-30 21:05:33'),(325,1,'S/OC','-','-','21041',NULL,'CV CONSTRUCCIONES GENERALES SAC','PODIO DE MELAMINA',NULL,NULL,NULL,'marrón','Sala de usos múltiples - SUM ','1',1,'2023-11-30 21:05:33','2023-11-30 21:05:33'),(326,1,'S/OC','-','-','21484','07.05.03.01.02','CV CONSTRUCCIONES GENERALES SAC','PROCESADOR PRINCIPAL','BEHRINGER','NX4-6000',NULL,NULL,'Data Center','1',1,'2023-11-30 21:05:33','2023-11-30 21:05:33'),(327,1,'S/OC','-','-','21050','07.05.03.01.02','CV CONSTRUCCIONES GENERALES SAC','PROCESADOR SECUNDARIO','BEHRINGER','DCX2496','ILEGIBLE',NULL,'SUM','1',1,'2023-11-30 21:05:33','2023-11-30 21:05:33'),(328,1,'S/OC','-','-','S/C',NULL,'CV CONSTRUCCIONES GENERALES SAC','PROTECTOR ACRILICO',NULL,NULL,NULL,'transparente','Módulos de atención','18',1,'2023-11-30 21:05:33','2023-11-30 21:05:33'),(329,1,'51','-','-','21493','45069','PC MARKET S.A.C.','PUNTO DE ACCESO INALAMBRICO - ACCESS POINT WIRELESS','ARUBA','AP-505','CNPCLJ5FMD',NULL,'sala de espera - modulo 06','1',1,'2023-11-30 21:05:33','2023-11-30 21:05:33'),(330,1,'51','-','-','21494','45069','PC MARKET S.A.C.','PUNTO DE ACCESO INALAMBRICO - ACCESS POINT WIRELESS','ARUBA','AP-505','CNPCLJ5FMJ',NULL,'sala de espera - modulo 15','1',1,'2023-11-30 21:05:33','2023-11-30 21:05:33'),(331,1,'51','-','-','21492','45069','PC MARKET S.A.C.','PUNTO DE ACCESO INALAMBRICO - ACCESS POINT WIRELESS','ARUBA','AP-505','CNPCLJ5FMZ',NULL,'ingreso al MAC','1',1,'2023-11-30 21:05:33','2023-11-30 21:05:33'),(332,1,'51','-','-','21060','45069','PC MARKET S.A.C.','PUNTO DE ACCESO INALAMBRICO - ACCESS POINT WIRELESS','ARUBA','AP-505','CNPCLJ5GJG',NULL,'sum','1',1,'2023-11-30 21:05:33','2023-11-30 21:05:33'),(333,1,'S/OC','-','-','21407',NULL,'CV CONSTRUCCIONES GENERALES SAC','RACK PARA TV DE 60\" - TIPO 3',NULL,NULL,NULL,'negro','Migraciones','1',1,'2023-11-30 21:05:33','2023-11-30 21:05:33'),(334,1,'S/OC','-','-','21459',NULL,'CV CONSTRUCCIONES GENERALES SAC','RACK PARA TV DE 60\" - TIPO 3',NULL,NULL,NULL,'negro','Sala de monitoreo','1',1,'2023-11-30 21:05:33','2023-11-30 21:05:33'),(335,1,'S/OC','-','-','21460',NULL,'CV CONSTRUCCIONES GENERALES SAC','RACK PARA TV DE 60\" - TIPO 3',NULL,NULL,NULL,'negro','Sala de monitoreo','1',1,'2023-11-30 21:05:33','2023-11-30 21:05:33'),(336,1,'S/OC','-','-','21497',NULL,'CV CONSTRUCCIONES GENERALES SAC','RACK PARA TV DE 60\" - TIPO 1',NULL,NULL,NULL,'negro','Banco de la Nación','1',1,'2023-11-30 21:05:33','2023-11-30 21:05:33'),(337,1,'S/OC','-','-','21498',NULL,'CV CONSTRUCCIONES GENERALES SAC','RACK PARA TV DE 60\" - TIPO 1',NULL,NULL,NULL,'negro','Sala de Espera','1',1,'2023-11-30 21:05:33','2023-11-30 21:05:33'),(338,1,'S/OC','-','-','21499',NULL,'CV CONSTRUCCIONES GENERALES SAC','RACK PARA TV DE 60\" - TIPO 1',NULL,NULL,NULL,'negro','Sala de Espera','1',1,'2023-11-30 21:05:33','2023-11-30 21:05:33'),(339,1,'S/OC','-','-','21500',NULL,'CV CONSTRUCCIONES GENERALES SAC','RACK PARA TV DE 60\" - TIPO 1',NULL,NULL,NULL,'negro','Sala de Espera','1',1,'2023-11-30 21:05:33','2023-11-30 21:05:33'),(340,1,'S/OC','-','-','21501',NULL,'CV CONSTRUCCIONES GENERALES SAC','RACK PARA TV DE 60\" - TIPO 1',NULL,NULL,NULL,'negro','Sala de Espera','1',1,'2023-11-30 21:05:33','2023-11-30 21:05:33'),(341,1,'S/OC','-','-','21048','07.05.03.02.03','CV CONSTRUCCIONES GENERALES SAC','RECEPTOR INALÁMBRICO','SHURE','BLX4M15','2BH17552793',NULL,'Sala de usos múltiples - SUM','1',1,'2023-11-30 21:05:33','2023-11-30 21:05:33'),(342,1,'S/OC','-','-','21435',NULL,'CV CONSTRUCCIONES GENERALES SAC','REPOSTERO ALTO 1 - KITCHENETTE BN',NULL,NULL,'1.50 x 0.45 x 0.75','blanco','Banco de la Nación','1',1,'2023-11-30 21:05:33','2023-11-30 21:05:33'),(343,1,'S/OC','-','-','21222',NULL,'CV CONSTRUCCIONES GENERALES SAC','REPOSTERO ALTO 2 - COMEDOR',NULL,NULL,NULL,'blanco','Comedor','1',1,'2023-11-30 21:05:33','2023-11-30 21:05:33'),(344,1,'S/OC','-','-','21241',NULL,'CV CONSTRUCCIONES GENERALES SAC','REPOSTERO ALTO 3 - LACTARIO',NULL,NULL,NULL,'blanco','Lactario','1',1,'2023-11-30 21:05:33','2023-11-30 21:05:33'),(345,1,'S/OC','-','-','21436',NULL,'CV CONSTRUCCIONES GENERALES SAC','REPOSTERO BAJO 1 - KITCHENETTE BN',NULL,NULL,'1.50 x 0.60 x 0.90','blanco','Banco de la Nación','1',1,'2023-11-30 21:05:33','2023-11-30 21:05:33'),(346,1,'S/OC','-','-','21223',NULL,'CV CONSTRUCCIONES GENERALES SAC','REPOSTERO BAJO 2 - COMEDOR',NULL,NULL,NULL,'blanco','Comedor','1',1,'2023-11-30 21:05:33','2023-11-30 21:05:33'),(347,1,'S/OC','-','-','21242',NULL,'CV CONSTRUCCIONES GENERALES SAC','REPOSTERO BAJO 3 - LACTARIO',NULL,NULL,NULL,'blanco','Lactario','1',1,'2023-11-30 21:05:33','2023-11-30 21:05:33'),(348,1,'S/OC','-','-','21229','07.08.01','CV CONSTRUCCIONES GENERALES SAC','SECADOR DE MANO ELECTRICO','EXORIAM',NULL,NULL,NULL,'Baño ','1',1,'2023-11-30 21:05:33','2023-11-30 21:05:33'),(349,1,'S/OC','-','-','21231','07.08.01','CV CONSTRUCCIONES GENERALES SAC','SECADOR DE MANO ELECTRICO','EXORIAM',NULL,NULL,NULL,'Baño M ','1',1,'2023-11-30 21:05:33','2023-11-30 21:05:33'),(350,1,'S/OC','-','-','21233','07.08.01','CV CONSTRUCCIONES GENERALES SAC','SECADOR DE MANO ELECTRICO','EXORIAM',NULL,NULL,NULL,'Baño H','1',1,'2023-11-30 21:05:33','2023-11-30 21:05:33'),(351,1,'S/OC','-','-','21439','07.08.01','CV CONSTRUCCIONES GENERALES SAC','SECADOR DE MANO ELECTRICO','EXORIAM',NULL,NULL,NULL,'Baño Mixto','1',1,'2023-11-30 21:05:33','2023-11-30 21:05:33'),(352,1,'S/OC','-','-','S/C',NULL,'CV CONSTRUCCIONES GENERALES SAC','SEPARADOR DE VIDRIO TEMPLADO',NULL,NULL,NULL,NULL,'Módulos de atención','20',1,'2023-11-30 21:05:33','2023-11-30 21:05:33'),(353,1,'46','-','-','21481','45062','SYMMETRY CORPORATION SOCIEDAD ANONIMA CERRADA','SERVIDOR','DELL','POWER EDGE R650XS','DRJLCX3',NULL,'Data Center','1',1,'2023-11-30 21:05:33','2023-11-30 21:05:33'),(354,1,'46','-','-','21480','45062','SYMMETRY CORPORATION SOCIEDAD ANONIMA CERRADA','SERVIDOR','DELL','POWER EDGE R650XS','CRJLCX3',NULL,'Data Center','1',1,'2023-11-30 21:05:33','2023-11-30 21:05:33'),(355,1,'13','-','-','21396','44973','VICLEVI S.A.C.','SILLA DE RUEDAS METALICA',NULL,NULL,NULL,'azul','Tópico','1',1,'2023-11-30 21:05:33','2023-11-30 21:05:33'),(356,1,'13','-','-','21148','44973','VICLEVI S.A.C.','SILLA FIJA DE METAL CON BRAZOS',NULL,NULL,NULL,'azul','Coordinador','1',1,'2023-11-30 21:05:33','2023-11-30 21:05:33'),(357,1,'13','-','-','21149','44973','VICLEVI S.A.C.','SILLA FIJA DE METAL CON BRAZOS',NULL,NULL,NULL,'azul','Coordinador','1',1,'2023-11-30 21:05:33','2023-11-30 21:05:33'),(358,1,'13','-','-','21150','44973','VICLEVI S.A.C.','SILLA FIJA DE METAL CON BRAZOS',NULL,NULL,NULL,'azul','Supervisor','1',1,'2023-11-30 21:05:33','2023-11-30 21:05:33'),(359,1,'13','-','-','21151','44973','VICLEVI S.A.C.','SILLA FIJA DE METAL CON BRAZOS',NULL,NULL,NULL,'azul','Supervisor','1',1,'2023-11-30 21:05:33','2023-11-30 21:05:33'),(360,1,'13','-','-','21090','44973','VICLEVI S.A.C.','SILLA FIJA DE METAL CON POLIPROPILENO',NULL,NULL,NULL,'azul','Sala de espera','1',1,'2023-11-30 21:05:33','2023-11-30 21:05:33'),(361,1,'13','-','-','21091','44973','VICLEVI S.A.C.','SILLA FIJA DE METAL CON POLIPROPILENO',NULL,NULL,NULL,'azul','Sala de espera','1',1,'2023-11-30 21:05:33','2023-11-30 21:05:33'),(362,1,'13','-','-','21092','44973','VICLEVI S.A.C.','SILLA FIJA DE METAL CON POLIPROPILENO',NULL,NULL,NULL,'azul','Sala de espera','1',1,'2023-11-30 21:05:33','2023-11-30 21:05:33'),(363,1,'13','-','-','21093','44973','VICLEVI S.A.C.','SILLA FIJA DE METAL CON POLIPROPILENO',NULL,NULL,NULL,'azul','Sala de espera','1',1,'2023-11-30 21:05:33','2023-11-30 21:05:33'),(364,1,'13','-','-','21094','44973','VICLEVI S.A.C.','SILLA FIJA DE METAL CON POLIPROPILENO',NULL,NULL,NULL,'azul','Sala de espera','1',1,'2023-11-30 21:05:33','2023-11-30 21:05:33'),(365,1,'13','-','-','21095','44973','VICLEVI S.A.C.','SILLA FIJA DE METAL CON POLIPROPILENO',NULL,NULL,NULL,'azul','Sala de espera','1',1,'2023-11-30 21:05:33','2023-11-30 21:05:33'),(366,1,'13','-','-','21096','44973','VICLEVI S.A.C.','SILLA FIJA DE METAL CON POLIPROPILENO',NULL,NULL,NULL,'azul','Sala de espera','1',1,'2023-11-30 21:05:33','2023-11-30 21:05:33'),(367,1,'13','-','-','21097','44973','VICLEVI S.A.C.','SILLA FIJA DE METAL CON POLIPROPILENO',NULL,NULL,NULL,'azul','Sala de espera','1',1,'2023-11-30 21:05:33','2023-11-30 21:05:33'),(368,1,'13','-','-','21098','44973','VICLEVI S.A.C.','SILLA FIJA DE METAL CON POLIPROPILENO',NULL,NULL,NULL,'azul','Sala de espera','1',1,'2023-11-30 21:05:33','2023-11-30 21:05:33'),(369,1,'13','-','-','21099','44973','VICLEVI S.A.C.','SILLA FIJA DE METAL CON POLIPROPILENO',NULL,NULL,NULL,'azul','Sala de espera','1',1,'2023-11-30 21:05:33','2023-11-30 21:05:33'),(370,1,'13','-','-','21100','44973','VICLEVI S.A.C.','SILLA FIJA DE METAL CON POLIPROPILENO',NULL,NULL,NULL,'azul','Sala de espera','1',1,'2023-11-30 21:05:33','2023-11-30 21:05:33'),(371,1,'13','-','-','21101','44973','VICLEVI S.A.C.','SILLA FIJA DE METAL CON POLIPROPILENO',NULL,NULL,NULL,'azul','Sala de espera','1',1,'2023-11-30 21:05:33','2023-11-30 21:05:33'),(372,1,'13','-','-','21102','44973','VICLEVI S.A.C.','SILLA FIJA DE METAL CON POLIPROPILENO',NULL,NULL,NULL,'azul','Sala de espera','1',1,'2023-11-30 21:05:33','2023-11-30 21:05:33'),(373,1,'13','-','-','21103','44973','VICLEVI S.A.C.','SILLA FIJA DE METAL CON POLIPROPILENO',NULL,NULL,NULL,'azul','Sala de espera','1',1,'2023-11-30 21:05:33','2023-11-30 21:05:33'),(374,1,'13','-','-','21104','44973','VICLEVI S.A.C.','SILLA FIJA DE METAL CON POLIPROPILENO',NULL,NULL,NULL,'azul','Sala de espera','1',1,'2023-11-30 21:05:33','2023-11-30 21:05:33'),(375,1,'13','-','-','21105','44973','VICLEVI S.A.C.','SILLA FIJA DE METAL CON POLIPROPILENO',NULL,NULL,NULL,'azul','Sala de espera','1',1,'2023-11-30 21:05:33','2023-11-30 21:05:33'),(376,1,'13','-','-','21106','44973','VICLEVI S.A.C.','SILLA FIJA DE METAL CON POLIPROPILENO',NULL,NULL,NULL,'azul','Sala de espera','1',1,'2023-11-30 21:05:33','2023-11-30 21:05:33'),(377,1,'13','-','-','21107','44973','VICLEVI S.A.C.','SILLA FIJA DE METAL CON POLIPROPILENO',NULL,NULL,NULL,'azul','Sala de espera','1',1,'2023-11-30 21:05:33','2023-11-30 21:05:33'),(378,1,'13','-','-','21108','44973','VICLEVI S.A.C.','SILLA FIJA DE METAL CON POLIPROPILENO',NULL,NULL,NULL,'azul','Sala de espera','1',1,'2023-11-30 21:05:33','2023-11-30 21:05:33'),(379,1,'13','-','-','21109','44973','VICLEVI S.A.C.','SILLA FIJA DE METAL CON POLIPROPILENO',NULL,NULL,NULL,'azul','Sala de espera','1',1,'2023-11-30 21:05:33','2023-11-30 21:05:33'),(380,1,'13','-','-','21110','44973','VICLEVI S.A.C.','SILLA FIJA DE METAL CON POLIPROPILENO',NULL,NULL,NULL,'azul','Sala de espera','1',1,'2023-11-30 21:05:33','2023-11-30 21:05:33'),(381,1,'13','-','-','21111','44973','VICLEVI S.A.C.','SILLA FIJA DE METAL CON POLIPROPILENO',NULL,NULL,NULL,'azul','Sala de espera','1',1,'2023-11-30 21:05:33','2023-11-30 21:05:33'),(382,1,'13','-','-','21112','44973','VICLEVI S.A.C.','SILLA FIJA DE METAL CON POLIPROPILENO',NULL,NULL,NULL,'azul','Sala de espera','1',1,'2023-11-30 21:05:33','2023-11-30 21:05:33'),(383,1,'13','-','-','21113','44973','VICLEVI S.A.C.','SILLA FIJA DE METAL CON POLIPROPILENO',NULL,NULL,NULL,'azul','Sala de espera','1',1,'2023-11-30 21:05:33','2023-11-30 21:05:33'),(384,1,'13','-','-','21114','44973','VICLEVI S.A.C.','SILLA FIJA DE METAL CON POLIPROPILENO',NULL,NULL,NULL,'azul','Sala de espera','1',1,'2023-11-30 21:05:33','2023-11-30 21:05:33'),(385,1,'13','-','-','21115','44973','VICLEVI S.A.C.','SILLA FIJA DE METAL CON POLIPROPILENO',NULL,NULL,NULL,'azul','Sala de espera','1',1,'2023-11-30 21:05:33','2023-11-30 21:05:33'),(386,1,'13','-','-','21116','44973','VICLEVI S.A.C.','SILLA FIJA DE METAL CON POLIPROPILENO',NULL,NULL,NULL,'azul','Sala de espera','1',1,'2023-11-30 21:05:33','2023-11-30 21:05:33'),(387,1,'13','-','-','21117','44973','VICLEVI S.A.C.','SILLA FIJA DE METAL CON POLIPROPILENO',NULL,NULL,NULL,'azul','Sala de espera','1',1,'2023-11-30 21:05:33','2023-11-30 21:05:33'),(388,1,'13','-','-','21118','44973','VICLEVI S.A.C.','SILLA FIJA DE METAL CON POLIPROPILENO',NULL,NULL,NULL,'azul','Sala de espera','1',1,'2023-11-30 21:05:33','2023-11-30 21:05:33'),(389,1,'13','-','-','21119','44973','VICLEVI S.A.C.','SILLA FIJA DE METAL CON POLIPROPILENO',NULL,NULL,NULL,'azul','Sala de espera','1',1,'2023-11-30 21:05:33','2023-11-30 21:05:33'),(390,1,'13','-','-','21120','44973','VICLEVI S.A.C.','SILLA FIJA DE METAL CON POLIPROPILENO',NULL,NULL,NULL,'azul','Sala de espera','1',1,'2023-11-30 21:05:33','2023-11-30 21:05:33'),(391,1,'13','-','-','21121','44973','VICLEVI S.A.C.','SILLA FIJA DE METAL CON POLIPROPILENO',NULL,NULL,NULL,'azul','Sala de espera','1',1,'2023-11-30 21:05:33','2023-11-30 21:05:33'),(392,1,'13','-','-','21122','44973','VICLEVI S.A.C.','SILLA FIJA DE METAL CON POLIPROPILENO',NULL,NULL,NULL,'azul','Sala de espera','1',1,'2023-11-30 21:05:33','2023-11-30 21:05:33'),(393,1,'13','-','-','21123','44973','VICLEVI S.A.C.','SILLA FIJA DE METAL CON POLIPROPILENO',NULL,NULL,NULL,'azul','Sala de espera','1',1,'2023-11-30 21:05:33','2023-11-30 21:05:33'),(394,1,'13','-','-','21124','44973','VICLEVI S.A.C.','SILLA FIJA DE METAL CON POLIPROPILENO',NULL,NULL,NULL,'azul','Sala de espera','1',1,'2023-11-30 21:05:33','2023-11-30 21:05:33'),(395,1,'13','-','-','21125','44973','VICLEVI S.A.C.','SILLA FIJA DE METAL CON POLIPROPILENO',NULL,NULL,NULL,'azul','Sala de espera','1',1,'2023-11-30 21:05:33','2023-11-30 21:05:33'),(396,1,'13','-','-','21201','44973','VICLEVI S.A.C.','SILLA FIJA DE METAL PARA COMEDOR',NULL,NULL,NULL,'blanco','Comedor','1',1,'2023-11-30 21:05:33','2023-11-30 21:05:33'),(397,1,'13','-','-','21202','44973','VICLEVI S.A.C.','SILLA FIJA DE METAL PARA COMEDOR',NULL,NULL,NULL,'blanco','Comedor','1',1,'2023-11-30 21:05:33','2023-11-30 21:05:33'),(398,1,'13','-','-','21203','44973','VICLEVI S.A.C.','SILLA FIJA DE METAL PARA COMEDOR',NULL,NULL,NULL,'blanco','Comedor','1',1,'2023-11-30 21:05:33','2023-11-30 21:05:33'),(399,1,'13','-','-','21204','44973','VICLEVI S.A.C.','SILLA FIJA DE METAL PARA COMEDOR',NULL,NULL,NULL,'blanco','Comedor','1',1,'2023-11-30 21:05:33','2023-11-30 21:05:33'),(400,1,'13','-','-','21205','44973','VICLEVI S.A.C.','SILLA FIJA DE METAL PARA COMEDOR',NULL,NULL,NULL,'blanco','Comedor','1',1,'2023-11-30 21:05:33','2023-11-30 21:05:33'),(401,1,'13','-','-','21206','44973','VICLEVI S.A.C.','SILLA FIJA DE METAL PARA COMEDOR',NULL,NULL,NULL,'blanco','Comedor','1',1,'2023-11-30 21:05:33','2023-11-30 21:05:33'),(402,1,'13','-','-','21207','44973','VICLEVI S.A.C.','SILLA FIJA DE METAL PARA COMEDOR',NULL,NULL,NULL,'blanco','Comedor','1',1,'2023-11-30 21:05:33','2023-11-30 21:05:33'),(403,1,'13','-','-','21208','44973','VICLEVI S.A.C.','SILLA FIJA DE METAL PARA COMEDOR',NULL,NULL,NULL,'blanco','Comedor','1',1,'2023-11-30 21:05:33','2023-11-30 21:05:33'),(404,1,'13','-','-','21209','44973','VICLEVI S.A.C.','SILLA FIJA DE METAL PARA COMEDOR',NULL,NULL,NULL,'blanco','Comedor','1',1,'2023-11-30 21:05:33','2023-11-30 21:05:33'),(405,1,'13','-','-','21210','44973','VICLEVI S.A.C.','SILLA FIJA DE METAL PARA COMEDOR',NULL,NULL,NULL,'blanco','Comedor','1',1,'2023-11-30 21:05:33','2023-11-30 21:05:33'),(406,1,'13','-','-','21211','44973','VICLEVI S.A.C.','SILLA FIJA DE METAL PARA COMEDOR',NULL,NULL,NULL,'blanco','Comedor','1',1,'2023-11-30 21:05:33','2023-11-30 21:05:33'),(407,1,'13','-','-','21212','44973','VICLEVI S.A.C.','SILLA FIJA DE METAL PARA COMEDOR',NULL,NULL,NULL,'blanco','Comedor','1',1,'2023-11-30 21:05:33','2023-11-30 21:05:33'),(408,1,'13','-','-','21213','44973','VICLEVI S.A.C.','SILLA FIJA DE METAL PARA COMEDOR',NULL,NULL,NULL,'blanco','Comedor','1',1,'2023-11-30 21:05:33','2023-11-30 21:05:33'),(409,1,'13','-','-','21214','44973','VICLEVI S.A.C.','SILLA FIJA DE METAL PARA COMEDOR',NULL,NULL,NULL,'blanco','Comedor','1',1,'2023-11-30 21:05:33','2023-11-30 21:05:33'),(410,1,'13','-','-','21215','44973','VICLEVI S.A.C.','SILLA FIJA DE METAL PARA COMEDOR',NULL,NULL,NULL,'blanco','Comedor','1',1,'2023-11-30 21:05:33','2023-11-30 21:05:33'),(411,1,'13','-','-','21216','44973','VICLEVI S.A.C.','SILLA FIJA DE METAL PARA COMEDOR',NULL,NULL,NULL,'blanco','Comedor','1',1,'2023-11-30 21:05:33','2023-11-30 21:05:33'),(412,1,'13','-','-','21152','44973','VICLEVI S.A.C.','SILLA GIRATORIA DE METAL',NULL,NULL,NULL,'negro','Supervisor','1',1,'2023-11-30 21:05:33','2023-11-30 21:05:33'),(413,1,'13','-','-','21153','44973','VICLEVI S.A.C.','SILLA GIRATORIA DE METAL',NULL,NULL,NULL,'negro','Coordinador','1',1,'2023-11-30 21:05:33','2023-11-30 21:05:33'),(414,1,'13','-','-','21154','44973','VICLEVI S.A.C.','SILLA GIRATORIA DE METAL',NULL,NULL,NULL,'negro','Sala de reuniones','1',1,'2023-11-30 21:05:33','2023-11-30 21:05:33'),(415,1,'13','-','-','21155','44973','VICLEVI S.A.C.','SILLA GIRATORIA DE METAL',NULL,NULL,NULL,'negro','Sala de reuniones','1',1,'2023-11-30 21:05:33','2023-11-30 21:05:33'),(416,1,'13','-','-','21156','44973','VICLEVI S.A.C.','SILLA GIRATORIA DE METAL',NULL,NULL,NULL,'negro','Sala de reuniones','1',1,'2023-11-30 21:05:33','2023-11-30 21:05:33'),(417,1,'13','-','-','21157','44973','VICLEVI S.A.C.','SILLA GIRATORIA DE METAL',NULL,NULL,NULL,'negro','Sala de reuniones','1',1,'2023-11-30 21:05:33','2023-11-30 21:05:33'),(418,1,'13','-','-','21158','44973','VICLEVI S.A.C.','SILLA GIRATORIA DE METAL',NULL,NULL,NULL,'negro','Sala de reuniones','1',1,'2023-11-30 21:05:33','2023-11-30 21:05:33'),(419,1,'13','-','-','21159','44973','VICLEVI S.A.C.','SILLA GIRATORIA DE METAL',NULL,NULL,NULL,'negro','Sala de reuniones','1',1,'2023-11-30 21:05:33','2023-11-30 21:05:33'),(420,1,'13','-','-','21160','44973','VICLEVI S.A.C.','SILLA GIRATORIA DE METAL',NULL,NULL,NULL,'negro','Sala de reuniones','1',1,'2023-11-30 21:05:33','2023-11-30 21:05:33'),(421,1,'13','-','-','21161','44973','VICLEVI S.A.C.','SILLA GIRATORIA DE METAL',NULL,NULL,NULL,'negro','Sala de reuniones','1',1,'2023-11-30 21:05:33','2023-11-30 21:05:33'),(422,1,'13','-','-','21162','44973','VICLEVI S.A.C.','SILLA GIRATORIA DE METAL',NULL,NULL,NULL,'negro','Sala de reuniones','1',1,'2023-11-30 21:05:33','2023-11-30 21:05:33'),(423,1,'13','-','-','21163','44973','VICLEVI S.A.C.','SILLA GIRATORIA DE METAL',NULL,NULL,NULL,'negro','Sala de reuniones','1',1,'2023-11-30 21:05:33','2023-11-30 21:05:33'),(424,1,'13','-','-','21164','44973','VICLEVI S.A.C.','SILLA GIRATORIA DE METAL',NULL,NULL,NULL,'negro','Banco de la Nación','1',1,'2023-11-30 21:05:33','2023-11-30 21:05:33'),(425,1,'13','-','-','21165','44973','VICLEVI S.A.C.','SILLA GIRATORIA DE METAL',NULL,NULL,NULL,'negro','Banco de la Nación','1',1,'2023-11-30 21:05:33','2023-11-30 21:05:33'),(426,1,'13','-','-','21126','44973','VICLEVI S.A.C.','SILLA GIRATORIA DE METAL CON BRAZOS',NULL,NULL,NULL,'AZUL','Módulos de atención','1',1,'2023-11-30 21:05:34','2023-11-30 21:05:34'),(427,1,'13','-','-','21127','44973','VICLEVI S.A.C.','SILLA GIRATORIA DE METAL CON BRAZOS',NULL,NULL,NULL,'AZUL','Módulos de atención','1',1,'2023-11-30 21:05:34','2023-11-30 21:05:34'),(428,1,'13','-','-','21128','44973','VICLEVI S.A.C.','SILLA GIRATORIA DE METAL CON BRAZOS',NULL,NULL,NULL,'AZUL','Módulos de atención','1',1,'2023-11-30 21:05:34','2023-11-30 21:05:34'),(429,1,'13','-','-','21129','44973','VICLEVI S.A.C.','SILLA GIRATORIA DE METAL CON BRAZOS',NULL,NULL,NULL,'AZUL','Módulos de atención','1',1,'2023-11-30 21:05:34','2023-11-30 21:05:34'),(430,1,'13','-','-','21130','44973','VICLEVI S.A.C.','SILLA GIRATORIA DE METAL CON BRAZOS',NULL,NULL,NULL,'AZUL','Módulos de atención','1',1,'2023-11-30 21:05:34','2023-11-30 21:05:34'),(431,1,'13','-','-','21131','44973','VICLEVI S.A.C.','SILLA GIRATORIA DE METAL CON BRAZOS',NULL,NULL,NULL,'AZUL','Módulos de atención','1',1,'2023-11-30 21:05:34','2023-11-30 21:05:34'),(432,1,'13','-','-','21132','44973','VICLEVI S.A.C.','SILLA GIRATORIA DE METAL CON BRAZOS',NULL,NULL,NULL,'AZUL','Módulos de atención','1',1,'2023-11-30 21:05:34','2023-11-30 21:05:34'),(433,1,'13','-','-','21133','44973','VICLEVI S.A.C.','SILLA GIRATORIA DE METAL CON BRAZOS',NULL,NULL,NULL,'AZUL','Módulos de atención','1',1,'2023-11-30 21:05:34','2023-11-30 21:05:34'),(434,1,'13','-','-','21134','44973','VICLEVI S.A.C.','SILLA GIRATORIA DE METAL CON BRAZOS',NULL,NULL,NULL,'AZUL','Módulos de atención','1',1,'2023-11-30 21:05:34','2023-11-30 21:05:34'),(435,1,'13','-','-','21135','44973','VICLEVI S.A.C.','SILLA GIRATORIA DE METAL CON BRAZOS',NULL,NULL,NULL,'AZUL','Módulos de atención','1',1,'2023-11-30 21:05:34','2023-11-30 21:05:34'),(436,1,'13','-','-','21136','44973','VICLEVI S.A.C.','SILLA GIRATORIA DE METAL CON BRAZOS',NULL,NULL,NULL,'AZUL','Módulos de atención','1',1,'2023-11-30 21:05:34','2023-11-30 21:05:34'),(437,1,'13','-','-','21137','44973','VICLEVI S.A.C.','SILLA GIRATORIA DE METAL CON BRAZOS',NULL,NULL,NULL,'AZUL','Módulos de atención','1',1,'2023-11-30 21:05:34','2023-11-30 21:05:34'),(438,1,'13','-','-','21138','44973','VICLEVI S.A.C.','SILLA GIRATORIA DE METAL CON BRAZOS',NULL,NULL,NULL,'AZUL','Módulos de atención','1',1,'2023-11-30 21:05:34','2023-11-30 21:05:34'),(439,1,'13','-','-','21139','44973','VICLEVI S.A.C.','SILLA GIRATORIA DE METAL CON BRAZOS',NULL,NULL,NULL,'AZUL','Módulos de atención','1',1,'2023-11-30 21:05:34','2023-11-30 21:05:34'),(440,1,'13','-','-','21140','44973','VICLEVI S.A.C.','SILLA GIRATORIA DE METAL CON BRAZOS',NULL,NULL,NULL,'AZUL','Módulos de atención','1',1,'2023-11-30 21:05:34','2023-11-30 21:05:34'),(441,1,'13','-','-','21141','44973','VICLEVI S.A.C.','SILLA GIRATORIA DE METAL CON BRAZOS',NULL,NULL,NULL,'AZUL','Módulos de atención','1',1,'2023-11-30 21:05:34','2023-11-30 21:05:34'),(442,1,'13','-','-','21142','44973','VICLEVI S.A.C.','SILLA GIRATORIA DE METAL CON BRAZOS',NULL,NULL,NULL,'AZUL','Módulos de atención','1',1,'2023-11-30 21:05:34','2023-11-30 21:05:34'),(443,1,'13','-','-','21143','44973','VICLEVI S.A.C.','SILLA GIRATORIA DE METAL CON BRAZOS',NULL,NULL,NULL,'AZUL','Módulos de atención','1',1,'2023-11-30 21:05:34','2023-11-30 21:05:34'),(444,1,'13','-','-','21144','44973','VICLEVI S.A.C.','SILLA GIRATORIA DE METAL CON BRAZOS',NULL,NULL,NULL,'AZUL','Sala de monitoreo','1',1,'2023-11-30 21:05:34','2023-11-30 21:05:34'),(445,1,'13','-','-','21145','44973','VICLEVI S.A.C.','SILLA GIRATORIA DE METAL CON BRAZOS',NULL,NULL,NULL,'AZUL','Sala de monitoreo','1',1,'2023-11-30 21:05:34','2023-11-30 21:05:34'),(446,1,'13','-','-','21146','44973','VICLEVI S.A.C.','SILLA GIRATORIA DE METAL CON BRAZOS',NULL,NULL,NULL,'AZUL','Migraciones','1',1,'2023-11-30 21:05:34','2023-11-30 21:05:34'),(447,1,'13','-','-','21147','44973','VICLEVI S.A.C.','SILLA GIRATORIA DE METAL CON BRAZOS',NULL,NULL,NULL,'AZUL','Migraciones','1',1,'2023-11-30 21:05:34','2023-11-30 21:05:34'),(448,1,'13','-','-','21256','44973','VICLEVI S.A.C.','SILLA GIRATORIA DE METAL CON BRAZOS',NULL,NULL,NULL,'AZUL','Recepción','1',1,'2023-11-30 21:05:34','2023-11-30 21:05:34'),(449,1,'13','-','-','21257','44973','VICLEVI S.A.C.','SILLA GIRATORIA DE METAL CON BRAZOS',NULL,NULL,NULL,'AZUL','Recepción','1',1,'2023-11-30 21:05:34','2023-11-30 21:05:34'),(450,1,'13','-','-','21397','44973','VICLEVI S.A.C.','SILLON FIJO DE METAL',NULL,NULL,NULL,'beige','Tópico','1',1,'2023-11-30 21:05:34','2023-11-30 21:05:34'),(451,1,'29','-','-','21180','45014','IDENTIBIO SAC','SISTEMA DE GRABACION VERIFICACION Y RECONOCIMIENTO DE HUELLA','IDEMIA','MORPHO TOP 2020','2226S000162  ',NULL,'Almacén TIC','1',1,'2023-11-30 21:05:34','2023-11-30 21:05:34'),(452,1,'29','-','-','21178','45014','IDENTIBIO SAC','SISTEMA DE GRABACION VERIFICACION Y RECONOCIMIENTO DE HUELLA','IDEMIA','MORPHO TOP 2020','2226S000147',NULL,'Almacén TIC','1',1,'2023-11-30 21:05:34','2023-11-30 21:05:34'),(453,1,'29','-','-','21179','45014','IDENTIBIO SAC','SISTEMA DE GRABACION VERIFICACION Y RECONOCIMIENTO DE HUELLA','IDEMIA','MORPHO TOP 2020','2229S000033',NULL,'Almacén TIC','1',1,'2023-11-30 21:05:34','2023-11-30 21:05:34'),(454,1,'61','-','-','21503','45105','PC MARKET S.A.C.','SISTEMA DE PROYECCIÓN MULTIMEDIA - PROYECTOR MULTIMEDIA 3600 lm','EPSON','POWER LITE 118','X8C23400361',NULL,'Sala de reuniones','1',1,'2023-11-30 21:05:34','2023-11-30 21:05:34'),(455,1,'61','-','-','21047','45105','PC MARKET S.A.C.','SISTEMA DE PROYECCION MULTIMEDIA - PROYECTOR MULTIMEDIA 4200 lm','EPSON','POWER L210W ','XCBG3301094',NULL,'Sala de usos múltiples - SUM','1',1,'2023-11-30 21:05:34','2023-11-30 21:05:34'),(456,1,'13','-','-','21243','44973','VICLEVI S.A.C.','SOFA DE MADERA',NULL,NULL,NULL,'crema','Lactario','1',1,'2023-11-30 21:05:34','2023-11-30 21:05:34'),(457,1,'13','-','-','21244','44973','VICLEVI S.A.C.','SOFA DE MADERA',NULL,NULL,NULL,'crema','Lactario','1',1,'2023-11-30 21:05:34','2023-11-30 21:05:34'),(458,1,'13','-','-','s/c','44973','VICLEVI S.A.C.','SOPORTE EXPOSITOR DE CARTELES - BANNER STANDS 80 cm X 2.00 m',NULL,NULL,NULL,NULL,'Sala de Espera','8',1,'2023-11-30 21:05:34','2023-11-30 21:05:34'),(459,1,'57','-','-','s/c','45079','PC MARKET S.A.C.','SPLITTER DE FIBRA OPTICA UNA ENTRADA Y OCHO SALIDAS','NETCOM','PE-SP0075',NULL,NULL,'Falso techo','1',1,'2023-11-30 21:05:34','2023-11-30 21:05:34'),(460,1,'57','-','-','s/c','45079','PC MARKET S.A.C.','SPLITTER DE FIBRA OPTICA UNA ENTRADA Y OCHO SALIDAS','NETCOM','PE-SP0075',NULL,NULL,'Falso techo','1',1,'2023-11-30 21:05:34','2023-11-30 21:05:34'),(461,1,'66','-','-','21221','45120','TT INVERSIONES S.A.C.','SURTIDOR DE AGUA ELECTRICO - DISPENSADOR ELECTRICO AGUA CALIENTE - HELADA - TEMPERADA','Eden',NULL,'emoon23-0068',NULL,'Comedor','1',1,'2023-11-30 21:05:34','2023-11-30 21:05:34'),(462,1,'S/OC','-','-','21443','05.07.02.02','CV CONSTRUCCIONES GENERALES SAC','TABLERO DE DISTRIBUCIÓN METÁLICO \"TD-BN\", 1Ø+N+PE, 230V/230V, 60 HZ,',NULL,NULL,NULL,NULL,'Banco de la Nación','1',1,'2023-11-30 21:05:34','2023-11-30 21:05:34'),(463,1,'S/OC','-','-','21424','05.07.02.01','CV CONSTRUCCIONES GENERALES SAC','TABLERO DE DISTRIBUCIÓN METÁLICO \"TD-MAC\", 3Ø+N+PE, 380V/230V, 60 HZ,',NULL,NULL,NULL,NULL,'Cuarto de tableros','1',1,'2023-11-30 21:05:34','2023-11-30 21:05:34'),(464,1,'S/OC','-','-','21474','05.07.02.07','CV CONSTRUCCIONES GENERALES SAC','TABLERO DE DISTRIBUCIÓN METÁLICO \"TES-DC\", 1Ø+N+PE, 230V/230V, 60 HZ, ',NULL,NULL,NULL,NULL,'Data Center','1',1,'2023-11-30 21:05:34','2023-11-30 21:05:34'),(465,1,'S/OC','-','-','21425','05.07.02.06','CV CONSTRUCCIONES GENERALES SAC','TABLERO DE DISTRIBUCIÓN METÁLICO \"TF-MAC\", 3Ø+N+PE, 380V/230V, 60 HZ, ',NULL,NULL,NULL,NULL,'Cuarto de tableros','1',1,'2023-11-30 21:05:34','2023-11-30 21:05:34'),(466,1,'S/OC','-','-','21444','05.07.02.04','CV CONSTRUCCIONES GENERALES SAC','TABLERO DE DISTRIBUCIÓN METÁLICO \"TS-BN\", 1Ø+N+PE, 230V/230V, 60 HZ',NULL,NULL,NULL,NULL,'Banco de la Nación','1',1,'2023-11-30 21:05:34','2023-11-30 21:05:34'),(467,1,'S/OC','-','-','21426','05.07.02.03','CV CONSTRUCCIONES GENERALES SAC','TABLERO DE DISTRIBUCIÓN METÁLICO \"TS-MAC\", 3Ø+N+PE, 380V/230V, 60 HZ',NULL,NULL,NULL,NULL,'Cuarto de tableros','1',1,'2023-11-30 21:05:34','2023-11-30 21:05:34'),(468,1,'S/OC','-','-','21199','05.07.02.05','CV CONSTRUCCIONES GENERALES SAC','TABLERO DE DISTRIBUCIÓN METÁLICO \"TS-MIG\", 1Ø+N+PE, 230V/230V, 60 HZ',NULL,NULL,NULL,NULL,'Migraciones','1',1,'2023-11-30 21:05:34','2023-11-30 21:05:34'),(469,1,'S/OC','-','-','21427','05.07.01.02','CV CONSTRUCCIONES GENERALES SAC','TABLERO DE GENERAL EMERGENCIA METÁLICO \"TGE-MAC\", 3Ø+N+PE, 380V/230V, 60 HZ, ',NULL,NULL,NULL,NULL,'Cuarto de tableros','1',1,'2023-11-30 21:05:34','2023-11-30 21:05:34'),(470,1,'S/OC','-','-','21428','05.07.01.01','CV CONSTRUCCIONES GENERALES SAC','TABLERO DE GENERAL NORMAL METÁLICO \"TG-MAC\", 3Ø+N+PE, 380V/230V, 60 HZ',NULL,NULL,NULL,NULL,'Cuarto de tableros','1',1,'2023-11-30 21:05:34','2023-11-30 21:05:34'),(471,1,'13','-','-','s/c','44973','VICLEVI S.A.C.','TACHO DE ACERO INOXIDABLE (MENOR A 1/4 UIT) MEDIA LUNA 21 cm X 42 cm X 80 cm',NULL,NULL,NULL,'plateado','Ambientes varios','3',1,'2023-11-30 21:05:34','2023-11-30 21:05:34'),(472,1,'13','-','-','s/c','44973','VICLEVI S.A.C.','TACHO DE ACERO INOXIDABLE (MENOR A 1/4 UIT) MEDIA LUNA 25 cm X 45 cm X 80 cm',NULL,NULL,NULL,'plateado','Ambientes varios','3',1,'2023-11-30 21:05:34','2023-11-30 21:05:34'),(473,1,'13','-','-','s/c','44973','VICLEVI S.A.C.','TACHO DE ACERO INOXIDABLE (MENOR A 1/4 UIT) MEDIA LUNA 45 cm X 80 cm',NULL,NULL,NULL,'plateado','Ambientes varios','3',1,'2023-11-30 21:05:34','2023-11-30 21:05:34'),(474,1,'13','-','-','s/c','44973','VICLEVI S.A.C.','TACHO DE METAL (MENOR A 1/4 UIT) X 30 L APROX.',NULL,NULL,NULL,'negro','Ambientes varios','30',1,'2023-11-30 21:05:34','2023-11-30 21:05:34'),(475,1,'13','-','-','s/c','44973','VICLEVI S.A.C.','TACHO DE PLÁSTICO CON PEDAL 13 L APROX.',NULL,NULL,NULL,'plateado','Ambientes varios','13',1,'2023-11-30 21:05:34','2023-11-30 21:05:34'),(476,1,'13','-','-','s/c','44973','VICLEVI S.A.C.','TACHO DE PLÁSTICO CON RUEDAS 80 L APROX.',NULL,NULL,NULL,NULL,'Ambientes varios','3',1,'2023-11-30 21:05:34','2023-11-30 21:05:34'),(477,1,'38','-','-','21319','45040','ONCORE SAC','TECLADO - KEYBOARD','DELL','KB216T','CN-019M93-LO300-214-0QU9-A00',NULL,'Módulo 10','1',1,'2023-11-30 21:05:34','2023-11-30 21:05:34'),(478,1,'38','-','-','21314','45040','ONCORE SAC','TECLADO - KEYBOARD','DELL','KB216T','CN-019M93-LO300-214-0R01-A00',NULL,'Módulo 05','1',1,'2023-11-30 21:05:34','2023-11-30 21:05:34'),(479,1,'38','-','-','21315','45040','ONCORE SAC','TECLADO - KEYBOARD','DELL','KB216T','CN-019M93-LO300-214-0R7Z-A00',NULL,'Módulo 06','1',1,'2023-11-30 21:05:34','2023-11-30 21:05:34'),(480,1,'38','-','-','21420','45040','ONCORE SAC','TECLADO - KEYBOARD','DELL','KB216T','CN-019M93-LO300-214-0DZU-A00',NULL,'Coordinador','1',1,'2023-11-30 21:05:34','2023-11-30 21:05:34'),(481,1,'38','-','-','21251','45040','ONCORE SAC','TECLADO - KEYBOARD','DELL','KB216T','CN-019M93-LO300-214-0N4Y-A00',NULL,'Recepción','1',1,'2023-11-30 21:05:34','2023-11-30 21:05:34'),(482,1,'38','-','-','21255','45040','ONCORE SAC','TECLADO - KEYBOARD','DELL','KB216T','CN-019M93-LO300-214-0QUD-A00',NULL,'Recepción','1',1,'2023-11-30 21:05:34','2023-11-30 21:05:34'),(483,1,'38','-','-','21401','45040','ONCORE SAC','TECLADO - KEYBOARD','DELL','KB216T','CN-019M93-LO300-214-0N6F-A00',NULL,'Supervisor','1',1,'2023-11-30 21:05:34','2023-11-30 21:05:34'),(484,1,'38','-','-','21324','45040','ONCORE SAC','TECLADO - KEYBOARD','DELL','KB216T','CN-019M93-LO300-214-0R7Y-A00',NULL,'Módulo 15','1',1,'2023-11-30 21:05:34','2023-11-30 21:05:34'),(485,1,'38','-','-','21322','45040','ONCORE SAC','TECLADO - KEYBOARD','DELL','KB216T','CN-019M93-LO300-214-0QUA-A00',NULL,'Módulo 13','1',1,'2023-11-30 21:05:34','2023-11-30 21:05:34'),(486,1,'38','-','-','21325','45040','ONCORE SAC','TECLADO - KEYBOARD','DELL','KB216T','CN-019M93-LO300-214-0R07-A00',NULL,'Módulo 16','1',1,'2023-11-30 21:05:34','2023-11-30 21:05:34'),(487,1,'38','-','-','21317','45040','ONCORE SAC','TECLADO - KEYBOARD','DELL','KB216T','CN-019M93-LO300-214-0RB8-A00',NULL,'Módulo 08','1',1,'2023-11-30 21:05:34','2023-11-30 21:05:34'),(488,1,'38','-','-','21320','45040','ONCORE SAC','TECLADO - KEYBOARD','DELL','KB216T','CN-019M93-LO300-214-0QUE-A00',NULL,'Módulo 11','1',1,'2023-11-30 21:05:34','2023-11-30 21:05:34'),(489,1,'38','-','-','21323','45040','ONCORE SAC','TECLADO - KEYBOARD','DELL','KB216T','CN-019M93-LO300-214-0DZC-A00',NULL,'Módulo 14','1',1,'2023-11-30 21:05:34','2023-11-30 21:05:34'),(490,1,'38','-','-','21318','45040','ONCORE SAC','TECLADO - KEYBOARD','DELL','KB216T','CN-019M93-LO300-214-0E6D-A00',NULL,'Módulo 07','1',1,'2023-11-30 21:05:34','2023-11-30 21:05:34'),(491,1,'38','-','-','21326','45040','ONCORE SAC','TECLADO - KEYBOARD','DELL','KB216T','CN-019M93-LO300-214-0R04-A00',NULL,'Módulo 17','1',1,'2023-11-30 21:05:34','2023-11-30 21:05:34'),(492,1,'38','-','-','21465','45040','ONCORE SAC','TECLADO - KEYBOARD','DELL','KB216T','CN-019M93-LO300-214-0R05-A00',NULL,'Sala de monitoreo','1',1,'2023-11-30 21:05:34','2023-11-30 21:05:34'),(493,1,'38','-','-','21316','45040','ONCORE SAC','TECLADO - KEYBOARD','DELL','KB216T','CN-019M93-LO300-214-0R03-A00',NULL,'Módulo 07','1',1,'2023-11-30 21:05:34','2023-11-30 21:05:34'),(494,1,'38','-','-','21327','45040','ONCORE SAC','TECLADO - KEYBOARD','DELL','KB216T','CN-019M93-LO300-214-0N43-A00',NULL,'MODULO 18','1',1,'2023-11-30 21:05:34','2023-11-30 21:05:34'),(495,1,'38','-','-','21466','45040','ONCORE SAC','TECLADO - KEYBOARD','DELL','KB216T','CN-019M93-LO300-214-0QWS-A00',NULL,'Sala de monitoreo','1',1,'2023-11-30 21:05:34','2023-11-30 21:05:34'),(496,1,'38','-','-','21312','45040','ONCORE SAC','TECLADO - KEYBOARD','DELL','KB216T','CN-019M93-LO300-214-0QWT-A00',NULL,'Módulo 03','1',1,'2023-11-30 21:05:34','2023-11-30 21:05:34'),(497,1,'38','-','-','21313','45040','ONCORE SAC','TECLADO - KEYBOARD','DELL','KB216T','CN-019M93-LO300-214-0QWU-A00',NULL,'Módulo 04','1',1,'2023-11-30 21:05:34','2023-11-30 21:05:34'),(498,1,'38','-','-','21321','45040','ONCORE SAC','TECLADO - KEYBOARD','DELL','KB216T','CN-019M93-LO300-214-0QUB-A00',NULL,'Módulo 12','1',1,'2023-11-30 21:05:34','2023-11-30 21:05:34'),(499,1,'62','-','-','21192','45105','ONCORE SOCIEDAD ANONIMA CERRADA','TELEVISOR LED 55 in','SAMSUNG','UN55AU7000GXPE','0BWA3CBR904212P',NULL,'Sala de Monitoreo','1',1,'2023-11-30 21:05:34','2023-11-30 21:05:34'),(500,1,'62','-','-','21193','45105','ONCORE SOCIEDAD ANONIMA CERRADA','TELEVISOR LED 55 in','SAMSUNG','UN55AU7000GXPE','0BWA3CHRA03780D',NULL,'Sala de Monitoreo','1',1,'2023-11-30 21:05:34','2023-11-30 21:05:34'),(501,1,'62','-','-','21191','45105','ONCORE SOCIEDAD ANONIMA CERRADA','TELEVISOR LED 55 in','SAMSUNG','UN55AU7000GXPE','0BWA3CTT100052B',NULL,'Migraciones','1',1,'2023-11-30 21:05:34','2023-11-30 21:05:34'),(502,1,'62','-','-','21064','45105','ONCORE SOCIEDAD ANONIMA CERRADA','TELEVISOR LED 65 in','SAMSUNG','UN65AU7000GXPE','0BWW3CDR803650X',NULL,'Sala de espera','1',1,'2023-11-30 21:05:34','2023-11-30 21:05:34'),(503,1,'62','-','-','21066','45105','ONCORE SOCIEDAD ANONIMA CERRADA','TELEVISOR LED 65 in','SAMSUNG','UN65AU7000GXPE','0BWW3CNT400468W',NULL,'Sala de espera','1',1,'2023-11-30 21:05:34','2023-11-30 21:05:34'),(504,1,'62','-','-','21067','45105','ONCORE SOCIEDAD ANONIMA CERRADA','TELEVISOR LED 65 in','SAMSUNG','UN65AU7000GXPE','0BWW3CFR900005R',NULL,'Sala de espera','1',1,'2023-11-30 21:05:34','2023-11-30 21:05:34'),(505,1,'62','-','-','21065','45105','ONCORE SOCIEDAD ANONIMA CERRADA','TELEVISOR LED 65 in','SAMSUNG','UN65AU7000GXPE','0BWW3CDR700370X',NULL,'Sala de espera','1',1,'2023-11-30 21:05:34','2023-11-30 21:05:34'),(506,1,'62','-','-','21063','45105','ONCORE SOCIEDAD ANONIMA CERRADA','TELEVISOR LED 65 in','SAMSUNG','UN65CU8000GXPE','0F2E3CZW600414J',NULL,'Sala de espera - BN','1',1,'2023-11-30 21:05:34','2023-11-30 21:05:34'),(507,1,'38','-','-','21330','45040','ONCORE SAC','UNIDAD CENTRAL DE PROCESO','DELL','OPTIPLEX 7000 SFF','9JMRPR3',NULL,'Módulo 05','1',1,'2023-11-30 21:05:34','2023-11-30 21:05:34'),(508,1,'38','-','-','21253','45040','ONCORE SAC','UNIDAD CENTRAL DE PROCESO','DELL','OPTIPLEX 7000 SFF','5KMRPR3',NULL,'Recepción','1',1,'2023-11-30 21:05:34','2023-11-30 21:05:34'),(509,1,'38','-','-','21339','45040','ONCORE SAC','UNIDAD CENTRAL DE PROCESO','DELL','OPTIPLEX 7000 SFF','CHMRPR3',NULL,'Módulo 14','1',1,'2023-11-30 21:05:34','2023-11-30 21:05:34'),(510,1,'38','-','-','21335','45040','ONCORE SAC','UNIDAD CENTRAL DE PROCESO','DELL','OPTIPLEX 7000 SFF','CNMRPR3',NULL,'Módulo 10','1',1,'2023-11-30 21:05:34','2023-11-30 21:05:34'),(511,1,'38','-','-','21329','45040','ONCORE SAC','UNIDAD CENTRAL DE PROCESO','DELL','OPTIPLEX 7000 SFF','JTQRPR3',NULL,'Módulo 04','1',1,'2023-11-30 21:05:34','2023-11-30 21:05:34'),(512,1,'38','-','-','21468','45040','ONCORE SAC','UNIDAD CENTRAL DE PROCESO','DELL','OPTIPLEX 7000 SFF','DHMRPR3',NULL,'Sala de monitoreo','1',1,'2023-11-30 21:05:34','2023-11-30 21:05:34'),(513,1,'38','-','-','21333','45040','ONCORE SAC','UNIDAD CENTRAL DE PROCESO','DELL','OPTIPLEX 7000 SFF','GMMRPR3',NULL,'Módulo 08','1',1,'2023-11-30 21:05:34','2023-11-30 21:05:34'),(514,1,'38','-','-','21336','45040','ONCORE SAC','UNIDAD CENTRAL DE PROCESO','DELL','OPTIPLEX 7000 SFF','8HMRPR3',NULL,'Módulo 11','1',1,'2023-11-30 21:05:34','2023-11-30 21:05:34'),(515,1,'38','-','-','21343','45040','ONCORE SAC','UNIDAD CENTRAL DE PROCESO','DELL','OPTIPLEX 7000 SFF','7VGSPR3',NULL,'MODULO 18','1',1,'2023-11-30 21:05:34','2023-11-30 21:05:34'),(516,1,'38','-','-','21337','45040','ONCORE SAC','UNIDAD CENTRAL DE PROCESO','DELL','OPTIPLEX 7000 SFF','HTQRPR3',NULL,'Módulo 12','1',1,'2023-11-30 21:05:34','2023-11-30 21:05:34'),(517,1,'38','-','-','21334','45040','ONCORE SAC','UNIDAD CENTRAL DE PROCESO','DELL','OPTIPLEX 7000 SFF','BMMRPR3',NULL,'Módulo 09','1',1,'2023-11-30 21:05:34','2023-11-30 21:05:34'),(518,1,'38','-','-','21328','45040','ONCORE SAC','UNIDAD CENTRAL DE PROCESO','DELL','OPTIPLEX 7000 SFF','CRQRPR3',NULL,'Módulo 03','1',1,'2023-11-30 21:05:34','2023-11-30 21:05:34'),(519,1,'38','-','-','21341','45040','ONCORE SAC','UNIDAD CENTRAL DE PROCESO','DELL','OPTIPLEX 7000 SFF','6KMRPR3',NULL,'Módulo 16','1',1,'2023-11-30 21:05:34','2023-11-30 21:05:34'),(520,1,'38','-','-','21340','45040','ONCORE SAC','UNIDAD CENTRAL DE PROCESO','DELL','OPTIPLEX 7000 SFF','5JMRPR3',NULL,'Módulo 15','1',1,'2023-11-30 21:05:34','2023-11-30 21:05:34'),(521,1,'38','-','-','21331','45040','ONCORE SAC','UNIDAD CENTRAL DE PROCESO','DELL','OPTIPLEX 7000 SFF','6HMRPR3',NULL,'Módulo 06','1',1,'2023-11-30 21:05:34','2023-11-30 21:05:34'),(522,1,'38','-','-','21421','45040','ONCORE SAC','UNIDAD CENTRAL DE PROCESO','DELL','OPTIPLEX 7000 SFF','JVWSPR3',NULL,'Coordinador','1',1,'2023-11-30 21:05:34','2023-11-30 21:05:34'),(523,1,'38','-','-','21338','45040','ONCORE SAC','UNIDAD CENTRAL DE PROCESO','DELL','OPTIPLEX 7000 SFF','GRQRPR3',NULL,'Módulo 13','1',1,'2023-11-30 21:05:34','2023-11-30 21:05:34'),(524,1,'38','-','-','21342','45040','ONCORE SAC','UNIDAD CENTRAL DE PROCESO','DELL','OPTIPLEX 7000 SFF','DKMRPR3',NULL,'Módulo 17','1',1,'2023-11-30 21:05:34','2023-11-30 21:05:34'),(525,1,'38','-','-','21252','45040','ONCORE SAC','UNIDAD CENTRAL DE PROCESO','DELL','OPTIPLEX 7000 SFF','8FPSPR3',NULL,'Recepción','1',1,'2023-11-30 21:05:34','2023-11-30 21:05:34'),(526,1,'38','-','-','21467','45040','ONCORE SAC','UNIDAD CENTRAL DE PROCESO','DELL','OPTIPLEX 7000 SFF','JJRPR3',NULL,'Sala de monitoreo','1',1,'2023-11-30 21:05:34','2023-11-30 21:05:34'),(527,1,'38','-','-','21332','45040','ONCORE SAC','UNIDAD CENTRAL DE PROCESO','DELL','OPTIPLEX 7000 SFF','9KMRPR3',NULL,'Módulo 07','1',1,'2023-11-30 21:05:34','2023-11-30 21:05:34'),(528,1,'38','-','-','21402','45040','ONCORE SAC','UNIDAD CENTRAL DE PROCESO','DELL','OPTIPLEX 7000 SFF','B3LSPR3',NULL,'Supervisor','1',1,'2023-11-30 21:05:34','2023-11-30 21:05:34'),(529,1,'43','-','-','21606','45057','PC MARKET S.A.C.','UNIDAD CENTRAL DE PROCESO - CPU - MINI PC','DELL','OPTIPLEX 3000','11S3XV3',NULL,'Falso techo','1',1,'2023-11-30 21:05:34','2023-11-30 21:05:34'),(530,1,'43','-','-','21607','45057','PC MARKET S.A.C.','UNIDAD CENTRAL DE PROCESO - CPU - MINI PC','DELL','OPTIPLEX 3000','HYR3XV3',NULL,'Falso techo','1',1,'2023-11-30 21:05:34','2023-11-30 21:05:34'),(531,1,'S/OC','-','-','21408','05.09.03.02','CV CONSTRUCCIONES GENERALES SAC','UPS DE 15 KVA A 3,300MSNM, 3Ø+1N,380V/380V, CONEXIÓN C/PUERTO RJ45, INC BANCO DE BATERÍAS INT. AUTONOMÍA 15MIN','COLFF','BLACK RT','007085D91D7B',NULL,'Migraciones','1',1,'2023-11-30 21:05:34','2023-11-30 21:05:34'),(532,1,'S/OC','-','-','21422','05.09.03.03','CV CONSTRUCCIONES GENERALES SAC','UPS DE 30 KVA A 3,300MSNM, 3Ø+1N, 380V/380V, CONEXIÓN C/PUERTO RJ45, INC BANCO DE BATERÍAS EXT. AUTONOMÍA 15MIN','COLFF','LEMON 40K','F0120B008080',NULL,'Cuarto de tableros','1',1,'2023-11-30 21:05:34','2023-11-30 21:05:34'),(533,1,'S/OC','-','-','21495','05.09.03.01','CV CONSTRUCCIONES GENERALES SAC','UPS DE 6 KVA A 3,300MSNM, 1Ø+1N, 230V/230V, CONEXIÓN C/PUERTO RJ45, INC BANCO DE BATERÍAS EXT. AUTONOMÍA 15MIN','COLFF','BLACK RT','002085D91D7C',NULL,'Banco de la Nación','1',1,'2023-11-30 21:05:34','2023-11-30 21:05:34'),(534,1,'S/OC','-','-','21472','05.09.03.01','CV CONSTRUCCIONES GENERALES SAC','UPS DE 6 KVA A 3,300MSNM, 1Ø+1N, 230V/230V, CONEXIÓN C/PUERTO RJ45, INC BANCO DE BATERÍAS EXT. AUTONOMÍA 15MIN','COLFF','LEMON 15K','F01221013477',NULL,'Data Center','1',1,'2023-11-30 21:05:34','2023-11-30 21:05:34'),(535,1,'S/OC','-','-','21052',NULL,NULL,'SENSOR DE HUMO',NULL,NULL,NULL,NULL,'Depósito de Sala de usos múltiples - SUM ','1',1,'2023-11-30 21:05:34','2023-11-30 21:05:34'),(536,1,'S/OC','-','-','21053',NULL,NULL,'SENSOR DE HUMO',NULL,NULL,NULL,NULL,'Sala de usos múltiples - SUM','1',1,'2023-11-30 21:05:34','2023-11-30 21:05:34'),(537,1,'S/OC','-','-','21054',NULL,NULL,'SENSOR DE HUMO',NULL,NULL,NULL,NULL,'Sala de usos múltiples - SUM','1',1,'2023-11-30 21:05:34','2023-11-30 21:05:34'),(538,1,'S/OC','-','-','21564',NULL,NULL,'SENSOR DE HUMO',NULL,NULL,NULL,NULL,'PASADIZO INTERNO','1',1,'2023-11-30 21:05:34','2023-11-30 21:05:34'),(539,1,'S/OC','-','-','21565',NULL,NULL,'SENSOR DE HUMO',NULL,NULL,NULL,NULL,'PASADIZO INTERNO','1',1,'2023-11-30 21:05:34','2023-11-30 21:05:34'),(540,1,'S/OC','-','-','21566',NULL,NULL,'SENSOR DE HUMO',NULL,NULL,NULL,NULL,'PASADIZO INTERNO','1',1,'2023-11-30 21:05:34','2023-11-30 21:05:34'),(541,1,'S/OC','-','-','21567',NULL,NULL,'SENSOR DE HUMO',NULL,NULL,NULL,NULL,'PASADIZO INTERNO','1',1,'2023-11-30 21:05:34','2023-11-30 21:05:34'),(542,1,'S/OC','-','-','21568',NULL,NULL,'SENSOR DE HUMO',NULL,NULL,NULL,NULL,'Baño Mixto','1',1,'2023-11-30 21:05:34','2023-11-30 21:05:34'),(543,1,'S/OC','-','-','21569',NULL,NULL,'SENSOR DE HUMO',NULL,NULL,NULL,NULL,'BAÑO DE DISCAPACITADO','1',1,'2023-11-30 21:05:34','2023-11-30 21:05:34'),(544,1,'S/OC','-','-','21570',NULL,NULL,'SENSOR DE HUMO',NULL,NULL,NULL,NULL,'ALAMCEN LIMPIEZA','1',1,'2023-11-30 21:05:34','2023-11-30 21:05:34'),(545,1,'S/OC','-','-','21571',NULL,NULL,'SENSOR DE HUMO',NULL,NULL,NULL,NULL,'BAÑO DE MUJERES','1',1,'2023-11-30 21:05:34','2023-11-30 21:05:34'),(546,1,'S/OC','-','-','21572',NULL,NULL,'SENSOR DE HUMO',NULL,NULL,NULL,NULL,'BAÑO DE HOMBRES','1',1,'2023-11-30 21:05:34','2023-11-30 21:05:34'),(547,1,'S/OC','-','-','21573',NULL,NULL,'SENSOR DE HUMO',NULL,NULL,NULL,NULL,'Cuarto de residuos','1',1,'2023-11-30 21:05:34','2023-11-30 21:05:34'),(548,1,'S/OC','-','-','21574',NULL,NULL,'SENSOR DE HUMO',NULL,NULL,NULL,NULL,'Lactario','1',1,'2023-11-30 21:05:34','2023-11-30 21:05:34'),(549,1,'S/OC','-','-','21575',NULL,NULL,'SENSOR DE TEMPERATURA',NULL,NULL,NULL,NULL,'Comedor','1',1,'2023-11-30 21:05:34','2023-11-30 21:05:34'),(550,1,'S/OC','-','-','21576',NULL,NULL,'SENSOR DE HUMO',NULL,NULL,NULL,NULL,'Recepción','1',1,'2023-11-30 21:05:34','2023-11-30 21:05:34'),(551,1,'S/OC','-','-','21577',NULL,NULL,'SENSOR DE HUMO',NULL,NULL,NULL,NULL,'Recepción','1',1,'2023-11-30 21:05:34','2023-11-30 21:05:34'),(552,1,'S/OC','-','-','21578',NULL,NULL,'SENSOR DE HUMO',NULL,NULL,NULL,NULL,'Recepción','1',1,'2023-11-30 21:05:34','2023-11-30 21:05:34'),(553,1,'S/OC','-','-','21579',NULL,NULL,'SENSOR DE HUMO',NULL,NULL,NULL,NULL,'Recepción','1',1,'2023-11-30 21:05:34','2023-11-30 21:05:34'),(554,1,'S/OC','-','-','21580',NULL,NULL,'SENSOR DE HUMO',NULL,NULL,NULL,NULL,'Sala de espera','1',1,'2023-11-30 21:05:34','2023-11-30 21:05:34'),(555,1,'S/OC','-','-','21581',NULL,NULL,'SENSOR DE HUMO',NULL,NULL,NULL,NULL,'Sala de espera','1',1,'2023-11-30 21:05:34','2023-11-30 21:05:34'),(556,1,'S/OC','-','-','21582',NULL,NULL,'SENSOR DE HUMO',NULL,NULL,NULL,NULL,'Sala de espera','1',1,'2023-11-30 21:05:34','2023-11-30 21:05:34'),(557,1,'S/OC','-','-','21583',NULL,NULL,'SENSOR DE HUMO',NULL,NULL,NULL,NULL,'Sala de espera','1',1,'2023-11-30 21:05:34','2023-11-30 21:05:34'),(558,1,'S/OC','-','-','21584',NULL,NULL,'SENSOR DE HUMO',NULL,NULL,NULL,NULL,'Sala de espera','1',1,'2023-11-30 21:05:34','2023-11-30 21:05:34'),(559,1,'S/OC','-','-','21585',NULL,NULL,'SENSOR DE HUMO',NULL,NULL,NULL,NULL,'Banco de la Nación','1',1,'2023-11-30 21:05:34','2023-11-30 21:05:34'),(560,1,'S/OC','-','-','21586',NULL,NULL,'SENSOR DE HUMO',NULL,NULL,NULL,NULL,'Banco de la Nación','1',1,'2023-11-30 21:05:34','2023-11-30 21:05:34'),(561,1,'S/OC','-','-','21587',NULL,NULL,'SENSOR DE HUMO',NULL,NULL,NULL,NULL,'Banco de la Nación','1',1,'2023-11-30 21:05:34','2023-11-30 21:05:34'),(562,1,'S/OC','-','-','21588',NULL,NULL,'SENSOR DE HUMO',NULL,NULL,NULL,NULL,'Banco de la Nación','1',1,'2023-11-30 21:05:34','2023-11-30 21:05:34'),(563,1,'S/OC','-','-','21589',NULL,NULL,'SENSOR DE HUMO',NULL,NULL,NULL,NULL,'Banco de la Nación','1',1,'2023-11-30 21:05:34','2023-11-30 21:05:34'),(564,1,'S/OC','-','-','21590',NULL,NULL,'SENSOR DE TEMPERATURA',NULL,NULL,NULL,NULL,'Banco de la Nación','1',1,'2023-11-30 21:05:34','2023-11-30 21:05:34'),(565,1,'S/OC','-','-','21591',NULL,NULL,'SENSOR DE HUMO',NULL,NULL,NULL,NULL,'Tópico','1',1,'2023-11-30 21:05:34','2023-11-30 21:05:34'),(566,1,'S/OC','-','-','21592',NULL,NULL,'SENSOR DE HUMO',NULL,NULL,NULL,NULL,'Cuarto de tableros','1',1,'2023-11-30 21:05:34','2023-11-30 21:05:34'),(567,1,'S/OC','-','-','21593',NULL,NULL,'SENSOR DE HUMO',NULL,NULL,NULL,NULL,'Sala de reuniones','1',1,'2023-11-30 21:05:34','2023-11-30 21:05:34'),(568,1,'S/OC','-','-','21594',NULL,NULL,'SENSOR DE HUMO',NULL,NULL,NULL,NULL,'Coordinador','1',1,'2023-11-30 21:05:34','2023-11-30 21:05:34'),(569,1,'S/OC','-','-','21595',NULL,NULL,'SENSOR DE HUMO',NULL,NULL,NULL,NULL,'PASADIZO INTERNO','1',1,'2023-11-30 21:05:34','2023-11-30 21:05:34'),(570,1,'S/OC','-','-','21596',NULL,NULL,'SENSOR DE HUMO',NULL,NULL,NULL,NULL,'Almacén TIC','1',1,'2023-11-30 21:05:34','2023-11-30 21:05:34'),(571,1,'S/OC','-','-','21597',NULL,NULL,'SENSOR DE HUMO',NULL,NULL,NULL,NULL,'ALMACEN MAC','1',1,'2023-11-30 21:05:34','2023-11-30 21:05:34'),(572,1,'S/OC','-','-','21598',NULL,NULL,'SENSOR DE HUMO',NULL,NULL,NULL,NULL,'ALMACEN ENTIDADES','1',1,'2023-11-30 21:05:34','2023-11-30 21:05:34'),(573,1,'S/OC','-','-','21599',NULL,NULL,'SENSOR DE HUMO',NULL,NULL,NULL,NULL,'Supervisor','1',1,'2023-11-30 21:05:34','2023-11-30 21:05:34'),(574,1,'S/OC','-','-','21600',NULL,NULL,'SENSOR DE HUMO',NULL,NULL,NULL,NULL,'Migraciones','1',1,'2023-11-30 21:05:34','2023-11-30 21:05:34'),(575,1,'S/OC','-','-','21601',NULL,NULL,'SENSOR DE HUMO',NULL,NULL,NULL,NULL,'Migraciones','1',1,'2023-11-30 21:05:34','2023-11-30 21:05:34'),(576,1,'S/OC','-','-','21602',NULL,NULL,'SENSOR DE HUMO',NULL,NULL,NULL,NULL,'Migraciones','1',1,'2023-11-30 21:05:34','2023-11-30 21:05:34'),(577,1,'S/OC','-','-','21603',NULL,NULL,'SENSOR DE HUMO',NULL,NULL,NULL,NULL,'Data Center','1',1,'2023-11-30 21:05:34','2023-11-30 21:05:34'),(578,1,'S/OC','-','-','21604',NULL,NULL,'SENSOR DE HUMO',NULL,NULL,NULL,NULL,'Data Center','1',1,'2023-11-30 21:05:34','2023-11-30 21:05:34'),(579,1,'S/OC','-','-','21605',NULL,NULL,'SENSOR DE HUMO',NULL,NULL,NULL,NULL,'Data Center','1',1,'2023-11-30 21:05:34','2023-11-30 21:05:34'),(580,1,'S/OC','-','-','21061',NULL,NULL,'CAMARA DE VIDEO DOMO','HIKVISION','DS-2CD2787G2T-LZS',NULL,NULL,'Sala de usos múltiples - SUM','1',1,'2023-11-30 21:05:34','2023-11-30 21:05:34'),(581,1,'S/OC','-','-','21062',NULL,NULL,'CAMARA DE VIDEO DOMO','HIKVISION','DS-2CD2787G2T-LZS',NULL,NULL,'Sala de usos múltiples - SUM','1',1,'2023-11-30 21:05:34','2023-11-30 21:05:34'),(582,1,'S/OC','-','-','21536',NULL,NULL,'CAMARA DE VIDEO DOMO','HIKVISION','DS-2CD2787G2T-LZS','L10169214',NULL,'PASADIZO INTERNO','1',1,'2023-11-30 21:05:34','2023-11-30 21:05:34'),(583,1,'S/OC','-','-','21537',NULL,NULL,'CAMARA DE VIDEO DOMO','HIKVISION','DS-2CD2787G2T-LZS','L10169219',NULL,'PASADIZO INTERNO','1',1,'2023-11-30 21:05:34','2023-11-30 21:05:34'),(584,1,'S/OC','-','-','21538',NULL,NULL,'CAMARA DE VIDEO DOMO','HIKVISION','DS-2CD2787G2T-LZS','L10169232',NULL,'PASADIZO INTERNO','1',1,'2023-11-30 21:05:34','2023-11-30 21:05:34'),(585,1,'S/OC','-','-','21539',NULL,NULL,'CAMARA DE VIDEO DOMO','HIKVISION','DS-2CD2787G2T-LZS','L10169218',NULL,'PASADIZO INTERNO','1',1,'2023-11-30 21:05:34','2023-11-30 21:05:34'),(586,1,'S/OC','-','-','21540',NULL,NULL,'CAMARA DE VIDEO DOMO','HIKVISION','DS-2CD2787G2T-LZS','L10169281',NULL,'Data Center','1',1,'2023-11-30 21:05:34','2023-11-30 21:05:34'),(587,1,'S/OC','-','-','21541',NULL,NULL,'CAMARA DE VIDEO DOMO','HIKVISION','DS-2CD2787G2T-LZS','L10169296',NULL,'Data Center','1',1,'2023-11-30 21:05:34','2023-11-30 21:05:34'),(588,1,'S/OC','-','-','21542',NULL,NULL,'CAMARA DE VIDEO DOMO','HIKVISION','DS-2CD2787G2T-LZS',NULL,NULL,'Sala de Espera','1',1,'2023-11-30 21:05:34','2023-11-30 21:05:34'),(589,1,'S/OC','-','-','21543',NULL,NULL,'CAMARA DE VIDEO DOMO','HIKVISION','DS-2CD2787G2T-LZS',NULL,NULL,'Sala de Espera','1',1,'2023-11-30 21:05:34','2023-11-30 21:05:34'),(590,1,'S/OC','-','-','21544',NULL,NULL,'CAMARA DE VIDEO DOMO','HIKVISION','DS-2CD2787G2T-LZS',NULL,NULL,'Sala de Espera','1',1,'2023-11-30 21:05:34','2023-11-30 21:05:34'),(591,1,'S/OC','-','-','21545',NULL,NULL,'CAMARA DE VIDEO DOMO','HIKVISION','DS-2CD2787G2T-LZS',NULL,NULL,'Sala de Espera','1',1,'2023-11-30 21:05:34','2023-11-30 21:05:34'),(592,1,'S/OC','-','-','21546',NULL,NULL,'CAMARA DE VIDEO DOMO','HIKVISION','DS-2CD2787G2T-LZS',NULL,NULL,'Sala de Espera','1',1,'2023-11-30 21:05:34','2023-11-30 21:05:34'),(593,1,'S/OC','-','-','21547',NULL,NULL,'CAMARA DE VIDEO DOMO','HIKVISION','DS-2CD2787G2T-LZS',NULL,NULL,'Sala de Espera','1',1,'2023-11-30 21:05:34','2023-11-30 21:05:34'),(594,1,'S/OC','-','-','21548',NULL,NULL,'CAMARA DE VIDEO DOMO','HIKVISION','DS-2CD2787G2T-LZS',NULL,NULL,'Sala de Espera','1',1,'2023-11-30 21:05:34','2023-11-30 21:05:34'),(595,1,'S/OC','-','-','21549',NULL,NULL,'CAMARA DE VIDEO DOMO','HIKVISION','DS-2CD2787G2T-LZS',NULL,NULL,'Sala de Espera','1',1,'2023-11-30 21:05:34','2023-11-30 21:05:34'),(596,1,'S/OC','-','-','21550',NULL,NULL,'CAMARA DE VIDEO DOMO','HIKVISION','DS-2CD2787G2T-LZS',NULL,NULL,'Sala de Espera','1',1,'2023-11-30 21:05:34','2023-11-30 21:05:34'),(597,1,'S/OC','-','-','21551',NULL,NULL,'CAMARA DE VIDEO DOMO','HIKVISION','DS-2CD2787G2T-LZS',NULL,NULL,'Sala de Espera','1',1,'2023-11-30 21:05:34','2023-11-30 21:05:34'),(598,1,'S/OC','-','-','21552',NULL,NULL,'CAMARA DE VIDEO DOMO','HIKVISION','DS-2CD2787G2T-LZS',NULL,NULL,'Sala de Espera','1',1,'2023-11-30 21:05:34','2023-11-30 21:05:34'),(599,1,'S/OC','-','-','21553',NULL,NULL,'CAMARA DE VIDEO DOMO','HIKVISION','DS-2CD2787G2T-LZS',NULL,NULL,'Sala de Espera','1',1,'2023-11-30 21:05:34','2023-11-30 21:05:34'),(600,1,'S/OC','-','-','21554',NULL,NULL,'CAMARA DE VIDEO DOMO','HIKVISION','DS-2CD2787G2T-LZS',NULL,NULL,'Sala de Espera','1',1,'2023-11-30 21:05:34','2023-11-30 21:05:34'),(601,1,'S/OC','-','-','21555',NULL,NULL,'CAMARA DE VIDEO DOMO','HIKVISION','DS-2CD2787G2T-LZS',NULL,NULL,'Sala de Espera','1',1,'2023-11-30 21:05:34','2023-11-30 21:05:34'),(602,1,'S/OC','-','-','21556',NULL,NULL,'CAMARA DE VIDEO DOMO','HIKVISION','DS-2CD2787G2T-LZS',NULL,NULL,'Sala de Espera','1',1,'2023-11-30 21:05:34','2023-11-30 21:05:34'),(603,1,'S/OC','-','-','21557',NULL,NULL,'CAMARA DE VIDEO DOMO','HIKVISION','DS-2CD2787G2T-LZS',NULL,NULL,'Sala de Espera','1',1,'2023-11-30 21:05:34','2023-11-30 21:05:34'),(604,1,'S/OC','-','-','21558',NULL,NULL,'CAMARA DE VIDEO DOMO','HIKVISION','DS-2CD2787G2T-LZS',NULL,NULL,'Sala de Espera','1',1,'2023-11-30 21:05:34','2023-11-30 21:05:34'),(605,1,'S/OC','-','-','21559',NULL,NULL,'CAMARA DE VIDEO DOMO','HIKVISION','DS-2CD2787G2T-LZS',NULL,NULL,'Sala de Espera','1',1,'2023-11-30 21:05:34','2023-11-30 21:05:34'),(606,1,'S/OC','-','-','21560',NULL,NULL,'CAMARA DE VIDEO DOMO','HIKVISION','DS-2CD2787G2T-LZS',NULL,NULL,'Sala de Espera','1',1,'2023-11-30 21:05:34','2023-11-30 21:05:34'),(607,1,'S/OC','-','-','21561',NULL,NULL,'CAMARA DE VIDEO DOMO','HIKVISION','DS-2CD2787G2T-LZS',NULL,NULL,'Sala de Espera','1',1,'2023-11-30 21:05:34','2023-11-30 21:05:34'),(608,1,'S/OC','-','-','21562',NULL,NULL,'CAMARA DE VIDEO DOMO','HIKVISION','DS-2CD2787G2T-LZS',NULL,NULL,'Sala de Espera','1',1,'2023-11-30 21:05:34','2023-11-30 21:05:34'),(609,1,'S/OC','-','-','21563',NULL,NULL,'CAMARA DE VIDEO DOMO','HIKVISION','DS-2CD2787G2T-LZS',NULL,NULL,'Sala de Espera','1',1,'2023-11-30 21:05:34','2023-11-30 21:05:34'),(610,1,'56','-','-','21181','45079',NULL,'TRÍPODE PARA CÁMARA FOTOGRÁFICA','TRIPOD','QZSD-999H',NULL,NULL,'Almacén TIC','1',1,'2023-11-30 21:05:34','2023-11-30 21:05:34'),(611,1,'56','-','-','21182','45079',NULL,'TRÍPODE PARA CÁMARA FOTOGRÁFICA','TRIPOD','QZSD-999H',NULL,NULL,'Almacén TIC','1',1,'2023-11-30 21:05:34','2023-11-30 21:05:34'),(612,1,'56','-','-','21183','45079',NULL,'TRÍPODE PARA CÁMARA FOTOGRÁFICA','TRIPOD','QZSD-999H',NULL,NULL,'Almacén TIC','1',1,'2023-11-30 21:05:34','2023-11-30 21:05:34'),(613,1,'S/OC','-','-','21198',NULL,NULL,'TRANSFORMADOR','MYH INGENIERÍA ELECTRICA','TMS-10K','ME-23/002T','plomo','Banco de la Nación','1',1,'2023-11-30 21:05:34','2023-11-30 21:05:34'),(614,1,'S/OC','-','-','21196',NULL,NULL,'NVR','HIKVISION','DS-9632NI-I16','K91461231',NULL,'Migraciones','1',1,'2023-11-30 21:05:34','2023-11-30 21:05:34'),(615,1,'S/OC','-','-','21430',NULL,NULL,'TRANSFORMADOR','MYH INGENIERÍA ELECTRICA','TTS-50K','ME-23/004T','plomo','Sala de monitoreo','1',1,'2023-11-30 21:05:34','2023-11-30 21:05:34'),(616,1,'S/OC','-','-','21440',NULL,NULL,'TRANSFORMADOR','MYH INGENIERÍA ELECTRICA','TMS-10K','ME-23/001T','plomo','Sala de tableros','1',1,'2023-11-30 21:05:34','2023-11-30 21:05:34'),(617,1,'S/OC','-','-','21473',NULL,NULL,'TRANSFORMADOR','MYH INGENIERÍA ELECTRICA','TTS-20K','ME-23/003T','plomo','Data Center','1',1,'2023-11-30 21:05:34','2023-11-30 21:05:34'),(618,1,'41','-','-','21475','45055',NULL,'ESTABILIZADOR','BATERIAS PERU','EST15K','08052023-1','plomo','Data Center','1',1,'2023-11-30 21:05:34','2023-11-30 21:05:34'),(619,1,'S/OC','-','-','21485',NULL,NULL,'NVR','HIKVISION','ILEGIBLE','ILEGIBLE',NULL,'Data Center','1',1,'2023-11-30 21:05:34','2023-11-30 21:05:34'),(620,1,'43','-','-','21505','45057',NULL,'TECLADO - KEYBOARD','DELL','KB216T','CN-019M93-LO300-2BM-04I6-A02',NULL,'Almacén TIC','1',1,'2023-11-30 21:05:34','2023-11-30 21:05:34'),(621,1,'43','-','-','21506','45057',NULL,'TECLADO - KEYBOARD','DELL','KB216T','CN-019M93-LO300-2BM-05BC-A02',NULL,'Almacén TIC','1',1,'2023-11-30 21:05:34','2023-11-30 21:05:34'),(622,1,'67','-','-','22455','45133',NULL,'FRIGOBAR','MABE','RMF04PRX0','ST23040629DPI0314',NULL,'Lactario','1',1,'2023-11-30 21:05:34','2023-11-30 21:05:34'),(623,1,'67','-','-','22456','45133',NULL,'FRIGOBAR','MABE','RMF04PRX0','ST23040629DPI0237',NULL,'Banco de la Nación','1',1,'2023-11-30 21:05:34','2023-11-30 21:05:34'),(624,1,'67','-','-','22457','45133',NULL,'REFRIGERADORA ELECTRICA DOMESTICA','LG','GT39SGP','304MRTT1C425',NULL,'Comedor','1',1,'2023-11-30 21:05:34','2023-11-30 21:05:34'),(625,1,'50','-','-','22459','45068',NULL,'TELEFONO SOBRE VOZ IP','GRANDSTREAM','GRP2604P','20EZ4GBP40DF21E2',NULL,'Orientación','1',1,'2023-11-30 21:05:34','2023-11-30 21:05:34'),(626,1,'50','-','-','22458','45068',NULL,'TELEFONO SOBRE VOZ IP','GRANDSTREAM','GRP2604P','20EZ4GBP40DF236F',NULL,'Coordinación ','1',1,'2023-11-30 21:05:34','2023-11-30 21:05:34'),(627,1,'50','-','-','22460','45068',NULL,'TELEFONO SOBRE VOZ IP','GRANDSTREAM','GRP2604P','20EZ4GBP40DF21F0',NULL,'Supervisión','1',1,'2023-11-30 21:05:34','2023-11-30 21:05:34'),(628,1,'50','-','-','22461','45068',NULL,'TELEFONO SOBRE VOZ IP','GRANDSTREAM','GRP2604P','20EZ4GBP40DF236C',NULL,'TIC','1',1,'2023-11-30 21:05:34','2023-11-30 21:05:34'),(629,1,'76','-','-','22465','45068',NULL,'SWITCH PARA RED DE 48 PUERTOS (Incluye 02 fuentes y 02 transceivers) ','ALCATEL','OMNISWITCH 6860 (OS6860-P48M)','JSZ233100169 ',NULL,'Migraciones','1',1,'2023-11-30 21:05:34','2023-11-30 21:05:34'),(630,1,'76','-','-','22463','45068',NULL,'SWITCH PARA RED DE 48 PUERTOS (Incluye 02 fuentes y 02 transceivers) ','ALCATEL','OMNISWITCH 6860 (OS6860-P48M)','JSZ233100175',NULL,'Data Center','1',1,'2023-11-30 21:05:34','2023-11-30 21:05:34'),(631,1,'76','-','-','22464','45068',NULL,'SWITCH PARA RED DE 48 PUERTOS (Incluye 02 fuentes y 02 transceivers) ','ALCATEL','OMNISWITCH 6860 (OS6860-P48M)',' JSZ233100149 ',NULL,'Data Center','1',1,'2023-11-30 21:05:34','2023-11-30 21:05:34'),(632,1,'76','-','-','22462','45068',NULL,'SWITCH PARA RED DE 48 PUERTOS (Incluye 02 fuentes y 02 transceivers) ','ALCATEL','OMNISWITCH 6860 (OS6860-P48M)','JSZ232801097',NULL,'Data Center','1',1,'2023-11-30 21:05:34','2023-11-30 21:05:34'),(633,1,NULL,'-','-','I02956',NULL,NULL,'TABLET','SAMSUNG','GALAXY TAB S6 LITE','R52R50ECDZR','NEGRO','Recepción','1',1,'2023-11-30 21:05:34','2023-11-30 21:05:34'),(634,1,NULL,'-','-','I02960',NULL,NULL,'TABLET','SAMSUNG','GALAXY TAB S6 LITE','R52R50ECJJW','NEGRO','Sala de monitoreo','1',1,'2023-11-30 21:05:34','2023-11-30 21:05:34'),(635,1,NULL,'-','-','I02958',NULL,NULL,'TABLET','SAMSUNG','GALAXY TAB S6 LITE','R52R50ECH4N','NEGRO','Sala de monitoreo','1',1,'2023-11-30 21:05:34','2023-11-30 21:05:34'),(636,1,NULL,'-','-','I15360',NULL,NULL,'COMPUTADORA PERSONAL PORTÁTIL','LENOVO','THINKPAD T490','PF-2BLM1M','NEGRO','Coordinador','1',1,'2023-11-30 21:05:34','2023-11-30 21:05:34');

UNLOCK TABLES;

/*Table structure for table `m_asig_personal` */

DROP TABLE IF EXISTS `m_asig_personal`;

CREATE TABLE `m_asig_personal` (
  `IDASIG_PERSONAL` int NOT NULL AUTO_INCREMENT,
  `IDPERSONAL` int DEFAULT NULL,
  `IDESTADO_ASIG` int DEFAULT NULL,
  `FECHA_ENTREGA` date DEFAULT NULL,
  `FECHA_DEVOLUCION` date DEFAULT NULL,
  `CREATED_AT` timestamp NULL DEFAULT NULL,
  `UPDATED_AT` timestamp NULL DEFAULT NULL,
  PRIMARY KEY (`IDASIG_PERSONAL`)
) ENGINE=InnoDB AUTO_INCREMENT=3 DEFAULT CHARSET=utf8mb4 COLLATE=utf8mb4_0900_ai_ci;

/*Data for the table `m_asig_personal` */

LOCK TABLES `m_asig_personal` WRITE;

insert  into `m_asig_personal`(`IDASIG_PERSONAL`,`IDPERSONAL`,`IDESTADO_ASIG`,`FECHA_ENTREGA`,`FECHA_DEVOLUCION`,`CREATED_AT`,`UPDATED_AT`) values (1,1,3,NULL,NULL,'2023-12-04 13:41:37','2023-12-04 14:47:24'),(2,2,1,NULL,NULL,'2023-12-04 21:39:35','2023-12-04 21:39:35');

UNLOCK TABLES;

/*Table structure for table `m_asignacion_bien` */

DROP TABLE IF EXISTS `m_asignacion_bien`;

CREATE TABLE `m_asignacion_bien` (
  `IDASIGNACION` int NOT NULL AUTO_INCREMENT,
  `IDASIG_PERSONAL` int DEFAULT NULL,
  `IDCENTRO_MAC` int DEFAULT NULL,
  `IDPERSONAL` int DEFAULT NULL,
  `IDALMACEN` int DEFAULT NULL,
  `ESTADO_BIEN` varchar(100) DEFAULT NULL,
  `OBSERVACION` varchar(200) DEFAULT NULL,
  `FECHA_ENTREGA` date DEFAULT NULL,
  `FLAG` tinyint DEFAULT '1',
  `CREATED_AT` timestamp NULL DEFAULT NULL,
  `UPDATED_AT` timestamp NULL DEFAULT NULL,
  PRIMARY KEY (`IDASIGNACION`)
) ENGINE=InnoDB AUTO_INCREMENT=4 DEFAULT CHARSET=utf8mb4 COLLATE=utf8mb4_0900_ai_ci;

/*Data for the table `m_asignacion_bien` */

LOCK TABLES `m_asignacion_bien` WRITE;

UNLOCK TABLES;

/*Table structure for table `m_asistencia` */

DROP TABLE IF EXISTS `m_asistencia`;

CREATE TABLE `m_asistencia` (
  `IDASISTENCIA` int NOT NULL AUTO_INCREMENT,
  `IDTIPO_ASISTENCIA` int DEFAULT NULL,
  `NUM_DOC` varchar(20) DEFAULT NULL,
  `IDCENTRO_MAC` int DEFAULT NULL,
  `MES` varchar(10) DEFAULT NULL,
  `AÑO` varchar(15) DEFAULT NULL,
  `FECHA` date DEFAULT NULL,
  `HORA` time DEFAULT NULL,
  `FECHA_BIOMETRICO` timestamp NULL DEFAULT NULL,
  `NUM_BIOMETRICO` varchar(10) DEFAULT NULL,
  `CORRELATIVO` varchar(10) DEFAULT NULL,
  `CORRELATIVO_DIA` varchar(10) DEFAULT NULL,
  PRIMARY KEY (`IDASISTENCIA`)
) ENGINE=InnoDB AUTO_INCREMENT=1941 DEFAULT CHARSET=utf8mb4 COLLATE=utf8mb4_0900_ai_ci;

/*Data for the table `m_asistencia` */

LOCK TABLES `m_asistencia` WRITE;

insert  into `m_asistencia`(`IDASISTENCIA`,`IDTIPO_ASISTENCIA`,`NUM_DOC`,`IDCENTRO_MAC`,`MES`,`AÑO`,`FECHA`,`HORA`,`FECHA_BIOMETRICO`,`NUM_BIOMETRICO`,`CORRELATIVO`,`CORRELATIVO_DIA`) values (114,1,'23867324',1,'10','2023','2023-10-28','13:50:56','2023-10-28 13:50:56',NULL,'1','1'),(115,1,'40045605',1,'10','2023','2023-10-28','08:35:40','2023-10-28 08:35:40',NULL,'1','2'),(116,1,'40045605',1,'10','2023','2023-10-28','13:35:32','2023-10-28 13:35:32',NULL,'2','3'),(117,1,'42354085',1,'10','2023','2023-10-28','08:55:02','2023-10-28 08:55:02',NULL,'1','4'),(118,1,'43595171',1,'10','2023','2023-10-28','08:51:57','2023-10-28 08:51:57',NULL,'1','5'),(119,1,'43595171',1,'10','2023','2023-10-28','14:00:05','2023-10-28 14:00:05',NULL,'2','6'),(120,1,'44171667',1,'10','2023','2023-10-28','08:50:54','2023-10-28 08:50:54',NULL,'1','7'),(121,1,'44171667',1,'10','2023','2023-10-28','13:30:17','2023-10-28 13:30:17',NULL,'2','8'),(122,1,'45395780',1,'10','2023','2023-10-28','08:15:32','2023-10-28 08:15:32',NULL,'1','9'),(123,1,'45395780',1,'10','2023','2023-10-28','13:37:50','2023-10-28 13:37:50',NULL,'2','10'),(124,1,'45520464',1,'10','2023','2023-10-28','08:44:42','2023-10-28 08:44:42',NULL,'1','11'),(125,1,'45520464',1,'10','2023','2023-10-28','13:36:08','2023-10-28 13:36:08',NULL,'2','12'),(126,1,'46019732',1,'10','2023','2023-10-28','08:58:41','2023-10-28 08:58:41',NULL,'1','13'),(127,1,'46019732',1,'10','2023','2023-10-28','13:38:18','2023-10-28 13:38:18',NULL,'2','14'),(128,1,'46521973',1,'10','2023','2023-10-28','08:13:15','2023-10-28 08:13:15',NULL,'1','15'),(129,1,'46521973',1,'10','2023','2023-10-28','13:41:57','2023-10-28 13:41:57',NULL,'2','16'),(130,1,'46955536',1,'10','2023','2023-10-28','08:53:22','2023-10-28 08:53:22',NULL,'1','17'),(131,1,'46955536',1,'10','2023','2023-10-28','13:46:22','2023-10-28 13:46:22',NULL,'2','18'),(132,1,'47099292',1,'10','2023','2023-10-28','08:26:16','2023-10-28 08:26:16',NULL,'1','19'),(133,1,'47099292',1,'10','2023','2023-10-28','13:37:45','2023-10-28 13:37:45',NULL,'2','20'),(134,1,'73092839',1,'10','2023','2023-10-28','09:00:09','2023-10-28 09:00:09',NULL,'1','21'),(135,1,'73092839',1,'10','2023','2023-10-28','13:30:04','2023-10-28 13:30:04',NULL,'2','22'),(136,1,'77275303',1,'10','2023','2023-10-28','08:52:17','2023-10-28 08:52:17',NULL,'1','23'),(137,1,'77275303',1,'10','2023','2023-10-28','13:30:10','2023-10-28 13:30:10',NULL,'2','24'),(138,1,'23846077',1,'10','2023','2023-10-27','08:14:26','2023-10-27 08:14:26',NULL,'1','1'),(139,1,'23846077',1,'10','2023','2023-10-27','14:08:53','2023-10-27 14:08:53',NULL,'2','2'),(140,1,'23846077',1,'10','2023','2023-10-27','17:30:06','2023-10-27 17:30:06',NULL,'3','3'),(141,1,'23856998',1,'10','2023','2023-10-27','07:51:09','2023-10-27 07:51:09',NULL,'1','4'),(142,1,'23856998',1,'10','2023','2023-10-27','13:29:22','2023-10-27 13:29:22',NULL,'2','5'),(143,1,'23856998',1,'10','2023','2023-10-27','14:31:05','2023-10-27 14:31:05',NULL,'3','6'),(144,1,'23856998',1,'10','2023','2023-10-27','17:10:33','2023-10-27 17:10:33',NULL,'4','7'),(145,1,'23867324',1,'10','2023','2023-10-27','08:22:08','2023-10-27 08:22:08',NULL,'1','8'),(146,1,'23867324',1,'10','2023','2023-10-27','18:45:37','2023-10-27 18:45:37',NULL,'2','9'),(147,1,'23966459',1,'10','2023','2023-10-27','07:48:52','2023-10-27 07:48:52',NULL,'1','10'),(148,1,'23966459',1,'10','2023','2023-10-27','12:59:06','2023-10-27 12:59:06',NULL,'2','11'),(149,1,'24003844',1,'10','2023','2023-10-27','08:04:51','2023-10-27 08:04:51',NULL,'1','12'),(150,1,'24003844',1,'10','2023','2023-10-27','13:00:06','2023-10-27 13:00:06',NULL,'2','13'),(151,1,'24003844',1,'10','2023','2023-10-27','13:55:02','2023-10-27 13:55:02',NULL,'3','14'),(152,1,'24003844',1,'10','2023','2023-10-27','17:37:41','2023-10-27 17:37:41',NULL,'4','15'),(153,1,'40045605',1,'10','2023','2023-10-27','16:49:12','2023-10-27 16:49:12',NULL,'1','16'),(154,1,'40595391',1,'10','2023','2023-10-27','09:14:24','2023-10-27 09:14:24',NULL,'1','17'),(155,1,'40595391',1,'10','2023','2023-10-27','13:12:21','2023-10-27 13:12:21',NULL,'2','18'),(156,1,'40595391',1,'10','2023','2023-10-27','14:10:51','2023-10-27 14:10:51',NULL,'3','19'),(157,1,'40595391',1,'10','2023','2023-10-27','18:33:04','2023-10-27 18:33:04',NULL,'4','20'),(158,1,'42309793',1,'10','2023','2023-10-27','07:59:43','2023-10-27 07:59:43',NULL,'1','21'),(159,1,'42309793',1,'10','2023','2023-10-27','13:41:53','2023-10-27 13:41:53',NULL,'2','22'),(160,1,'42354085',1,'10','2023','2023-10-27','08:15:25','2023-10-27 08:15:25',NULL,'1','23'),(161,1,'42354085',1,'10','2023','2023-10-27','13:02:32','2023-10-27 13:02:32',NULL,'2','24'),(162,1,'42354085',1,'10','2023','2023-10-27','14:03:55','2023-10-27 14:03:55',NULL,'3','25'),(163,1,'42354085',1,'10','2023','2023-10-27','19:01:26','2023-10-27 19:01:26',NULL,'4','26'),(164,1,'42380889',1,'10','2023','2023-10-27','07:52:47','2023-10-27 07:52:47',NULL,'1','27'),(165,1,'42380889',1,'10','2023','2023-10-27','13:00:21','2023-10-27 13:00:21',NULL,'2','28'),(166,1,'43595171',1,'10','2023','2023-10-27','12:53:51','2023-10-27 12:53:51',NULL,'1','29'),(167,1,'43595171',1,'10','2023','2023-10-27','19:00:02','2023-10-27 19:00:02',NULL,'2','30'),(168,1,'43822402',1,'10','2023','2023-10-27','13:20:54','2023-10-27 13:20:54',NULL,'1','31'),(169,1,'43822402',1,'10','2023','2023-10-27','17:12:23','2023-10-27 17:12:23',NULL,'2','32'),(170,1,'44171667',1,'10','2023','2023-10-27','08:29:51','2023-10-27 08:29:51',NULL,'1','33'),(171,1,'44171667',1,'10','2023','2023-10-27','16:30:05','2023-10-27 16:30:05',NULL,'2','34'),(172,1,'44668144',1,'10','2023','2023-10-27','07:43:37','2023-10-27 07:43:37',NULL,'1','35'),(173,1,'44668144',1,'10','2023','2023-10-27','12:01:56','2023-10-27 12:01:56',NULL,'2','36'),(174,1,'44668144',1,'10','2023','2023-10-27','12:57:08','2023-10-27 12:57:08',NULL,'3','37'),(175,1,'44668144',1,'10','2023','2023-10-27','17:05:44','2023-10-27 17:05:44',NULL,'4','38'),(176,1,'45395780',1,'10','2023','2023-10-27','07:46:32','2023-10-27 07:46:32',NULL,'1','39'),(177,1,'45395780',1,'10','2023','2023-10-27','12:04:58','2023-10-27 12:04:58',NULL,'2','40'),(178,1,'45395780',1,'10','2023','2023-10-27','12:58:30','2023-10-27 12:58:30',NULL,'3','41'),(179,1,'45395780',1,'10','2023','2023-10-27','17:05:32','2023-10-27 17:05:32',NULL,'4','42'),(180,1,'45520464',1,'10','2023','2023-10-27','08:09:17','2023-10-27 08:09:17',NULL,'1','43'),(181,1,'45520464',1,'10','2023','2023-10-27','12:35:31','2023-10-27 12:35:31',NULL,'2','44'),(182,1,'45520464',1,'10','2023','2023-10-27','13:21:34','2023-10-27 13:21:34',NULL,'3','45'),(183,1,'45520464',1,'10','2023','2023-10-27','18:33:39','2023-10-27 18:33:39',NULL,'4','46'),(184,1,'46019732',1,'10','2023','2023-10-27','08:27:22','2023-10-27 08:27:22',NULL,'1','47'),(185,1,'46019732',1,'10','2023','2023-10-27','13:51:16','2023-10-27 13:51:16',NULL,'2','48'),(186,1,'46521973',1,'10','2023','2023-10-27','13:02:47','2023-10-27 13:02:47',NULL,'1','49'),(187,1,'46521973',1,'10','2023','2023-10-27','18:51:17','2023-10-27 18:51:17',NULL,'2','50'),(188,1,'46955536',1,'10','2023','2023-10-27','08:36:30','2023-10-27 08:36:30',NULL,'1','51'),(189,1,'46955536',1,'10','2023','2023-10-27','17:56:24','2023-10-27 17:56:24',NULL,'2','52'),(190,1,'47099292',1,'10','2023','2023-10-27','07:58:20','2023-10-27 07:58:20',NULL,'1','53'),(191,1,'47099292',1,'10','2023','2023-10-27','12:28:57','2023-10-27 12:28:57',NULL,'2','54'),(192,1,'47099292',1,'10','2023','2023-10-27','13:26:18','2023-10-27 13:26:18',NULL,'3','55'),(193,1,'70392696',1,'10','2023','2023-10-27','09:40:47','2023-10-27 09:40:47',NULL,'1','56'),(194,1,'70392696',1,'10','2023','2023-10-27','13:30:31','2023-10-27 13:30:31',NULL,'2','57'),(195,1,'70392696',1,'10','2023','2023-10-27','14:28:37','2023-10-27 14:28:37',NULL,'3','58'),(196,1,'70392696',1,'10','2023','2023-10-27','18:30:27','2023-10-27 18:30:27',NULL,'4','59'),(197,1,'70599092',1,'10','2023','2023-10-27','07:53:34','2023-10-27 07:53:34',NULL,'1','60'),(198,1,'70599092',1,'10','2023','2023-10-27','18:41:06','2023-10-27 18:41:06',NULL,'2','61'),(199,1,'71722191',1,'10','2023','2023-10-27','13:18:19','2023-10-27 13:18:19',NULL,'1','62'),(200,1,'71722191',1,'10','2023','2023-10-27','18:32:56','2023-10-27 18:32:56',NULL,'2','63'),(201,1,'73092839',1,'10','2023','2023-10-27','08:10:32','2023-10-27 08:10:32',NULL,'1','64'),(202,1,'73092839',1,'10','2023','2023-10-27','09:44:21','2023-10-27 09:44:21',NULL,'2','65'),(203,1,'77275303',1,'10','2023','2023-10-27','08:25:58','2023-10-27 08:25:58',NULL,'1','66'),(204,1,'77275303',1,'10','2023','2023-10-27','12:30:08','2023-10-27 12:30:08',NULL,'2','67'),(205,1,'77275303',1,'10','2023','2023-10-27','13:27:22','2023-10-27 13:27:22',NULL,'3','68'),(206,1,'77275303',1,'10','2023','2023-10-27','18:30:38','2023-10-27 18:30:38',NULL,'4','69'),(207,1,'23856998',1,'10','2023','2023-10-26','08:12:18','2023-10-26 08:12:18',NULL,'1','1'),(208,1,'23856998',1,'10','2023','2023-10-26','13:34:31','2023-10-26 13:34:31',NULL,'2','2'),(209,1,'23856998',1,'10','2023','2023-10-26','18:04:51','2023-10-26 18:04:51',NULL,'3','3'),(210,1,'23867324',1,'10','2023','2023-10-26','08:13:26','2023-10-26 08:13:26',NULL,'1','4'),(211,1,'23867324',1,'10','2023','2023-10-26','19:07:44','2023-10-26 19:07:44',NULL,'2','5'),(212,1,'23922674',1,'10','2023','2023-10-26','07:59:48','2023-10-26 07:59:48',NULL,'1','6'),(213,1,'23922674',1,'10','2023','2023-10-26','13:16:32','2023-10-26 13:16:32',NULL,'2','7'),(214,1,'23922674',1,'10','2023','2023-10-26','13:53:37','2023-10-26 13:53:37',NULL,'3','8'),(215,1,'23922674',1,'10','2023','2023-10-26','17:41:59','2023-10-26 17:41:59',NULL,'4','9'),(216,1,'23966459',1,'10','2023','2023-10-26','07:43:32','2023-10-26 07:43:32',NULL,'1','10'),(217,1,'23966459',1,'10','2023','2023-10-26','12:14:14','2023-10-26 12:14:14',NULL,'2','11'),(218,1,'23966459',1,'10','2023','2023-10-26','12:55:50','2023-10-26 12:55:50',NULL,'3','12'),(219,1,'23966459',1,'10','2023','2023-10-26','17:04:49','2023-10-26 17:04:49',NULL,'4','13'),(220,1,'24003844',1,'10','2023','2023-10-26','08:12:48','2023-10-26 08:12:48',NULL,'1','14'),(221,1,'24003844',1,'10','2023','2023-10-26','13:02:00','2023-10-26 13:02:00',NULL,'2','15'),(222,1,'24003844',1,'10','2023','2023-10-26','13:57:59','2023-10-26 13:57:59',NULL,'3','16'),(223,1,'24003844',1,'10','2023','2023-10-26','17:32:27','2023-10-26 17:32:27',NULL,'4','17'),(224,1,'40595391',1,'10','2023','2023-10-26','13:20:46','2023-10-26 13:20:46',NULL,'1','18'),(225,1,'40595391',1,'10','2023','2023-10-26','14:24:05','2023-10-26 14:24:05',NULL,'2','19'),(226,1,'40595391',1,'10','2023','2023-10-26','18:32:26','2023-10-26 18:32:26',NULL,'3','20'),(227,1,'42309793',1,'10','2023','2023-10-26','08:33:37','2023-10-26 08:33:37',NULL,'1','21'),(228,1,'42309793',1,'10','2023','2023-10-26','13:38:11','2023-10-26 13:38:11',NULL,'2','22'),(229,1,'42354085',1,'10','2023','2023-10-26','08:13:49','2023-10-26 08:13:49',NULL,'1','23'),(230,1,'42354085',1,'10','2023','2023-10-26','13:04:30','2023-10-26 13:04:30',NULL,'2','24'),(231,1,'42354085',1,'10','2023','2023-10-26','14:07:48','2023-10-26 14:07:48',NULL,'3','25'),(232,1,'42354085',1,'10','2023','2023-10-26','19:05:51','2023-10-26 19:05:51',NULL,'4','26'),(233,1,'42380889',1,'10','2023','2023-10-26','07:51:34','2023-10-26 07:51:34',NULL,'1','27'),(234,1,'42380889',1,'10','2023','2023-10-26','13:00:08','2023-10-26 13:00:08',NULL,'2','28'),(235,1,'43595171',1,'10','2023','2023-10-26','12:46:17','2023-10-26 12:46:17',NULL,'1','29'),(236,1,'43595171',1,'10','2023','2023-10-26','19:00:04','2023-10-26 19:00:04',NULL,'2','30'),(237,1,'43822402',1,'10','2023','2023-10-26','08:03:13','2023-10-26 08:03:13',NULL,'1','31'),(238,1,'43822402',1,'10','2023','2023-10-26','13:50:28','2023-10-26 13:50:28',NULL,'2','32'),(239,1,'43822402',1,'10','2023','2023-10-26','14:48:50','2023-10-26 14:48:50',NULL,'3','33'),(240,1,'43822402',1,'10','2023','2023-10-26','17:10:08','2023-10-26 17:10:08',NULL,'4','34'),(241,1,'44171667',1,'10','2023','2023-10-26','08:23:33','2023-10-26 08:23:33',NULL,'1','35'),(242,1,'44171667',1,'10','2023','2023-10-26','18:30:15','2023-10-26 18:30:15',NULL,'2','36'),(243,1,'44668144',1,'10','2023','2023-10-26','07:39:06','2023-10-26 07:39:06',NULL,'1','37'),(244,1,'44668144',1,'10','2023','2023-10-26','10:00:16','2023-10-26 10:00:16',NULL,'2','38'),(245,1,'44668144',1,'10','2023','2023-10-26','13:54:34','2023-10-26 13:54:34',NULL,'3','39'),(246,1,'44668144',1,'10','2023','2023-10-26','17:12:59','2023-10-26 17:12:59',NULL,'4','40'),(247,1,'45395780',1,'10','2023','2023-10-26','07:46:51','2023-10-26 07:46:51',NULL,'1','41'),(248,1,'45395780',1,'10','2023','2023-10-26','12:08:03','2023-10-26 12:08:03',NULL,'2','42'),(249,1,'45395780',1,'10','2023','2023-10-26','12:55:46','2023-10-26 12:55:46',NULL,'3','43'),(250,1,'45395780',1,'10','2023','2023-10-26','17:13:05','2023-10-26 17:13:05',NULL,'4','44'),(251,1,'45520464',1,'10','2023','2023-10-26','08:44:06','2023-10-26 08:44:06',NULL,'1','45'),(252,1,'45520464',1,'10','2023','2023-10-26','12:30:38','2023-10-26 12:30:38',NULL,'2','46'),(253,1,'45520464',1,'10','2023','2023-10-26','13:11:25','2023-10-26 13:11:25',NULL,'3','47'),(254,1,'45520464',1,'10','2023','2023-10-26','18:31:29','2023-10-26 18:31:29',NULL,'4','48'),(255,1,'46019732',1,'10','2023','2023-10-26','08:26:06','2023-10-26 08:26:06',NULL,'1','49'),(256,1,'46019732',1,'10','2023','2023-10-26','13:32:28','2023-10-26 13:32:28',NULL,'2','50'),(257,1,'46521973',1,'10','2023','2023-10-26','12:54:13','2023-10-26 12:54:13',NULL,'1','51'),(258,1,'46521973',1,'10','2023','2023-10-26','18:45:58','2023-10-26 18:45:58',NULL,'2','52'),(259,1,'46955536',1,'10','2023','2023-10-26','09:37:00','2023-10-26 09:37:00',NULL,'1','53'),(260,1,'46955536',1,'10','2023','2023-10-26','13:38:49','2023-10-26 13:38:49',NULL,'2','54'),(261,1,'46955536',1,'10','2023','2023-10-26','14:28:01','2023-10-26 14:28:01',NULL,'3','55'),(262,1,'46955536',1,'10','2023','2023-10-26','17:57:57','2023-10-26 17:57:57',NULL,'4','56'),(263,1,'47099292',1,'10','2023','2023-10-26','08:00:29','2023-10-26 08:00:29',NULL,'1','57'),(264,1,'47099292',1,'10','2023','2023-10-26','12:14:44','2023-10-26 12:14:44',NULL,'2','58'),(265,1,'47099292',1,'10','2023','2023-10-26','13:09:52','2023-10-26 13:09:52',NULL,'3','59'),(266,1,'47099292',1,'10','2023','2023-10-26','17:38:57','2023-10-26 17:38:57',NULL,'4','60'),(267,1,'70392696',1,'10','2023','2023-10-26','12:59:34','2023-10-26 12:59:34',NULL,'1','61'),(268,1,'70392696',1,'10','2023','2023-10-26','18:30:26','2023-10-26 18:30:26',NULL,'2','62'),(269,1,'70599092',1,'10','2023','2023-10-26','08:19:24','2023-10-26 08:19:24',NULL,'1','63'),(270,1,'70599092',1,'10','2023','2023-10-26','13:02:05','2023-10-26 13:02:05',NULL,'2','64'),(271,1,'70599092',1,'10','2023','2023-10-26','13:55:43','2023-10-26 13:55:43',NULL,'3','65'),(272,1,'70599092',1,'10','2023','2023-10-26','18:32:42','2023-10-26 18:32:42',NULL,'4','66'),(273,1,'71722191',1,'10','2023','2023-10-26','13:14:52','2023-10-26 13:14:52',NULL,'1','67'),(274,1,'71722191',1,'10','2023','2023-10-26','18:31:43','2023-10-26 18:31:43',NULL,'2','68'),(275,1,'73092839',1,'10','2023','2023-10-26','08:02:44','2023-10-26 08:02:44',NULL,'1','69'),(276,1,'73092839',1,'10','2023','2023-10-26','13:05:21','2023-10-26 13:05:21',NULL,'2','70'),(277,1,'77275303',1,'10','2023','2023-10-26','08:25:41','2023-10-26 08:25:41',NULL,'1','71'),(278,1,'77275303',1,'10','2023','2023-10-26','12:30:05','2023-10-26 12:30:05',NULL,'2','72'),(279,1,'77275303',1,'10','2023','2023-10-26','13:23:00','2023-10-26 13:23:00',NULL,'3','73'),(280,1,'77275303',1,'10','2023','2023-10-26','18:30:08','2023-10-26 18:30:08',NULL,'4','74'),(281,1,'23846077',1,'10','2023','2023-10-25','08:16:37','2023-10-25 08:16:37',NULL,'1','1'),(282,1,'23846077',1,'10','2023','2023-10-25','14:04:49','2023-10-25 14:04:49',NULL,'2','2'),(283,1,'23846077',1,'10','2023','2023-10-25','17:33:02','2023-10-25 17:33:02',NULL,'3','3'),(284,1,'23856998',1,'10','2023','2023-10-25','08:09:50','2023-10-25 08:09:50',NULL,'1','4'),(285,1,'23856998',1,'10','2023','2023-10-25','13:35:47','2023-10-25 13:35:47',NULL,'2','5'),(286,1,'23856998',1,'10','2023','2023-10-25','14:33:14','2023-10-25 14:33:14',NULL,'3','6'),(287,1,'23856998',1,'10','2023','2023-10-25','18:25:16','2023-10-25 18:25:16',NULL,'4','7'),(288,1,'23867324',1,'10','2023','2023-10-25','08:35:35','2023-10-25 08:35:35',NULL,'1','8'),(289,1,'23867324',1,'10','2023','2023-10-25','18:47:21','2023-10-25 18:47:21',NULL,'2','9'),(290,1,'23922674',1,'10','2023','2023-10-25','15:25:22','2023-10-25 15:25:22',NULL,'1','10'),(291,1,'23966459',1,'10','2023','2023-10-25','07:34:05','2023-10-25 07:34:05',NULL,'1','11'),(292,1,'23966459',1,'10','2023','2023-10-25','13:04:53','2023-10-25 13:04:53',NULL,'2','12'),(293,1,'23966459',1,'10','2023','2023-10-25','13:53:23','2023-10-25 13:53:23',NULL,'3','13'),(294,1,'23966459',1,'10','2023','2023-10-25','17:13:41','2023-10-25 17:13:41',NULL,'4','14'),(295,1,'24003844',1,'10','2023','2023-10-25','08:10:55','2023-10-25 08:10:55',NULL,'1','15'),(296,1,'24003844',1,'10','2023','2023-10-25','13:04:31','2023-10-25 13:04:31',NULL,'2','16'),(297,1,'24003844',1,'10','2023','2023-10-25','13:56:45','2023-10-25 13:56:45',NULL,'3','17'),(298,1,'24003844',1,'10','2023','2023-10-25','17:36:53','2023-10-25 17:36:53',NULL,'4','18'),(299,1,'40595391',1,'10','2023','2023-10-25','09:15:56','2023-10-25 09:15:56',NULL,'1','19'),(300,1,'40595391',1,'10','2023','2023-10-25','12:29:43','2023-10-25 12:29:43',NULL,'2','20'),(301,1,'40595391',1,'10','2023','2023-10-25','18:39:19','2023-10-25 18:39:19',NULL,'3','21'),(302,1,'42309793',1,'10','2023','2023-10-25','08:28:54','2023-10-25 08:28:54',NULL,'1','22'),(303,1,'42309793',1,'10','2023','2023-10-25','13:57:59','2023-10-25 13:57:59',NULL,'2','23'),(304,1,'42354085',1,'10','2023','2023-10-25','08:11:43','2023-10-25 08:11:43',NULL,'1','24'),(305,1,'42354085',1,'10','2023','2023-10-25','14:06:21','2023-10-25 14:06:21',NULL,'2','25'),(306,1,'42354085',1,'10','2023','2023-10-25','19:06:59','2023-10-25 19:06:59',NULL,'3','26'),(307,1,'42380889',1,'10','2023','2023-10-25','07:51:21','2023-10-25 07:51:21',NULL,'1','27'),(308,1,'42380889',1,'10','2023','2023-10-25','13:01:53','2023-10-25 13:01:53',NULL,'2','28'),(309,1,'43595171',1,'10','2023','2023-10-25','12:57:38','2023-10-25 12:57:38',NULL,'1','29'),(310,1,'43595171',1,'10','2023','2023-10-25','19:00:04','2023-10-25 19:00:04',NULL,'2','30'),(311,1,'43822402',1,'10','2023','2023-10-25','07:59:48','2023-10-25 07:59:48',NULL,'1','31'),(312,1,'43822402',1,'10','2023','2023-10-25','12:02:20','2023-10-25 12:02:20',NULL,'2','32'),(313,1,'43822402',1,'10','2023','2023-10-25','12:58:36','2023-10-25 12:58:36',NULL,'3','33'),(314,1,'43822402',1,'10','2023','2023-10-25','17:14:40','2023-10-25 17:14:40',NULL,'4','34'),(315,1,'44171667',1,'10','2023','2023-10-25','08:34:28','2023-10-25 08:34:28',NULL,'1','35'),(316,1,'44171667',1,'10','2023','2023-10-25','18:30:22','2023-10-25 18:30:22',NULL,'2','36'),(317,1,'44668144',1,'10','2023','2023-10-25','07:43:35','2023-10-25 07:43:35',NULL,'1','37'),(318,1,'44668144',1,'10','2023','2023-10-25','12:17:06','2023-10-25 12:17:06',NULL,'2','38'),(319,1,'44668144',1,'10','2023','2023-10-25','13:11:45','2023-10-25 13:11:45',NULL,'3','39'),(320,1,'44668144',1,'10','2023','2023-10-25','17:23:33','2023-10-25 17:23:33',NULL,'4','40'),(321,1,'45395780',1,'10','2023','2023-10-25','07:53:14','2023-10-25 07:53:14',NULL,'1','41'),(322,1,'45395780',1,'10','2023','2023-10-25','13:10:13','2023-10-25 13:10:13',NULL,'2','42'),(323,1,'45395780',1,'10','2023','2023-10-25','14:09:40','2023-10-25 14:09:40',NULL,'3','43'),(324,1,'45395780',1,'10','2023','2023-10-25','17:13:51','2023-10-25 17:13:51',NULL,'4','44'),(325,1,'45520464',1,'10','2023','2023-10-25','08:11:09','2023-10-25 08:11:09',NULL,'1','45'),(326,1,'45520464',1,'10','2023','2023-10-25','12:31:05','2023-10-25 12:31:05',NULL,'2','46'),(327,1,'45520464',1,'10','2023','2023-10-25','13:22:55','2023-10-25 13:22:55',NULL,'3','47'),(328,1,'45520464',1,'10','2023','2023-10-25','18:31:10','2023-10-25 18:31:10',NULL,'4','48'),(329,1,'46019732',1,'10','2023','2023-10-25','08:30:42','2023-10-25 08:30:42',NULL,'1','49'),(330,1,'46019732',1,'10','2023','2023-10-25','13:35:55','2023-10-25 13:35:55',NULL,'2','50'),(331,1,'46521973',1,'10','2023','2023-10-25','12:48:51','2023-10-25 12:48:51',NULL,'1','51'),(332,1,'46521973',1,'10','2023','2023-10-25','18:44:05','2023-10-25 18:44:05',NULL,'2','52'),(333,1,'47099292',1,'10','2023','2023-10-25','07:56:35','2023-10-25 07:56:35',NULL,'1','53'),(334,1,'47099292',1,'10','2023','2023-10-25','13:10:21','2023-10-25 13:10:21',NULL,'2','54'),(335,1,'47099292',1,'10','2023','2023-10-25','14:09:45','2023-10-25 14:09:45',NULL,'3','55'),(336,1,'47099292',1,'10','2023','2023-10-25','17:14:30','2023-10-25 17:14:30',NULL,'4','56'),(337,1,'70392696',1,'10','2023','2023-10-25','12:56:03','2023-10-25 12:56:03',NULL,'1','57'),(338,1,'70392696',1,'10','2023','2023-10-25','18:30:39','2023-10-25 18:30:39',NULL,'2','58'),(339,1,'70599092',1,'10','2023','2023-10-25','08:01:29','2023-10-25 08:01:29',NULL,'1','59'),(340,1,'70599092',1,'10','2023','2023-10-25','13:01:58','2023-10-25 13:01:58',NULL,'2','60'),(341,1,'70599092',1,'10','2023','2023-10-25','13:57:36','2023-10-25 13:57:36',NULL,'3','61'),(342,1,'70599092',1,'10','2023','2023-10-25','18:42:19','2023-10-25 18:42:19',NULL,'4','62'),(343,1,'71722191',1,'10','2023','2023-10-25','13:16:40','2023-10-25 13:16:40',NULL,'1','63'),(344,1,'71722191',1,'10','2023','2023-10-25','18:31:19','2023-10-25 18:31:19',NULL,'2','64'),(345,1,'73092839',1,'10','2023','2023-10-25','08:08:18','2023-10-25 08:08:18',NULL,'1','65'),(346,1,'73092839',1,'10','2023','2023-10-25','13:05:58','2023-10-25 13:05:58',NULL,'2','66'),(347,1,'76480943',1,'10','2023','2023-10-25','08:22:23','2023-10-25 08:22:23',NULL,'1','67'),(348,1,'76480943',1,'10','2023','2023-10-25','13:30:08','2023-10-25 13:30:08',NULL,'2','68'),(349,1,'76480943',1,'10','2023','2023-10-25','14:19:01','2023-10-25 14:19:01',NULL,'3','69'),(350,1,'76480943',1,'10','2023','2023-10-25','17:32:18','2023-10-25 17:32:18',NULL,'4','70'),(351,1,'77275303',1,'10','2023','2023-10-25','08:20:03','2023-10-25 08:20:03',NULL,'1','71'),(352,1,'77275303',1,'10','2023','2023-10-25','12:30:35','2023-10-25 12:30:35',NULL,'2','72'),(353,1,'77275303',1,'10','2023','2023-10-25','13:23:04','2023-10-25 13:23:04',NULL,'3','73'),(354,1,'77275303',1,'10','2023','2023-10-25','18:31:32','2023-10-25 18:31:32',NULL,'4','74'),(355,1,'23846077',1,'10','2023','2023-10-24','08:05:08','2023-10-24 08:05:08',NULL,'1','1'),(356,1,'23846077',1,'10','2023','2023-10-24','14:02:38','2023-10-24 14:02:38',NULL,'2','2'),(357,1,'23846077',1,'10','2023','2023-10-24','17:31:11','2023-10-24 17:31:11',NULL,'3','3'),(358,1,'23856998',1,'10','2023','2023-10-24','08:06:23','2023-10-24 08:06:23',NULL,'1','4'),(359,1,'23856998',1,'10','2023','2023-10-24','13:30:42','2023-10-24 13:30:42',NULL,'2','5'),(360,1,'23856998',1,'10','2023','2023-10-24','14:30:49','2023-10-24 14:30:49',NULL,'3','6'),(361,1,'23856998',1,'10','2023','2023-10-24','18:33:53','2023-10-24 18:33:53',NULL,'4','7'),(362,1,'23966459',1,'10','2023','2023-10-24','07:43:40','2023-10-24 07:43:40',NULL,'1','8'),(363,1,'23966459',1,'10','2023','2023-10-24','12:24:09','2023-10-24 12:24:09',NULL,'2','9'),(364,1,'23966459',1,'10','2023','2023-10-24','17:01:37','2023-10-24 17:01:37',NULL,'3','10'),(365,1,'24003844',1,'10','2023','2023-10-24','08:10:16','2023-10-24 08:10:16',NULL,'1','11'),(366,1,'24003844',1,'10','2023','2023-10-24','13:00:15','2023-10-24 13:00:15',NULL,'2','12'),(367,1,'24003844',1,'10','2023','2023-10-24','13:54:01','2023-10-24 13:54:01',NULL,'3','13'),(368,1,'24003844',1,'10','2023','2023-10-24','17:31:36','2023-10-24 17:31:36',NULL,'4','14'),(369,1,'25000306',1,'10','2023','2023-10-24','08:17:24','2023-10-24 08:17:24',NULL,'1','15'),(370,1,'25000306',1,'10','2023','2023-10-24','13:00:08','2023-10-24 13:00:08',NULL,'2','16'),(371,1,'25000306',1,'10','2023','2023-10-24','14:01:13','2023-10-24 14:01:13',NULL,'3','17'),(372,1,'25000306',1,'10','2023','2023-10-24','19:08:07','2023-10-24 19:08:07',NULL,'4','18'),(373,1,'40595391',1,'10','2023','2023-10-24','13:11:47','2023-10-24 13:11:47',NULL,'1','19'),(374,1,'40595391',1,'10','2023','2023-10-24','14:18:33','2023-10-24 14:18:33',NULL,'2','20'),(375,1,'40595391',1,'10','2023','2023-10-24','18:36:26','2023-10-24 18:36:26',NULL,'3','21'),(376,1,'42309793',1,'10','2023','2023-10-24','08:22:21','2023-10-24 08:22:21',NULL,'1','22'),(377,1,'42309793',1,'10','2023','2023-10-24','13:59:09','2023-10-24 13:59:09',NULL,'2','23'),(378,1,'42380889',1,'10','2023','2023-10-24','07:50:17','2023-10-24 07:50:17',NULL,'1','24'),(379,1,'42380889',1,'10','2023','2023-10-24','13:01:08','2023-10-24 13:01:08',NULL,'2','25'),(380,1,'43595171',1,'10','2023','2023-10-24','12:55:37','2023-10-24 12:55:37',NULL,'1','26'),(381,1,'43595171',1,'10','2023','2023-10-24','19:00:09','2023-10-24 19:00:09',NULL,'2','27'),(382,1,'43822402',1,'10','2023','2023-10-24','07:57:34','2023-10-24 07:57:34',NULL,'1','28'),(383,1,'43822402',1,'10','2023','2023-10-24','13:04:05','2023-10-24 13:04:05',NULL,'2','29'),(384,1,'43822402',1,'10','2023','2023-10-24','14:03:29','2023-10-24 14:03:29',NULL,'3','30'),(385,1,'43822402',1,'10','2023','2023-10-24','17:03:32','2023-10-24 17:03:32',NULL,'4','31'),(386,1,'44171667',1,'10','2023','2023-10-24','08:39:27','2023-10-24 08:39:27',NULL,'1','32'),(387,1,'44171667',1,'10','2023','2023-10-24','18:30:04','2023-10-24 18:30:04',NULL,'2','33'),(388,1,'44668144',1,'10','2023','2023-10-24','07:49:18','2023-10-24 07:49:18',NULL,'1','34'),(389,1,'44668144',1,'10','2023','2023-10-24','12:03:26','2023-10-24 12:03:26',NULL,'2','35'),(390,1,'44668144',1,'10','2023','2023-10-24','12:49:47','2023-10-24 12:49:47',NULL,'3','36'),(391,1,'44668144',1,'10','2023','2023-10-24','17:08:06','2023-10-24 17:08:06',NULL,'4','37'),(392,1,'45395780',1,'10','2023','2023-10-24','07:48:58','2023-10-24 07:48:58',NULL,'1','38'),(393,1,'45395780',1,'10','2023','2023-10-24','12:00:20','2023-10-24 12:00:20',NULL,'2','39'),(394,1,'45395780',1,'10','2023','2023-10-24','12:39:00','2023-10-24 12:39:00',NULL,'3','40'),(395,1,'45395780',1,'10','2023','2023-10-24','17:01:31','2023-10-24 17:01:31',NULL,'4','41'),(396,1,'45520464',1,'10','2023','2023-10-24','07:54:22','2023-10-24 07:54:22',NULL,'1','42'),(397,1,'45520464',1,'10','2023','2023-10-24','12:31:34','2023-10-24 12:31:34',NULL,'2','43'),(398,1,'45520464',1,'10','2023','2023-10-24','13:26:54','2023-10-24 13:26:54',NULL,'3','44'),(399,1,'45520464',1,'10','2023','2023-10-24','18:30:38','2023-10-24 18:30:38',NULL,'4','45'),(400,1,'46019732',1,'10','2023','2023-10-24','08:26:59','2023-10-24 08:26:59',NULL,'1','46'),(401,1,'46019732',1,'10','2023','2023-10-24','13:41:01','2023-10-24 13:41:01',NULL,'2','47'),(402,1,'46521973',1,'10','2023','2023-10-24','13:04:45','2023-10-24 13:04:45',NULL,'1','48'),(403,1,'46521973',1,'10','2023','2023-10-24','18:49:45','2023-10-24 18:49:45',NULL,'2','49'),(404,1,'47099292',1,'10','2023','2023-10-24','08:00:02','2023-10-24 08:00:02',NULL,'1','50'),(405,1,'47099292',1,'10','2023','2023-10-24','12:00:30','2023-10-24 12:00:30',NULL,'2','51'),(406,1,'47099292',1,'10','2023','2023-10-24','12:39:32','2023-10-24 12:39:32',NULL,'3','52'),(407,1,'47099292',1,'10','2023','2023-10-24','13:02:52','2023-10-24 13:02:52',NULL,'4','53'),(408,1,'70392696',1,'10','2023','2023-10-24','12:15:51','2023-10-24 12:15:51',NULL,'1','54'),(409,1,'70392696',1,'10','2023','2023-10-24','18:30:20','2023-10-24 18:30:20',NULL,'2','55'),(410,1,'70599092',1,'10','2023','2023-10-24','08:09:45','2023-10-24 08:09:45',NULL,'1','56'),(411,1,'70599092',1,'10','2023','2023-10-24','13:02:03','2023-10-24 13:02:03',NULL,'2','57'),(412,1,'70599092',1,'10','2023','2023-10-24','13:58:30','2023-10-24 13:58:30',NULL,'3','58'),(413,1,'70599092',1,'10','2023','2023-10-24','18:37:19','2023-10-24 18:37:19',NULL,'4','59'),(414,1,'71722191',1,'10','2023','2023-10-24','13:16:54','2023-10-24 13:16:54',NULL,'1','60'),(415,1,'71722191',1,'10','2023','2023-10-24','18:31:02','2023-10-24 18:31:02',NULL,'2','61'),(416,1,'73092839',1,'10','2023','2023-10-24','08:02:35','2023-10-24 08:02:35',NULL,'1','62'),(417,1,'73092839',1,'10','2023','2023-10-24','13:06:15','2023-10-24 13:06:15',NULL,'2','63'),(418,1,'76480943',1,'10','2023','2023-10-24','08:22:25','2023-10-24 08:22:25',NULL,'1','64'),(419,1,'76480943',1,'10','2023','2023-10-24','14:01:47','2023-10-24 14:01:47',NULL,'2','65'),(420,1,'76480943',1,'10','2023','2023-10-24','14:25:00','2023-10-24 14:25:00',NULL,'3','66'),(421,1,'76480943',1,'10','2023','2023-10-24','17:36:23','2023-10-24 17:36:23',NULL,'4','67'),(422,1,'77275303',1,'10','2023','2023-10-24','08:30:38','2023-10-24 08:30:38',NULL,'1','68'),(423,1,'77275303',1,'10','2023','2023-10-24','12:30:02','2023-10-24 12:30:02',NULL,'2','69'),(424,1,'77275303',1,'10','2023','2023-10-24','13:24:19','2023-10-24 13:24:19',NULL,'3','70'),(425,1,'77275303',1,'10','2023','2023-10-24','18:30:11','2023-10-24 18:30:11',NULL,'4','71'),(426,1,'23846077',1,'10','2023','2023-10-23','08:18:37','2023-10-23 08:18:37',NULL,'1','1'),(427,1,'23846077',1,'10','2023','2023-10-23','13:00:05','2023-10-23 13:00:05',NULL,'2','2'),(428,1,'23846077',1,'10','2023','2023-10-23','14:06:32','2023-10-23 14:06:32',NULL,'3','3'),(429,1,'23846077',1,'10','2023','2023-10-23','17:31:40','2023-10-23 17:31:40',NULL,'4','4'),(430,1,'23856998',1,'10','2023','2023-10-23','14:03:02','2023-10-23 14:03:02',NULL,'1','5'),(431,1,'23856998',1,'10','2023','2023-10-23','15:05:41','2023-10-23 15:05:41',NULL,'2','6'),(432,1,'23856998',1,'10','2023','2023-10-23','18:41:32','2023-10-23 18:41:32',NULL,'3','7'),(433,1,'23966459',1,'10','2023','2023-10-23','07:29:07','2023-10-23 07:29:07',NULL,'1','8'),(434,1,'23966459',1,'10','2023','2023-10-23','13:17:57','2023-10-23 13:17:57',NULL,'2','9'),(435,1,'23966459',1,'10','2023','2023-10-23','13:58:17','2023-10-23 13:58:17',NULL,'3','10'),(436,1,'23966459',1,'10','2023','2023-10-23','17:01:49','2023-10-23 17:01:49',NULL,'4','11'),(437,1,'24003844',1,'10','2023','2023-10-23','08:11:11','2023-10-23 08:11:11',NULL,'1','12'),(438,1,'24003844',1,'10','2023','2023-10-23','13:00:26','2023-10-23 13:00:26',NULL,'2','13'),(439,1,'24003844',1,'10','2023','2023-10-23','13:56:19','2023-10-23 13:56:19',NULL,'3','14'),(440,1,'24003844',1,'10','2023','2023-10-23','17:34:07','2023-10-23 17:34:07',NULL,'4','15'),(441,1,'25000306',1,'10','2023','2023-10-23','08:11:57','2023-10-23 08:11:57',NULL,'1','16'),(442,1,'25000306',1,'10','2023','2023-10-23','13:00:17','2023-10-23 13:00:17',NULL,'2','17'),(443,1,'25000306',1,'10','2023','2023-10-23','13:59:33','2023-10-23 13:59:33',NULL,'3','18'),(444,1,'25000306',1,'10','2023','2023-10-23','19:05:26','2023-10-23 19:05:26',NULL,'4','19'),(445,1,'40595391',1,'10','2023','2023-10-23','09:22:30','2023-10-23 09:22:30',NULL,'1','20'),(446,1,'40595391',1,'10','2023','2023-10-23','13:17:53','2023-10-23 13:17:53',NULL,'2','21'),(447,1,'40595391',1,'10','2023','2023-10-23','14:15:18','2023-10-23 14:15:18',NULL,'3','22'),(448,1,'40595391',1,'10','2023','2023-10-23','18:33:35','2023-10-23 18:33:35',NULL,'4','23'),(449,1,'42309793',1,'10','2023','2023-10-23','08:47:17','2023-10-23 08:47:17',NULL,'1','24'),(450,1,'42309793',1,'10','2023','2023-10-23','13:46:20','2023-10-23 13:46:20',NULL,'2','25'),(451,1,'42380889',1,'10','2023','2023-10-23','07:56:08','2023-10-23 07:56:08',NULL,'1','26'),(452,1,'42380889',1,'10','2023','2023-10-23','13:04:46','2023-10-23 13:04:46',NULL,'2','27'),(453,1,'43595171',1,'10','2023','2023-10-23','12:48:12','2023-10-23 12:48:12',NULL,'1','28'),(454,1,'43595171',1,'10','2023','2023-10-23','19:00:04','2023-10-23 19:00:04',NULL,'2','29'),(455,1,'43822402',1,'10','2023','2023-10-23','08:03:17','2023-10-23 08:03:17',NULL,'1','30'),(456,1,'43822402',1,'10','2023','2023-10-23','12:15:50','2023-10-23 12:15:50',NULL,'2','31'),(457,1,'43822402',1,'10','2023','2023-10-23','13:13:43','2023-10-23 13:13:43',NULL,'3','32'),(458,1,'43822402',1,'10','2023','2023-10-23','17:07:09','2023-10-23 17:07:09',NULL,'4','33'),(459,1,'44171667',1,'10','2023','2023-10-23','13:30:34','2023-10-23 13:30:34',NULL,'1','34'),(460,1,'44171667',1,'10','2023','2023-10-23','18:29:36','2023-10-23 18:29:36',NULL,'2','35'),(461,1,'44668144',1,'10','2023','2023-10-23','07:42:44','2023-10-23 07:42:44',NULL,'1','36'),(462,1,'44668144',1,'10','2023','2023-10-23','12:14:52','2023-10-23 12:14:52',NULL,'2','37'),(463,1,'44668144',1,'10','2023','2023-10-23','13:09:03','2023-10-23 13:09:03',NULL,'3','38'),(464,1,'44668144',1,'10','2023','2023-10-23','17:10:34','2023-10-23 17:10:34',NULL,'4','39'),(465,1,'45395780',1,'10','2023','2023-10-23','07:47:36','2023-10-23 07:47:36',NULL,'1','40'),(466,1,'45395780',1,'10','2023','2023-10-23','12:35:21','2023-10-23 12:35:21',NULL,'2','41'),(467,1,'45395780',1,'10','2023','2023-10-23','13:30:16','2023-10-23 13:30:16',NULL,'3','42'),(468,1,'45395780',1,'10','2023','2023-10-23','17:03:09','2023-10-23 17:03:09',NULL,'4','43'),(469,1,'45520464',1,'10','2023','2023-10-23','08:00:38','2023-10-23 08:00:38',NULL,'1','44'),(470,1,'45520464',1,'10','2023','2023-10-23','12:30:18','2023-10-23 12:30:18',NULL,'2','45'),(471,1,'45520464',1,'10','2023','2023-10-23','13:27:04','2023-10-23 13:27:04',NULL,'3','46'),(472,1,'45520464',1,'10','2023','2023-10-23','18:30:44','2023-10-23 18:30:44',NULL,'4','47'),(473,1,'46019732',1,'10','2023','2023-10-23','08:05:57','2023-10-23 08:05:57',NULL,'1','48'),(474,1,'46019732',1,'10','2023','2023-10-23','13:41:12','2023-10-23 13:41:12',NULL,'2','49'),(475,1,'46521973',1,'10','2023','2023-10-23','12:54:36','2023-10-23 12:54:36',NULL,'1','50'),(476,1,'46521973',1,'10','2023','2023-10-23','18:40:51','2023-10-23 18:40:51',NULL,'2','51'),(477,1,'47099292',1,'10','2023','2023-10-23','08:01:17','2023-10-23 08:01:17',NULL,'1','52'),(478,1,'47099292',1,'10','2023','2023-10-23','13:18:03','2023-10-23 13:18:03',NULL,'2','53'),(479,1,'47099292',1,'10','2023','2023-10-23','13:58:27','2023-10-23 13:58:27',NULL,'3','54'),(480,1,'47099292',1,'10','2023','2023-10-23','17:03:56','2023-10-23 17:03:56',NULL,'4','55'),(481,1,'70392696',1,'10','2023','2023-10-23','12:52:41','2023-10-23 12:52:41',NULL,'1','56'),(482,1,'70392696',1,'10','2023','2023-10-23','18:30:14','2023-10-23 18:30:14',NULL,'2','57'),(483,1,'70599092',1,'10','2023','2023-10-23','08:08:12','2023-10-23 08:08:12',NULL,'1','58'),(484,1,'70599092',1,'10','2023','2023-10-23','13:01:07','2023-10-23 13:01:07',NULL,'2','59'),(485,1,'70599092',1,'10','2023','2023-10-23','13:56:43','2023-10-23 13:56:43',NULL,'3','60'),(486,1,'70599092',1,'10','2023','2023-10-23','18:31:58','2023-10-23 18:31:58',NULL,'4','61'),(487,1,'71006845',1,'10','2023','2023-10-23','08:23:36','2023-10-23 08:23:36',NULL,'1','62'),(488,1,'71006845',1,'10','2023','2023-10-23','13:32:39','2023-10-23 13:32:39',NULL,'2','63'),(489,1,'71722191',1,'10','2023','2023-10-23','13:14:07','2023-10-23 13:14:07',NULL,'1','64'),(490,1,'71722191',1,'10','2023','2023-10-23','18:33:13','2023-10-23 18:33:13',NULL,'2','65'),(491,1,'73092839',1,'10','2023','2023-10-23','08:10:41','2023-10-23 08:10:41',NULL,'1','66'),(492,1,'73092839',1,'10','2023','2023-10-23','13:19:06','2023-10-23 13:19:06',NULL,'2','67'),(493,1,'76480943',1,'10','2023','2023-10-23','08:24:20','2023-10-23 08:24:20',NULL,'1','68'),(494,1,'76480943',1,'10','2023','2023-10-23','13:31:47','2023-10-23 13:31:47',NULL,'2','69'),(495,1,'76480943',1,'10','2023','2023-10-23','14:23:01','2023-10-23 14:23:01',NULL,'3','70'),(496,1,'76480943',1,'10','2023','2023-10-23','17:34:27','2023-10-23 17:34:27',NULL,'4','71'),(497,1,'77275303',1,'10','2023','2023-10-23','12:30:07','2023-10-23 12:30:07',NULL,'1','72'),(498,1,'77275303',1,'10','2023','2023-10-23','13:25:47','2023-10-23 13:25:47',NULL,'2','73'),(499,1,'77275303',1,'10','2023','2023-10-23','18:30:03','2023-10-23 18:30:03',NULL,'3','74'),(500,1,'23966459',1,'10','2023','2023-10-21','08:10:10','2023-10-21 08:10:10',NULL,'1','1'),(501,1,'23966459',1,'10','2023','2023-10-21','13:36:47','2023-10-21 13:36:47',NULL,'2','2'),(502,1,'42354085',1,'10','2023','2023-10-21','08:46:05','2023-10-21 08:46:05',NULL,'1','3'),(503,1,'42354085',1,'10','2023','2023-10-21','14:01:05','2023-10-21 14:01:05',NULL,'2','4'),(504,1,'42380889',1,'10','2023','2023-10-21','08:56:28','2023-10-21 08:56:28',NULL,'1','5'),(505,1,'42380889',1,'10','2023','2023-10-21','14:01:39','2023-10-21 14:01:39',NULL,'2','6'),(506,1,'45520464',1,'10','2023','2023-10-21','08:41:02','2023-10-21 08:41:02',NULL,'1','7'),(507,1,'45520464',1,'10','2023','2023-10-21','13:31:28','2023-10-21 13:31:28',NULL,'2','8'),(508,1,'46140236',1,'10','2023','2023-10-21','08:45:33','2023-10-21 08:45:33',NULL,'1','9'),(509,1,'46140236',1,'10','2023','2023-10-21','13:37:00','2023-10-21 13:37:00',NULL,'2','10'),(510,1,'48203433',1,'10','2023','2023-10-21','08:40:27','2023-10-21 08:40:27',NULL,'1','11'),(511,1,'48203433',1,'10','2023','2023-10-21','13:32:57','2023-10-21 13:32:57',NULL,'2','12'),(512,1,'70392696',1,'10','2023','2023-10-21','09:01:11','2023-10-21 09:01:11',NULL,'1','13'),(513,1,'70392696',1,'10','2023','2023-10-21','13:32:14','2023-10-21 13:32:14',NULL,'2','14'),(514,1,'71006845',1,'10','2023','2023-10-21','08:58:58','2023-10-21 08:58:58',NULL,'1','15'),(515,1,'71006845',1,'10','2023','2023-10-21','13:32:20','2023-10-21 13:32:20',NULL,'2','16'),(516,1,'71722191',1,'10','2023','2023-10-21','08:55:23','2023-10-21 08:55:23',NULL,'1','17'),(517,1,'71722191',1,'10','2023','2023-10-21','13:31:04','2023-10-21 13:31:04',NULL,'2','18'),(518,1,'77275303',1,'10','2023','2023-10-21','08:49:13','2023-10-21 08:49:13',NULL,'1','19'),(519,1,'77275303',1,'10','2023','2023-10-21','13:32:28','2023-10-21 13:32:28',NULL,'2','20'),(520,1,'23846077',1,'10','2023','2023-10-20','08:11:26','2023-10-20 08:11:26',NULL,'1','1'),(521,1,'23846077',1,'10','2023','2023-10-20','13:00:21','2023-10-20 13:00:21',NULL,'2','2'),(522,1,'23846077',1,'10','2023','2023-10-20','14:05:03','2023-10-20 14:05:03',NULL,'3','3'),(523,1,'23846077',1,'10','2023','2023-10-20','17:33:55','2023-10-20 17:33:55',NULL,'4','4'),(524,1,'23856998',1,'10','2023','2023-10-20','08:22:54','2023-10-20 08:22:54',NULL,'1','5'),(525,1,'23856998',1,'10','2023','2023-10-20','13:30:06','2023-10-20 13:30:06',NULL,'2','6'),(526,1,'23856998',1,'10','2023','2023-10-20','14:32:44','2023-10-20 14:32:44',NULL,'3','7'),(527,1,'23856998',1,'10','2023','2023-10-20','17:02:58','2023-10-20 17:02:58',NULL,'4','8'),(528,1,'23966459',1,'10','2023','2023-10-20','07:48:49','2023-10-20 07:48:49',NULL,'1','9'),(529,1,'23966459',1,'10','2023','2023-10-20','12:04:42','2023-10-20 12:04:42',NULL,'2','10'),(530,1,'23966459',1,'10','2023','2023-10-20','12:52:38','2023-10-20 12:52:38',NULL,'3','11'),(531,1,'23966459',1,'10','2023','2023-10-20','18:01:31','2023-10-20 18:01:31',NULL,'4','12'),(532,1,'24003844',1,'10','2023','2023-10-20','08:09:00','2023-10-20 08:09:00',NULL,'1','13'),(533,1,'24003844',1,'10','2023','2023-10-20','13:01:03','2023-10-20 13:01:03',NULL,'2','14'),(534,1,'24003844',1,'10','2023','2023-10-20','13:55:02','2023-10-20 13:55:02',NULL,'3','15'),(535,1,'24003844',1,'10','2023','2023-10-20','17:34:09','2023-10-20 17:34:09',NULL,'4','16'),(536,1,'40595391',1,'10','2023','2023-10-20','09:12:55','2023-10-20 09:12:55',NULL,'1','17'),(537,1,'40595391',1,'10','2023','2023-10-20','12:44:46','2023-10-20 12:44:46',NULL,'2','18'),(538,1,'40595391',1,'10','2023','2023-10-20','13:42:39','2023-10-20 13:42:39',NULL,'3','19'),(539,1,'40595391',1,'10','2023','2023-10-20','18:32:41','2023-10-20 18:32:41',NULL,'4','20'),(540,1,'42309793',1,'10','2023','2023-10-20','08:24:36','2023-10-20 08:24:36',NULL,'1','21'),(541,1,'42309793',1,'10','2023','2023-10-20','14:05:44','2023-10-20 14:05:44',NULL,'2','22'),(542,1,'42354085',1,'10','2023','2023-10-20','08:17:48','2023-10-20 08:17:48',NULL,'1','23'),(543,1,'42354085',1,'10','2023','2023-10-20','13:19:28','2023-10-20 13:19:28',NULL,'2','24'),(544,1,'42354085',1,'10','2023','2023-10-20','14:26:05','2023-10-20 14:26:05',NULL,'3','25'),(545,1,'42354085',1,'10','2023','2023-10-20','19:00:40','2023-10-20 19:00:40',NULL,'4','26'),(546,1,'42380889',1,'10','2023','2023-10-20','12:57:34','2023-10-20 12:57:34',NULL,'1','27'),(547,1,'42380889',1,'10','2023','2023-10-20','19:00:49','2023-10-20 19:00:49',NULL,'2','28'),(548,1,'43595171',1,'10','2023','2023-10-20','07:56:07','2023-10-20 07:56:07',NULL,'1','29'),(549,1,'43595171',1,'10','2023','2023-10-20','13:11:43','2023-10-20 13:11:43',NULL,'2','30'),(550,1,'43822402',1,'10','2023','2023-10-20','07:54:27','2023-10-20 07:54:27',NULL,'1','31'),(551,1,'43822402',1,'10','2023','2023-10-20','12:36:37','2023-10-20 12:36:37',NULL,'2','32'),(552,1,'43822402',1,'10','2023','2023-10-20','13:30:36','2023-10-20 13:30:36',NULL,'3','33'),(553,1,'43822402',1,'10','2023','2023-10-20','22:10:20','2023-10-20 22:10:20',NULL,'4','34'),(554,1,'44171667',1,'10','2023','2023-10-20','08:24:19','2023-10-20 08:24:19',NULL,'1','35'),(555,1,'44171667',1,'10','2023','2023-10-20','13:37:45','2023-10-20 13:37:45',NULL,'2','36'),(556,1,'44668144',1,'10','2023','2023-10-20','07:48:42','2023-10-20 07:48:42',NULL,'1','37'),(557,1,'44668144',1,'10','2023','2023-10-20','12:13:04','2023-10-20 12:13:04',NULL,'2','38'),(558,1,'44668144',1,'10','2023','2023-10-20','13:09:41','2023-10-20 13:09:41',NULL,'3','39'),(559,1,'44668144',1,'10','2023','2023-10-20','17:09:54','2023-10-20 17:09:54',NULL,'4','40'),(560,1,'45395780',1,'10','2023','2023-10-20','07:48:57','2023-10-20 07:48:57',NULL,'1','41'),(561,1,'45395780',1,'10','2023','2023-10-20','13:08:06','2023-10-20 13:08:06',NULL,'2','42'),(562,1,'45395780',1,'10','2023','2023-10-20','14:03:34','2023-10-20 14:03:34',NULL,'3','43'),(563,1,'45395780',1,'10','2023','2023-10-20','18:01:37','2023-10-20 18:01:37',NULL,'4','44'),(564,1,'45520464',1,'10','2023','2023-10-20','08:07:27','2023-10-20 08:07:27',NULL,'1','45'),(565,1,'45520464',1,'10','2023','2023-10-20','18:44:22','2023-10-20 18:44:22',NULL,'2','46'),(566,1,'46019732',1,'10','2023','2023-10-20','13:13:47','2023-10-20 13:13:47',NULL,'1','47'),(567,1,'46019732',1,'10','2023','2023-10-20','18:49:57','2023-10-20 18:49:57',NULL,'2','48'),(568,1,'47099292',1,'10','2023','2023-10-20','08:10:17','2023-10-20 08:10:17',NULL,'1','49'),(569,1,'47099292',1,'10','2023','2023-10-20','13:41:47','2023-10-20 13:41:47',NULL,'2','50'),(570,1,'47099292',1,'10','2023','2023-10-20','14:43:37','2023-10-20 14:43:37',NULL,'3','51'),(571,1,'47099292',1,'10','2023','2023-10-20','17:43:17','2023-10-20 17:43:17',NULL,'4','52'),(572,1,'48203433',1,'10','2023','2023-10-20','18:02:28','2023-10-20 18:02:28',NULL,'1','53'),(573,1,'70392696',1,'10','2023','2023-10-20','12:58:09','2023-10-20 12:58:09',NULL,'1','54'),(574,1,'70392696',1,'10','2023','2023-10-20','18:31:37','2023-10-20 18:31:37',NULL,'2','55'),(575,1,'70599092',1,'10','2023','2023-10-20','08:05:53','2023-10-20 08:05:53',NULL,'1','56'),(576,1,'70599092',1,'10','2023','2023-10-20','13:02:46','2023-10-20 13:02:46',NULL,'2','57'),(577,1,'70599092',1,'10','2023','2023-10-20','13:59:36','2023-10-20 13:59:36',NULL,'3','58'),(578,1,'70599092',1,'10','2023','2023-10-20','18:30:49','2023-10-20 18:30:49',NULL,'4','59'),(579,1,'71006845',1,'10','2023','2023-10-20','13:32:00','2023-10-20 13:32:00',NULL,'1','60'),(580,1,'71006845',1,'10','2023','2023-10-20','18:31:29','2023-10-20 18:31:29',NULL,'2','61'),(581,1,'71722191',1,'10','2023','2023-10-20','08:21:44','2023-10-20 08:21:44',NULL,'1','62'),(582,1,'71722191',1,'10','2023','2023-10-20','13:32:12','2023-10-20 13:32:12',NULL,'2','63'),(583,1,'73092839',1,'10','2023','2023-10-20','08:12:53','2023-10-20 08:12:53',NULL,'1','64'),(584,1,'73092839',1,'10','2023','2023-10-20','13:07:26','2023-10-20 13:07:26',NULL,'2','65'),(585,1,'77275303',1,'10','2023','2023-10-20','08:21:57','2023-10-20 08:21:57',NULL,'1','66'),(586,1,'77275303',1,'10','2023','2023-10-20','12:34:18','2023-10-20 12:34:18',NULL,'2','67'),(587,1,'77275303',1,'10','2023','2023-10-20','13:26:11','2023-10-20 13:26:11',NULL,'3','68'),(588,1,'77275303',1,'10','2023','2023-10-20','18:31:45','2023-10-20 18:31:45',NULL,'4','69'),(589,1,'00444444',1,'10','2023','2023-10-19','19:06:50','2023-10-19 19:06:50',NULL,'1','1'),(590,1,'23846077',1,'10','2023','2023-10-19','08:18:46','2023-10-19 08:18:46',NULL,'1','2'),(591,1,'23846077',1,'10','2023','2023-10-19','13:15:09','2023-10-19 13:15:09',NULL,'2','3'),(592,1,'23846077',1,'10','2023','2023-10-19','14:18:50','2023-10-19 14:18:50',NULL,'3','4'),(593,1,'23846077',1,'10','2023','2023-10-19','17:31:21','2023-10-19 17:31:21',NULL,'4','5'),(594,1,'23856998',1,'10','2023','2023-10-19','08:11:06','2023-10-19 08:11:06',NULL,'1','6'),(595,1,'23856998',1,'10','2023','2023-10-19','13:30:27','2023-10-19 13:30:27',NULL,'2','7'),(596,1,'23856998',1,'10','2023','2023-10-19','14:28:56','2023-10-19 14:28:56',NULL,'3','8'),(597,1,'23856998',1,'10','2023','2023-10-19','17:29:00','2023-10-19 17:29:00',NULL,'4','9'),(598,1,'23966459',1,'10','2023','2023-10-19','07:46:31','2023-10-19 07:46:31',NULL,'1','10'),(599,1,'23966459',1,'10','2023','2023-10-19','12:20:03','2023-10-19 12:20:03',NULL,'2','11'),(600,1,'23966459',1,'10','2023','2023-10-19','13:04:10','2023-10-19 13:04:10',NULL,'3','12'),(601,1,'23966459',1,'10','2023','2023-10-19','18:17:57','2023-10-19 18:17:57',NULL,'4','13'),(602,1,'24003844',1,'10','2023','2023-10-19','08:14:49','2023-10-19 08:14:49',NULL,'1','14'),(603,1,'24003844',1,'10','2023','2023-10-19','13:06:51','2023-10-19 13:06:51',NULL,'2','15'),(604,1,'24003844',1,'10','2023','2023-10-19','13:59:03','2023-10-19 13:59:03',NULL,'3','16'),(605,1,'24003844',1,'10','2023','2023-10-19','17:34:35','2023-10-19 17:34:35',NULL,'4','17'),(606,1,'40595391',1,'10','2023','2023-10-19','09:11:22','2023-10-19 09:11:22',NULL,'1','18'),(607,1,'40595391',1,'10','2023','2023-10-19','12:16:27','2023-10-19 12:16:27',NULL,'2','19'),(608,1,'40595391',1,'10','2023','2023-10-19','13:14:33','2023-10-19 13:14:33',NULL,'3','20'),(609,1,'40595391',1,'10','2023','2023-10-19','18:31:38','2023-10-19 18:31:38',NULL,'4','21'),(610,1,'42309793',1,'10','2023','2023-10-19','08:12:34','2023-10-19 08:12:34',NULL,'1','22'),(611,1,'42309793',1,'10','2023','2023-10-19','14:05:59','2023-10-19 14:05:59',NULL,'2','23'),(612,1,'42354085',1,'10','2023','2023-10-19','09:21:38','2023-10-19 09:21:38',NULL,'1','24'),(613,1,'42354085',1,'10','2023','2023-10-19','13:04:23','2023-10-19 13:04:23',NULL,'2','25'),(614,1,'42354085',1,'10','2023','2023-10-19','14:12:23','2023-10-19 14:12:23',NULL,'3','26'),(615,1,'42354085',1,'10','2023','2023-10-19','18:36:32','2023-10-19 18:36:32',NULL,'4','27'),(616,1,'42380889',1,'10','2023','2023-10-19','12:47:52','2023-10-19 12:47:52',NULL,'1','28'),(617,1,'42380889',1,'10','2023','2023-10-19','19:01:24','2023-10-19 19:01:24',NULL,'2','29'),(618,1,'43595171',1,'10','2023','2023-10-19','08:00:02','2023-10-19 08:00:02',NULL,'1','30'),(619,1,'43595171',1,'10','2023','2023-10-19','13:06:56','2023-10-19 13:06:56',NULL,'2','31'),(620,1,'43822402',1,'10','2023','2023-10-19','08:02:18','2023-10-19 08:02:18',NULL,'1','32'),(621,1,'43822402',1,'10','2023','2023-10-19','13:46:57','2023-10-19 13:46:57',NULL,'2','33'),(622,1,'43822402',1,'10','2023','2023-10-19','14:31:44','2023-10-19 14:31:44',NULL,'3','34'),(623,1,'43822402',1,'10','2023','2023-10-19','17:21:47','2023-10-19 17:21:47',NULL,'4','35'),(624,1,'44171667',1,'10','2023','2023-10-19','08:18:57','2023-10-19 08:18:57',NULL,'1','36'),(625,1,'44171667',1,'10','2023','2023-10-19','13:30:19','2023-10-19 13:30:19',NULL,'2','37'),(626,1,'44668144',1,'10','2023','2023-10-19','07:46:21','2023-10-19 07:46:21',NULL,'1','38'),(627,1,'44668144',1,'10','2023','2023-10-19','12:03:29','2023-10-19 12:03:29',NULL,'2','39'),(628,1,'44668144',1,'10','2023','2023-10-19','13:01:13','2023-10-19 13:01:13',NULL,'3','40'),(629,1,'44668144',1,'10','2023','2023-10-19','17:11:27','2023-10-19 17:11:27',NULL,'4','41'),(630,1,'45395780',1,'10','2023','2023-10-19','07:49:12','2023-10-19 07:49:12',NULL,'1','42'),(631,1,'45395780',1,'10','2023','2023-10-19','13:16:15','2023-10-19 13:16:15',NULL,'2','43'),(632,1,'45395780',1,'10','2023','2023-10-19','14:19:20','2023-10-19 14:19:20',NULL,'3','44'),(633,1,'45395780',1,'10','2023','2023-10-19','18:18:06','2023-10-19 18:18:06',NULL,'4','45'),(634,1,'45520464',1,'10','2023','2023-10-19','08:21:56','2023-10-19 08:21:56',NULL,'1','46'),(635,1,'45520464',1,'10','2023','2023-10-19','12:32:02','2023-10-19 12:32:02',NULL,'2','47'),(636,1,'45520464',1,'10','2023','2023-10-19','13:28:32','2023-10-19 13:28:32',NULL,'3','48'),(637,1,'45520464',1,'10','2023','2023-10-19','15:18:50','2023-10-19 15:18:50',NULL,'4','49'),(638,1,'46019732',1,'10','2023','2023-10-19','09:23:04','2023-10-19 09:23:04',NULL,'1','50'),(639,1,'46019732',1,'10','2023','2023-10-19','18:41:51','2023-10-19 18:41:51',NULL,'2','51'),(640,1,'47099292',1,'10','2023','2023-10-19','08:01:43','2023-10-19 08:01:43',NULL,'1','52'),(641,1,'47099292',1,'10','2023','2023-10-19','12:22:27','2023-10-19 12:22:27',NULL,'2','53'),(642,1,'47099292',1,'10','2023','2023-10-19','13:13:45','2023-10-19 13:13:45',NULL,'3','54'),(643,1,'47099292',1,'10','2023','2023-10-19','17:07:38','2023-10-19 17:07:38',NULL,'4','55'),(644,1,'70392696',1,'10','2023','2023-10-19','12:56:07','2023-10-19 12:56:07',NULL,'1','56'),(645,1,'70392696',1,'10','2023','2023-10-19','18:33:50','2023-10-19 18:33:50',NULL,'2','57'),(646,1,'70599092',1,'10','2023','2023-10-19','08:06:45','2023-10-19 08:06:45',NULL,'1','58'),(647,1,'70599092',1,'10','2023','2023-10-19','13:00:05','2023-10-19 13:00:05',NULL,'2','59'),(648,1,'70599092',1,'10','2023','2023-10-19','13:50:49','2023-10-19 13:50:49',NULL,'3','60'),(649,1,'70599092',1,'10','2023','2023-10-19','18:34:42','2023-10-19 18:34:42',NULL,'4','61'),(650,1,'71006845',1,'10','2023','2023-10-19','13:13:21','2023-10-19 13:13:21',NULL,'1','62'),(651,1,'71006845',1,'10','2023','2023-10-19','18:33:45','2023-10-19 18:33:45',NULL,'2','63'),(652,1,'71722191',1,'10','2023','2023-10-19','08:22:35','2023-10-19 08:22:35',NULL,'1','64'),(653,1,'71722191',1,'10','2023','2023-10-19','14:01:46','2023-10-19 14:01:46',NULL,'2','65'),(654,1,'73092839',1,'10','2023','2023-10-19','08:08:38','2023-10-19 08:08:38',NULL,'1','66'),(655,1,'73092839',1,'10','2023','2023-10-19','13:02:45','2023-10-19 13:02:45',NULL,'2','67'),(656,1,'77275303',1,'10','2023','2023-10-19','08:20:21','2023-10-19 08:20:21',NULL,'1','68'),(657,1,'77275303',1,'10','2023','2023-10-19','12:30:57','2023-10-19 12:30:57',NULL,'2','69'),(658,1,'77275303',1,'10','2023','2023-10-19','13:25:49','2023-10-19 13:25:49',NULL,'3','70'),(659,1,'77275303',1,'10','2023','2023-10-19','18:33:59','2023-10-19 18:33:59',NULL,'4','71'),(660,1,'23846077',1,'10','2023','2023-10-18','08:16:51','2023-10-18 08:16:51',NULL,'1','1'),(661,1,'23846077',1,'10','2023','2023-10-18','13:02:23','2023-10-18 13:02:23',NULL,'2','2'),(662,1,'23846077',1,'10','2023','2023-10-18','14:05:15','2023-10-18 14:05:15',NULL,'3','3'),(663,1,'23846077',1,'10','2023','2023-10-18','17:31:47','2023-10-18 17:31:47',NULL,'4','4'),(664,1,'23856998',1,'10','2023','2023-10-18','08:18:54','2023-10-18 08:18:54',NULL,'1','5'),(665,1,'23856998',1,'10','2023','2023-10-18','13:30:04','2023-10-18 13:30:04',NULL,'2','6'),(666,1,'23856998',1,'10','2023','2023-10-18','14:33:02','2023-10-18 14:33:02',NULL,'3','7'),(667,1,'23856998',1,'10','2023','2023-10-18','17:48:47','2023-10-18 17:48:47',NULL,'4','8'),(668,1,'23966459',1,'10','2023','2023-10-18','07:42:13','2023-10-18 07:42:13',NULL,'1','9'),(669,1,'23966459',1,'10','2023','2023-10-18','12:10:57','2023-10-18 12:10:57',NULL,'2','10'),(670,1,'23966459',1,'10','2023','2023-10-18','12:54:34','2023-10-18 12:54:34',NULL,'3','11'),(671,1,'23966459',1,'10','2023','2023-10-18','18:00:16','2023-10-18 18:00:16',NULL,'4','12'),(672,1,'24003844',1,'10','2023','2023-10-18','08:02:04','2023-10-18 08:02:04',NULL,'1','13'),(673,1,'24003844',1,'10','2023','2023-10-18','13:00:06','2023-10-18 13:00:06',NULL,'2','14'),(674,1,'24003844',1,'10','2023','2023-10-18','13:56:52','2023-10-18 13:56:52',NULL,'3','15'),(675,1,'24003844',1,'10','2023','2023-10-18','17:34:58','2023-10-18 17:34:58',NULL,'4','16'),(676,1,'40595391',1,'10','2023','2023-10-18','09:13:02','2023-10-18 09:13:02',NULL,'1','17'),(677,1,'40595391',1,'10','2023','2023-10-18','12:25:41','2023-10-18 12:25:41',NULL,'2','18'),(678,1,'40595391',1,'10','2023','2023-10-18','13:25:45','2023-10-18 13:25:45',NULL,'3','19'),(679,1,'40595391',1,'10','2023','2023-10-18','18:30:39','2023-10-18 18:30:39',NULL,'4','20'),(680,1,'42309793',1,'10','2023','2023-10-18','08:13:01','2023-10-18 08:13:01',NULL,'1','21'),(681,1,'42309793',1,'10','2023','2023-10-18','14:04:01','2023-10-18 14:04:01',NULL,'2','22'),(682,1,'42380889',1,'10','2023','2023-10-18','12:47:12','2023-10-18 12:47:12',NULL,'1','23'),(683,1,'42380889',1,'10','2023','2023-10-18','19:00:08','2023-10-18 19:00:08',NULL,'2','24'),(684,1,'43595171',1,'10','2023','2023-10-18','07:56:22','2023-10-18 07:56:22',NULL,'1','25'),(685,1,'43595171',1,'10','2023','2023-10-18','13:05:51','2023-10-18 13:05:51',NULL,'2','26'),(686,1,'43822402',1,'10','2023','2023-10-18','10:19:55','2023-10-18 10:19:55',NULL,'1','27'),(687,1,'43822402',1,'10','2023','2023-10-18','13:04:19','2023-10-18 13:04:19',NULL,'2','28'),(688,1,'43822402',1,'10','2023','2023-10-18','13:57:11','2023-10-18 13:57:11',NULL,'3','29'),(689,1,'43822402',1,'10','2023','2023-10-18','17:10:05','2023-10-18 17:10:05',NULL,'4','30'),(690,1,'44171667',1,'10','2023','2023-10-18','08:24:08','2023-10-18 08:24:08',NULL,'1','31'),(691,1,'44171667',1,'10','2023','2023-10-18','13:33:37','2023-10-18 13:33:37',NULL,'2','32'),(692,1,'44668144',1,'10','2023','2023-10-18','07:35:19','2023-10-18 07:35:19',NULL,'1','33'),(693,1,'44668144',1,'10','2023','2023-10-18','12:23:04','2023-10-18 12:23:04',NULL,'2','34'),(694,1,'44668144',1,'10','2023','2023-10-18','13:28:36','2023-10-18 13:28:36',NULL,'3','35'),(695,1,'44668144',1,'10','2023','2023-10-18','17:07:19','2023-10-18 17:07:19',NULL,'4','36'),(696,1,'45395780',1,'10','2023','2023-10-18','07:45:29','2023-10-18 07:45:29',NULL,'1','37'),(697,1,'45395780',1,'10','2023','2023-10-18','13:04:16','2023-10-18 13:04:16',NULL,'2','38'),(698,1,'45395780',1,'10','2023','2023-10-18','14:10:36','2023-10-18 14:10:36',NULL,'3','39'),(699,1,'45395780',1,'10','2023','2023-10-18','18:00:11','2023-10-18 18:00:11',NULL,'4','40'),(700,1,'45520464',1,'10','2023','2023-10-18','07:56:17','2023-10-18 07:56:17',NULL,'1','41'),(701,1,'45520464',1,'10','2023','2023-10-18','12:34:30','2023-10-18 12:34:30',NULL,'2','42'),(702,1,'45520464',1,'10','2023','2023-10-18','13:19:23','2023-10-18 13:19:23',NULL,'3','43'),(703,1,'45520464',1,'10','2023','2023-10-18','18:07:14','2023-10-18 18:07:14',NULL,'4','44'),(704,1,'47099292',1,'10','2023','2023-10-18','07:59:03','2023-10-18 07:59:03',NULL,'1','45'),(705,1,'47099292',1,'10','2023','2023-10-18','13:28:46','2023-10-18 13:28:46',NULL,'2','46'),(706,1,'47099292',1,'10','2023','2023-10-18','14:29:08','2023-10-18 14:29:08',NULL,'3','47'),(707,1,'47099292',1,'10','2023','2023-10-18','17:10:25','2023-10-18 17:10:25',NULL,'4','48'),(708,1,'70392696',1,'10','2023','2023-10-18','12:58:03','2023-10-18 12:58:03',NULL,'1','49'),(709,1,'70392696',1,'10','2023','2023-10-18','18:30:46','2023-10-18 18:30:46',NULL,'2','50'),(710,1,'70599092',1,'10','2023','2023-10-18','07:54:20','2023-10-18 07:54:20',NULL,'1','51'),(711,1,'70599092',1,'10','2023','2023-10-18','13:10:04','2023-10-18 13:10:04',NULL,'2','52'),(712,1,'70599092',1,'10','2023','2023-10-18','14:07:02','2023-10-18 14:07:02',NULL,'3','53'),(713,1,'70599092',1,'10','2023','2023-10-18','18:29:42','2023-10-18 18:29:42',NULL,'4','54'),(714,1,'71006845',1,'10','2023','2023-10-18','13:29:41','2023-10-18 13:29:41',NULL,'1','55'),(715,1,'71006845',1,'10','2023','2023-10-18','18:30:52','2023-10-18 18:30:52',NULL,'2','56'),(716,1,'71722191',1,'10','2023','2023-10-18','08:22:37','2023-10-18 08:22:37',NULL,'1','57'),(717,1,'71722191',1,'10','2023','2023-10-18','13:00:34','2023-10-18 13:00:34',NULL,'2','58'),(718,1,'71722191',1,'10','2023','2023-10-18','13:57:37','2023-10-18 13:57:37',NULL,'3','59'),(719,1,'71722191',1,'10','2023','2023-10-18','18:12:53','2023-10-18 18:12:53',NULL,'4','60'),(720,1,'73092839',1,'10','2023','2023-10-18','08:07:16','2023-10-18 08:07:16',NULL,'1','61'),(721,1,'73092839',1,'10','2023','2023-10-18','13:03:44','2023-10-18 13:03:44',NULL,'2','62'),(722,1,'77275303',1,'10','2023','2023-10-18','08:12:42','2023-10-18 08:12:42',NULL,'1','63'),(723,1,'77275303',1,'10','2023','2023-10-18','12:31:09','2023-10-18 12:31:09',NULL,'2','64'),(724,1,'77275303',1,'10','2023','2023-10-18','13:22:12','2023-10-18 13:22:12',NULL,'3','65'),(725,1,'77275303',1,'10','2023','2023-10-18','18:30:24','2023-10-18 18:30:24',NULL,'4','66'),(726,1,'23846077',1,'10','2023','2023-10-17','08:09:12','2023-10-17 08:09:12',NULL,'1','1'),(727,1,'23846077',1,'10','2023','2023-10-17','13:00:33','2023-10-17 13:00:33',NULL,'2','2'),(728,1,'23846077',1,'10','2023','2023-10-17','14:04:34','2023-10-17 14:04:34',NULL,'3','3'),(729,1,'23846077',1,'10','2023','2023-10-17','17:30:22','2023-10-17 17:30:22',NULL,'4','4'),(730,1,'23856998',1,'10','2023','2023-10-17','08:21:54','2023-10-17 08:21:54',NULL,'1','5'),(731,1,'23856998',1,'10','2023','2023-10-17','14:03:20','2023-10-17 14:03:20',NULL,'2','6'),(732,1,'23856998',1,'10','2023','2023-10-17','15:00:03','2023-10-17 15:00:03',NULL,'3','7'),(733,1,'23856998',1,'10','2023','2023-10-17','17:46:27','2023-10-17 17:46:27',NULL,'4','8'),(734,1,'23966459',1,'10','2023','2023-10-17','07:43:26','2023-10-17 07:43:26',NULL,'1','9'),(735,1,'23966459',1,'10','2023','2023-10-17','12:36:00','2023-10-17 12:36:00',NULL,'2','10'),(736,1,'23966459',1,'10','2023','2023-10-17','13:15:06','2023-10-17 13:15:06',NULL,'3','11'),(737,1,'23966459',1,'10','2023','2023-10-17','18:01:12','2023-10-17 18:01:12',NULL,'4','12'),(738,1,'24003844',1,'10','2023','2023-10-17','08:10:55','2023-10-17 08:10:55',NULL,'1','13'),(739,1,'24003844',1,'10','2023','2023-10-17','13:00:10','2023-10-17 13:00:10',NULL,'2','14'),(740,1,'24003844',1,'10','2023','2023-10-17','13:56:28','2023-10-17 13:56:28',NULL,'3','15'),(741,1,'24003844',1,'10','2023','2023-10-17','17:31:56','2023-10-17 17:31:56',NULL,'4','16'),(742,1,'40595391',1,'10','2023','2023-10-17','09:11:36','2023-10-17 09:11:36',NULL,'1','17'),(743,1,'40595391',1,'10','2023','2023-10-17','12:34:39','2023-10-17 12:34:39',NULL,'2','18'),(744,1,'40595391',1,'10','2023','2023-10-17','13:30:22','2023-10-17 13:30:22',NULL,'3','19'),(745,1,'40595391',1,'10','2023','2023-10-17','18:30:06','2023-10-17 18:30:06',NULL,'4','20'),(746,1,'42309793',1,'10','2023','2023-10-17','08:03:55','2023-10-17 08:03:55',NULL,'1','21'),(747,1,'42309793',1,'10','2023','2023-10-17','15:47:25','2023-10-17 15:47:25',NULL,'2','22'),(748,1,'42380889',1,'10','2023','2023-10-17','17:47:57','2023-10-17 17:47:57',NULL,'1','23'),(749,1,'43595171',1,'10','2023','2023-10-17','09:01:00','2023-10-17 09:01:00',NULL,'1','24'),(750,1,'43595171',1,'10','2023','2023-10-17','13:29:15','2023-10-17 13:29:15',NULL,'2','25'),(751,1,'44171667',1,'10','2023','2023-10-17','08:30:31','2023-10-17 08:30:31',NULL,'1','26'),(752,1,'44171667',1,'10','2023','2023-10-17','13:35:42','2023-10-17 13:35:42',NULL,'2','27'),(753,1,'44668144',1,'10','2023','2023-10-17','07:44:04','2023-10-17 07:44:04',NULL,'1','28'),(754,1,'44668144',1,'10','2023','2023-10-17','12:19:44','2023-10-17 12:19:44',NULL,'2','29'),(755,1,'44668144',1,'10','2023','2023-10-17','13:12:47','2023-10-17 13:12:47',NULL,'3','30'),(756,1,'44668144',1,'10','2023','2023-10-17','17:31:08','2023-10-17 17:31:08',NULL,'4','31'),(757,1,'45395780',1,'10','2023','2023-10-17','07:47:55','2023-10-17 07:47:55',NULL,'1','32'),(758,1,'45395780',1,'10','2023','2023-10-17','13:26:36','2023-10-17 13:26:36',NULL,'2','33'),(759,1,'45395780',1,'10','2023','2023-10-17','14:32:01','2023-10-17 14:32:01',NULL,'3','34'),(760,1,'45395780',1,'10','2023','2023-10-17','18:01:40','2023-10-17 18:01:40',NULL,'4','35'),(761,1,'45520464',1,'10','2023','2023-10-17','08:21:59','2023-10-17 08:21:59',NULL,'1','36'),(762,1,'45520464',1,'10','2023','2023-10-17','12:31:32','2023-10-17 12:31:32',NULL,'2','37'),(763,1,'45520464',1,'10','2023','2023-10-17','16:19:48','2023-10-17 16:19:48',NULL,'3','38'),(764,1,'46521973',1,'10','2023','2023-10-17','17:11:35','2023-10-17 17:11:35',NULL,'1','39'),(765,1,'47099292',1,'10','2023','2023-10-17','07:58:39','2023-10-17 07:58:39',NULL,'1','40'),(766,1,'47099292',1,'10','2023','2023-10-17','17:57:19','2023-10-17 17:57:19',NULL,'2','41'),(767,1,'70392696',1,'10','2023','2023-10-17','12:56:19','2023-10-17 12:56:19',NULL,'1','42'),(768,1,'70392696',1,'10','2023','2023-10-17','18:30:40','2023-10-17 18:30:40',NULL,'2','43'),(769,1,'70599092',1,'10','2023','2023-10-17','13:27:59','2023-10-17 13:27:59',NULL,'1','44'),(770,1,'71006845',1,'10','2023','2023-10-17','13:29:54','2023-10-17 13:29:54',NULL,'1','45'),(771,1,'71006845',1,'10','2023','2023-10-17','18:30:12','2023-10-17 18:30:12',NULL,'2','46'),(772,1,'71722191',1,'10','2023','2023-10-17','08:22:32','2023-10-17 08:22:32',NULL,'1','47'),(773,1,'71722191',1,'10','2023','2023-10-17','13:00:18','2023-10-17 13:00:18',NULL,'2','48'),(774,1,'71722191',1,'10','2023','2023-10-17','13:49:54','2023-10-17 13:49:54',NULL,'3','49'),(775,1,'71722191',1,'10','2023','2023-10-17','18:31:07','2023-10-17 18:31:07',NULL,'4','50'),(776,1,'73092839',1,'10','2023','2023-10-17','08:05:10','2023-10-17 08:05:10',NULL,'1','51'),(777,1,'73092839',1,'10','2023','2023-10-17','13:01:45','2023-10-17 13:01:45',NULL,'2','52'),(778,1,'77275303',1,'10','2023','2023-10-17','08:07:54','2023-10-17 08:07:54',NULL,'1','53'),(779,1,'77275303',1,'10','2023','2023-10-17','12:32:03','2023-10-17 12:32:03',NULL,'2','54'),(780,1,'77275303',1,'10','2023','2023-10-17','13:29:09','2023-10-17 13:29:09',NULL,'3','55'),(781,1,'77275303',1,'10','2023','2023-10-17','18:30:25','2023-10-17 18:30:25',NULL,'4','56'),(782,1,'23846077',1,'10','2023','2023-10-16','11:19:07','2023-10-16 11:19:07',NULL,'1','1'),(783,1,'23846077',1,'10','2023','2023-10-16','17:27:39','2023-10-16 17:27:39',NULL,'2','2'),(784,1,'23856998',1,'10','2023','2023-10-16','11:05:02','2023-10-16 11:05:02',NULL,'1','3'),(785,1,'23966459',1,'10','2023','2023-10-16','16:59:28','2023-10-16 16:59:28',NULL,'1','4'),(786,1,'24003844',1,'10','2023','2023-10-16','11:14:38','2023-10-16 11:14:38',NULL,'1','5'),(787,1,'25000306',1,'10','2023','2023-10-16','11:02:43','2023-10-16 11:02:43',NULL,'1','6'),(788,1,'40595391',1,'10','2023','2023-10-16','17:17:00','2023-10-16 17:17:00',NULL,'1','7'),(789,1,'42309793',1,'10','2023','2023-10-16','11:11:57','2023-10-16 11:11:57',NULL,'1','8'),(790,1,'43822402',1,'10','2023','2023-10-16','16:57:39','2023-10-16 16:57:39',NULL,'1','9'),(791,1,'44171667',1,'10','2023','2023-10-16','11:25:41','2023-10-16 11:25:41',NULL,'1','10'),(792,1,'44668144',1,'10','2023','2023-10-16','16:56:18','2023-10-16 16:56:18',NULL,'1','11'),(793,1,'45395780',1,'10','2023','2023-10-16','16:58:37','2023-10-16 16:58:37',NULL,'1','12'),(794,1,'45520464',1,'10','2023','2023-10-16','11:08:19','2023-10-16 11:08:19',NULL,'1','13'),(795,1,'47099292',1,'10','2023','2023-10-16','17:14:30','2023-10-16 17:14:30',NULL,'1','14'),(796,1,'70392696',1,'10','2023','2023-10-16','13:07:12','2023-10-16 13:07:12',NULL,'1','15'),(797,1,'70392696',1,'10','2023','2023-10-16','18:32:28','2023-10-16 18:32:28',NULL,'2','16'),(798,1,'71006845',1,'10','2023','2023-10-16','16:55:21','2023-10-16 16:55:21',NULL,'1','17'),(799,1,'71722191',1,'10','2023','2023-10-16','08:21:34','2023-10-16 08:21:34',NULL,'1','18'),(800,1,'71722191',1,'10','2023','2023-10-16','18:32:09','2023-10-16 18:32:09',NULL,'2','19'),(801,1,'73092839',1,'10','2023','2023-10-16','11:28:41','2023-10-16 11:28:41',NULL,'1','20'),(802,1,'73092839',1,'10','2023','2023-10-16','13:02:49','2023-10-16 13:02:49',NULL,'2','21'),(803,1,'76480943',1,'10','2023','2023-10-16','11:34:03','2023-10-16 11:34:03',NULL,'1','22'),(804,1,'77275303',1,'10','2023','2023-10-16','11:31:32','2023-10-16 11:31:32',NULL,'1','23'),(805,1,'43927410',1,'10','2023','2023-10-14','10:20:57','2023-10-14 10:20:57',NULL,'1','1'),(806,1,'43927410',1,'10','2023','2023-10-14','10:25:54','2023-10-14 10:25:54',NULL,'2','2'),(807,1,'71722191',1,'10','2023','2023-10-14','10:25:48','2023-10-14 10:25:48',NULL,'1','3'),(808,1,'71722191',1,'10','2023','2023-10-14','13:33:10','2023-10-14 13:33:10',NULL,'2','4'),(809,1,'43927410',1,'10','2023','2023-10-13','10:10:39','2023-10-13 10:10:39',NULL,'1','1'),(810,1,'43927410',1,'10','2023','2023-10-13','10:44:55','2023-10-13 10:44:55',NULL,'2','2'),(811,1,'43927410',1,'10','2023','2023-10-13','10:46:58','2023-10-13 10:46:58',NULL,'3','3'),(812,1,'70071631',1,'10','2023','2023-10-13','10:45:54','2023-10-13 10:45:54',NULL,'1','4'),(813,1,'70071631',1,'10','2023','2023-10-13','10:47:19','2023-10-13 10:47:19',NULL,'2','5'),(814,1,'70071631',1,'10','2023','2023-10-13','10:48:20','2023-10-13 10:48:20',NULL,'3','6'),(815,1,'71838462',1,'10','2023','2023-10-13','10:47:05','2023-10-13 10:47:05',NULL,'1','7'),(816,1,'23809853',1,'10','2023','2023-10-30','08:53:04','2023-10-30 08:53:04',NULL,'1','1'),(817,1,'23809853',1,'10','2023','2023-10-30','12:29:39','2023-10-30 12:29:39',NULL,'2','2'),(818,1,'23809853',1,'10','2023','2023-10-30','13:31:08','2023-10-30 13:31:08',NULL,'3','3'),(819,1,'23809853',1,'10','2023','2023-10-30','18:30:22','2023-10-30 18:30:22',NULL,'4','4'),(820,1,'23846077',1,'10','2023','2023-10-30','08:11:03','2023-10-30 08:11:03',NULL,'1','5'),(821,1,'23846077',1,'10','2023','2023-10-30','13:00:27','2023-10-30 13:00:27',NULL,'2','6'),(822,1,'23846077',1,'10','2023','2023-10-30','14:09:01','2023-10-30 14:09:01',NULL,'3','7'),(823,1,'23846077',1,'10','2023','2023-10-30','17:31:00','2023-10-30 17:31:00',NULL,'4','8'),(824,1,'23856998',1,'10','2023','2023-10-30','08:30:16','2023-10-30 08:30:16',NULL,'1','9'),(825,1,'23856998',1,'10','2023','2023-10-30','13:32:27','2023-10-30 13:32:27',NULL,'2','10'),(826,1,'23856998',1,'10','2023','2023-10-30','14:30:53','2023-10-30 14:30:53',NULL,'3','11'),(827,1,'23856998',1,'10','2023','2023-10-30','17:15:04','2023-10-30 17:15:04',NULL,'4','12'),(828,1,'23867324',1,'10','2023','2023-10-30','08:05:42','2023-10-30 08:05:42',NULL,'1','13'),(829,1,'23867324',1,'10','2023','2023-10-30','18:56:55','2023-10-30 18:56:55',NULL,'2','14'),(830,1,'23966459',1,'10','2023','2023-10-30','07:44:35','2023-10-30 07:44:35',NULL,'1','15'),(831,1,'23966459',1,'10','2023','2023-10-30','13:12:19','2023-10-30 13:12:19',NULL,'2','16'),(832,1,'23966459',1,'10','2023','2023-10-30','13:54:51','2023-10-30 13:54:51',NULL,'3','17'),(833,1,'23966459',1,'10','2023','2023-10-30','17:01:25','2023-10-30 17:01:25',NULL,'4','18'),(834,1,'24003844',1,'10','2023','2023-10-30','08:13:19','2023-10-30 08:13:19',NULL,'1','19'),(835,1,'24003844',1,'10','2023','2023-10-30','13:00:14','2023-10-30 13:00:14',NULL,'2','20'),(836,1,'24003844',1,'10','2023','2023-10-30','13:59:00','2023-10-30 13:59:00',NULL,'3','21'),(837,1,'24003844',1,'10','2023','2023-10-30','17:31:39','2023-10-30 17:31:39',NULL,'4','22'),(838,1,'40595391',1,'10','2023','2023-10-30','09:12:55','2023-10-30 09:12:55',NULL,'1','23'),(839,1,'40595391',1,'10','2023','2023-10-30','12:13:13','2023-10-30 12:13:13',NULL,'2','24'),(840,1,'40595391',1,'10','2023','2023-10-30','13:10:36','2023-10-30 13:10:36',NULL,'3','25'),(841,1,'40595391',1,'10','2023','2023-10-30','18:38:17','2023-10-30 18:38:17',NULL,'4','26'),(842,1,'42309793',1,'10','2023','2023-10-30','13:08:14','2023-10-30 13:08:14',NULL,'1','27'),(843,1,'42309793',1,'10','2023','2023-10-30','18:32:12','2023-10-30 18:32:12',NULL,'2','28'),(844,1,'42354085',1,'10','2023','2023-10-30','08:23:46','2023-10-30 08:23:46',NULL,'1','29'),(845,1,'42354085',1,'10','2023','2023-10-30','13:02:41','2023-10-30 13:02:41',NULL,'2','30'),(846,1,'42354085',1,'10','2023','2023-10-30','14:06:11','2023-10-30 14:06:11',NULL,'3','31'),(847,1,'42354085',1,'10','2023','2023-10-30','18:40:52','2023-10-30 18:40:52',NULL,'4','32'),(848,1,'42380889',1,'10','2023','2023-10-30','12:54:54','2023-10-30 12:54:54',NULL,'1','33'),(849,1,'42380889',1,'10','2023','2023-10-30','19:00:08','2023-10-30 19:00:08',NULL,'2','34'),(850,1,'43595171',1,'10','2023','2023-10-30','07:54:38','2023-10-30 07:54:38',NULL,'1','35'),(851,1,'43595171',1,'10','2023','2023-10-30','13:04:19','2023-10-30 13:04:19',NULL,'2','36'),(852,1,'43822402',1,'10','2023','2023-10-30','11:19:47','2023-10-30 11:19:47',NULL,'1','37'),(853,1,'43822402',1,'10','2023','2023-10-30','11:37:58','2023-10-30 11:37:58',NULL,'2','38'),(854,1,'43822402',1,'10','2023','2023-10-30','13:25:50','2023-10-30 13:25:50',NULL,'3','39'),(855,1,'43822402',1,'10','2023','2023-10-30','17:09:25','2023-10-30 17:09:25',NULL,'4','40'),(856,1,'44171667',1,'10','2023','2023-10-30','08:22:49','2023-10-30 08:22:49',NULL,'1','41'),(857,1,'44171667',1,'10','2023','2023-10-30','13:32:36','2023-10-30 13:32:36',NULL,'2','42'),(858,1,'44668144',1,'10','2023','2023-10-30','07:44:57','2023-10-30 07:44:57',NULL,'1','43'),(859,1,'44668144',1,'10','2023','2023-10-30','14:06:37','2023-10-30 14:06:37',NULL,'2','44'),(860,1,'44668144',1,'10','2023','2023-10-30','17:10:33','2023-10-30 17:10:33',NULL,'3','45'),(861,1,'45395780',1,'10','2023','2023-10-30','07:49:06','2023-10-30 07:49:06',NULL,'1','46'),(862,1,'45395780',1,'10','2023','2023-10-30','12:34:01','2023-10-30 12:34:01',NULL,'2','47'),(863,1,'45395780',1,'10','2023','2023-10-30','13:15:00','2023-10-30 13:15:00',NULL,'3','48'),(864,1,'45395780',1,'10','2023','2023-10-30','17:10:37','2023-10-30 17:10:37',NULL,'4','49'),(865,1,'45520464',1,'10','2023','2023-10-30','08:23:32','2023-10-30 08:23:32',NULL,'1','50'),(866,1,'45520464',1,'10','2023','2023-10-30','12:33:24','2023-10-30 12:33:24',NULL,'2','51'),(867,1,'45520464',1,'10','2023','2023-10-30','13:30:46','2023-10-30 13:30:46',NULL,'3','52'),(868,1,'45520464',1,'10','2023','2023-10-30','18:36:31','2023-10-30 18:36:31',NULL,'4','53'),(869,1,'46019732',1,'10','2023','2023-10-30','13:32:05','2023-10-30 13:32:05',NULL,'1','54'),(870,1,'46019732',1,'10','2023','2023-10-30','18:40:41','2023-10-30 18:40:41',NULL,'2','55'),(871,1,'46521973',1,'10','2023','2023-10-30','07:54:28','2023-10-30 07:54:28',NULL,'1','56'),(872,1,'46521973',1,'10','2023','2023-10-30','14:00:42','2023-10-30 14:00:42',NULL,'2','57'),(873,1,'46955536',1,'10','2023','2023-10-30','08:32:16','2023-10-30 08:32:16',NULL,'1','58'),(874,1,'46955536',1,'10','2023','2023-10-30','13:42:45','2023-10-30 13:42:45',NULL,'2','59'),(875,1,'46955536',1,'10','2023','2023-10-30','14:29:22','2023-10-30 14:29:22',NULL,'3','60'),(876,1,'46955536',1,'10','2023','2023-10-30','17:42:42','2023-10-30 17:42:42',NULL,'4','61'),(877,1,'47099292',1,'10','2023','2023-10-30','08:04:27','2023-10-30 08:04:27',NULL,'1','62'),(878,1,'47099292',1,'10','2023','2023-10-30','12:29:16','2023-10-30 12:29:16',NULL,'2','63'),(879,1,'47099292',1,'10','2023','2023-10-30','13:29:57','2023-10-30 13:29:57',NULL,'3','64'),(880,1,'47099292',1,'10','2023','2023-10-30','17:13:04','2023-10-30 17:13:04',NULL,'4','65'),(881,1,'70599092',1,'10','2023','2023-10-30','07:59:12','2023-10-30 07:59:12',NULL,'1','66'),(882,1,'70599092',1,'10','2023','2023-10-30','13:03:05','2023-10-30 13:03:05',NULL,'2','67'),(883,1,'70599092',1,'10','2023','2023-10-30','13:56:10','2023-10-30 13:56:10',NULL,'3','68'),(884,1,'70599092',1,'10','2023','2023-10-30','18:35:46','2023-10-30 18:35:46',NULL,'4','69'),(885,1,'71006845',1,'10','2023','2023-10-30','13:24:15','2023-10-30 13:24:15',NULL,'1','70'),(886,1,'71006845',1,'10','2023','2023-10-30','18:30:31','2023-10-30 18:30:31',NULL,'2','71'),(887,1,'71722191',1,'10','2023','2023-10-30','08:18:39','2023-10-30 08:18:39',NULL,'1','72'),(888,1,'71722191',1,'10','2023','2023-10-30','13:40:53','2023-10-30 13:40:53',NULL,'2','73'),(889,1,'73092839',1,'10','2023','2023-10-30','08:08:46','2023-10-30 08:08:46',NULL,'1','74'),(890,1,'73092839',1,'10','2023','2023-10-30','13:00:03','2023-10-30 13:00:03',NULL,'2','75'),(891,1,'73092839',1,'10','2023','2023-10-30','14:00:21','2023-10-30 14:00:21',NULL,'3','76'),(892,1,'73092839',1,'10','2023','2023-10-30','18:30:11','2023-10-30 18:30:11',NULL,'4','77'),(893,1,'77275303',1,'10','2023','2023-10-30','08:30:20','2023-10-30 08:30:20',NULL,'1','78'),(894,1,'77275303',1,'10','2023','2023-10-30','12:29:31','2023-10-30 12:29:31',NULL,'2','79'),(895,1,'77275303',1,'10','2023','2023-10-30','13:20:20','2023-10-30 13:20:20',NULL,'3','80'),(896,1,'77275303',1,'10','2023','2023-10-30','18:30:05','2023-10-30 18:30:05',NULL,'4','81'),(916,1,'23809853',1,'10','2023','2023-10-31','08:17:18','2023-10-31 08:17:18',NULL,'1','1'),(917,1,'23809853',1,'10','2023','2023-10-31','12:30:15','2023-10-31 12:30:15',NULL,'2','2'),(918,1,'23809853',1,'10','2023','2023-10-31','13:26:45','2023-10-31 13:26:45',NULL,'3','3'),(919,1,'23809853',1,'10','2023','2023-10-31','18:31:17','2023-10-31 18:31:17',NULL,'4','4'),(920,1,'23846077',1,'10','2023','2023-10-31','08:19:14','2023-10-31 08:19:14',NULL,'1','5'),(921,1,'23846077',1,'10','2023','2023-10-31','13:00:27','2023-10-31 13:00:27',NULL,'2','6'),(922,1,'23846077',1,'10','2023','2023-10-31','14:07:55','2023-10-31 14:07:55',NULL,'3','7'),(923,1,'23846077',1,'10','2023','2023-10-31','17:30:34','2023-10-31 17:30:34',NULL,'4','8'),(924,1,'23856998',1,'10','2023','2023-10-31','08:16:29','2023-10-31 08:16:29',NULL,'1','9'),(925,1,'23856998',1,'10','2023','2023-10-31','13:30:57','2023-10-31 13:30:57',NULL,'2','10'),(926,1,'23856998',1,'10','2023','2023-10-31','14:33:18','2023-10-31 14:33:18',NULL,'3','11'),(927,1,'23867324',1,'10','2023','2023-10-31','07:46:44','2023-10-31 07:46:44',NULL,'1','12'),(928,1,'23966459',1,'10','2023','2023-10-31','07:43:53','2023-10-31 07:43:53',NULL,'1','13'),(929,1,'23966459',1,'10','2023','2023-10-31','13:07:46','2023-10-31 13:07:46',NULL,'2','14'),(930,1,'23966459',1,'10','2023','2023-10-31','13:56:56','2023-10-31 13:56:56',NULL,'3','15'),(931,1,'23966459',1,'10','2023','2023-10-31','17:03:33','2023-10-31 17:03:33',NULL,'4','16'),(932,1,'24003844',1,'10','2023','2023-10-31','08:08:48','2023-10-31 08:08:48',NULL,'1','17'),(933,1,'24003844',1,'10','2023','2023-10-31','13:00:47','2023-10-31 13:00:47',NULL,'2','18'),(934,1,'24003844',1,'10','2023','2023-10-31','13:56:24','2023-10-31 13:56:24',NULL,'3','19'),(935,1,'24003844',1,'10','2023','2023-10-31','17:32:55','2023-10-31 17:32:55',NULL,'4','20'),(936,1,'25000306',1,'10','2023','2023-10-31','07:57:04','2023-10-31 07:57:04',NULL,'1','21'),(937,1,'25000306',1,'10','2023','2023-10-31','13:10:39','2023-10-31 13:10:39',NULL,'2','22'),(938,1,'25000306',1,'10','2023','2023-10-31','14:09:44','2023-10-31 14:09:44',NULL,'3','23'),(939,1,'25000306',1,'10','2023','2023-10-31','19:16:26','2023-10-31 19:16:26',NULL,'4','24'),(940,1,'40595391',1,'10','2023','2023-10-31','09:07:29','2023-10-31 09:07:29',NULL,'1','25'),(941,1,'40595391',1,'10','2023','2023-10-31','12:06:01','2023-10-31 12:06:01',NULL,'2','26'),(942,1,'40595391',1,'10','2023','2023-10-31','13:04:49','2023-10-31 13:04:49',NULL,'3','27'),(943,1,'40595391',1,'10','2023','2023-10-31','18:38:34','2023-10-31 18:38:34',NULL,'4','28'),(944,1,'42309793',1,'10','2023','2023-10-31','13:09:53','2023-10-31 13:09:53',NULL,'1','29'),(945,1,'42309793',1,'10','2023','2023-10-31','18:30:29','2023-10-31 18:30:29',NULL,'2','30'),(946,1,'42380889',1,'10','2023','2023-10-31','12:51:45','2023-10-31 12:51:45',NULL,'1','31'),(947,1,'42380889',1,'10','2023','2023-10-31','19:00:04','2023-10-31 19:00:04',NULL,'2','32'),(948,1,'43595171',1,'10','2023','2023-10-31','07:56:34','2023-10-31 07:56:34',NULL,'1','33'),(949,1,'43595171',1,'10','2023','2023-10-31','13:00:53','2023-10-31 13:00:53',NULL,'2','34'),(950,1,'44171667',1,'10','2023','2023-10-31','08:26:07','2023-10-31 08:26:07',NULL,'1','35'),(951,1,'44171667',1,'10','2023','2023-10-31','13:31:13','2023-10-31 13:31:13',NULL,'2','36'),(952,1,'44668144',1,'10','2023','2023-10-31','07:41:58','2023-10-31 07:41:58',NULL,'1','37'),(953,1,'44668144',1,'10','2023','2023-10-31','12:03:28','2023-10-31 12:03:28',NULL,'2','38'),(954,1,'44668144',1,'10','2023','2023-10-31','12:59:59','2023-10-31 12:59:59',NULL,'3','39'),(955,1,'44668144',1,'10','2023','2023-10-31','17:04:58','2023-10-31 17:04:58',NULL,'4','40'),(956,1,'45395780',1,'10','2023','2023-10-31','07:41:46','2023-10-31 07:41:46',NULL,'1','41'),(957,1,'45395780',1,'10','2023','2023-10-31','13:07:50','2023-10-31 13:07:50',NULL,'2','42'),(958,1,'45395780',1,'10','2023','2023-10-31','13:56:52','2023-10-31 13:56:52',NULL,'3','43'),(959,1,'45395780',1,'10','2023','2023-10-31','17:04:49','2023-10-31 17:04:49',NULL,'4','44'),(960,1,'45520464',1,'10','2023','2023-10-31','07:59:48','2023-10-31 07:59:48',NULL,'1','45'),(961,1,'45520464',1,'10','2023','2023-10-31','12:31:22','2023-10-31 12:31:22',NULL,'2','46'),(962,1,'45520464',1,'10','2023','2023-10-31','13:23:17','2023-10-31 13:23:17',NULL,'3','47'),(963,1,'45520464',1,'10','2023','2023-10-31','18:38:00','2023-10-31 18:38:00',NULL,'4','48'),(964,1,'46019732',1,'10','2023','2023-10-31','13:27:50','2023-10-31 13:27:50',NULL,'1','49'),(965,1,'46019732',1,'10','2023','2023-10-31','18:46:06','2023-10-31 18:46:06',NULL,'2','50'),(966,1,'46521973',1,'10','2023','2023-10-31','07:56:26','2023-10-31 07:56:26',NULL,'1','51'),(967,1,'46521973',1,'10','2023','2023-10-31','14:04:11','2023-10-31 14:04:11',NULL,'2','52'),(968,1,'46955536',1,'10','2023','2023-10-31','08:33:50','2023-10-31 08:33:50',NULL,'1','53'),(969,1,'46955536',1,'10','2023','2023-10-31','13:40:56','2023-10-31 13:40:56',NULL,'2','54'),(970,1,'46955536',1,'10','2023','2023-10-31','14:22:46','2023-10-31 14:22:46',NULL,'3','55'),(971,1,'46955536',1,'10','2023','2023-10-31','17:36:06','2023-10-31 17:36:06',NULL,'4','56'),(972,1,'47099292',1,'10','2023','2023-10-31','08:10:22','2023-10-31 08:10:22',NULL,'1','57'),(973,1,'47099292',1,'10','2023','2023-10-31','12:59:39','2023-10-31 12:59:39',NULL,'2','58'),(974,1,'47099292',1,'10','2023','2023-10-31','13:47:22','2023-10-31 13:47:22',NULL,'3','59'),(975,1,'47099292',1,'10','2023','2023-10-31','17:07:19','2023-10-31 17:07:19',NULL,'4','60'),(976,1,'70599092',1,'10','2023','2023-10-31','07:55:53','2023-10-31 07:55:53',NULL,'1','61'),(977,1,'70599092',1,'10','2023','2023-10-31','13:03:38','2023-10-31 13:03:38',NULL,'2','62'),(978,1,'70599092',1,'10','2023','2023-10-31','13:57:42','2023-10-31 13:57:42',NULL,'3','63'),(979,1,'70599092',1,'10','2023','2023-10-31','18:37:35','2023-10-31 18:37:35',NULL,'4','64'),(980,1,'71006845',1,'10','2023','2023-10-31','13:31:05','2023-10-31 13:31:05',NULL,'1','65'),(981,1,'71006845',1,'10','2023','2023-10-31','18:31:09','2023-10-31 18:31:09',NULL,'2','66'),(982,1,'71722191',1,'10','2023','2023-10-31','07:50:59','2023-10-31 07:50:59',NULL,'1','67'),(983,1,'71722191',1,'10','2023','2023-10-31','13:36:41','2023-10-31 13:36:41',NULL,'2','68'),(984,1,'73092839',1,'10','2023','2023-10-31','07:49:21','2023-10-31 07:49:21',NULL,'1','69'),(985,1,'73092839',1,'10','2023','2023-10-31','13:00:16','2023-10-31 13:00:16',NULL,'2','70'),(986,1,'73092839',1,'10','2023','2023-10-31','14:05:20','2023-10-31 14:05:20',NULL,'3','71'),(987,1,'73092839',1,'10','2023','2023-10-31','18:30:25','2023-10-31 18:30:25',NULL,'4','72'),(988,1,'77275303',1,'10','2023','2023-10-31','07:56:06','2023-10-31 07:56:06',NULL,'1','73'),(989,1,'77275303',1,'10','2023','2023-10-31','12:30:03','2023-10-31 12:30:03',NULL,'2','74'),(990,1,'77275303',1,'10','2023','2023-10-31','13:27:21','2023-10-31 13:27:21',NULL,'3','75'),(991,1,'77275303',1,'10','2023','2023-10-31','18:30:37','2023-10-31 18:30:37',NULL,'4','76'),(992,1,'23809853',1,'11','2023','2023-11-01','08:35:09','2023-11-01 08:35:09',NULL,'1','1'),(993,1,'23867324',1,'11','2023','2023-11-01','08:53:12','2023-11-01 08:53:12',NULL,'1','2'),(994,1,'23966459',1,'11','2023','2023-11-01','08:24:35','2023-11-01 08:24:35',NULL,'1','3'),(995,1,'25000306',1,'11','2023','2023-11-01','09:01:14','2023-11-01 09:01:14',NULL,'1','4'),(996,1,'42309793',1,'11','2023','2023-11-01','09:00:37','2023-11-01 09:00:37',NULL,'1','5'),(997,1,'42380889',1,'11','2023','2023-11-01','08:51:18','2023-11-01 08:51:18',NULL,'1','6'),(998,1,'45395780',1,'11','2023','2023-11-01','08:25:01','2023-11-01 08:25:01',NULL,'1','7'),(999,1,'45520464',1,'11','2023','2023-11-01','08:48:33','2023-11-01 08:48:33',NULL,'1','8'),(1000,1,'46955536',1,'11','2023','2023-11-01','08:51:31','2023-11-01 08:51:31',NULL,'1','9'),(1001,1,'47099292',1,'11','2023','2023-11-01','08:26:43','2023-11-01 08:26:43',NULL,'1','10'),(1002,1,'71006845',1,'11','2023','2023-11-01','08:52:18','2023-11-01 08:52:18',NULL,'1','11'),(1003,1,'71722191',1,'11','2023','2023-11-01','08:56:19','2023-11-01 08:56:19',NULL,'1','12'),(1004,1,'73092839',1,'11','2023','2023-11-01','09:00:13','2023-11-01 09:00:13',NULL,'1','13'),(1005,1,'77275303',1,'11','2023','2023-11-01','08:50:15','2023-11-01 08:50:15',NULL,'1','14'),(1006,1,'23809853',1,'11','2023','2023-11-02','08:08:33','2023-11-02 08:08:33',NULL,'1','1'),(1007,1,'23809853',1,'11','2023','2023-11-02','12:31:44','2023-11-02 12:31:44',NULL,'2','2'),(1008,1,'23809853',1,'11','2023','2023-11-02','13:24:59','2023-11-02 13:24:59',NULL,'3','3'),(1009,1,'23809853',1,'11','2023','2023-11-02','18:32:25','2023-11-02 18:32:25',NULL,'4','4'),(1010,1,'23846077',1,'11','2023','2023-11-02','08:14:44','2023-11-02 08:14:44',NULL,'1','5'),(1011,1,'23846077',1,'11','2023','2023-11-02','14:04:00','2023-11-02 14:04:00',NULL,'2','6'),(1012,1,'23846077',1,'11','2023','2023-11-02','17:30:21','2023-11-02 17:30:21',NULL,'3','7'),(1013,1,'23856998',1,'11','2023','2023-11-02','08:19:06','2023-11-02 08:19:06',NULL,'1','8'),(1014,1,'23856998',1,'11','2023','2023-11-02','13:30:16','2023-11-02 13:30:16',NULL,'2','9'),(1015,1,'23856998',1,'11','2023','2023-11-02','14:28:54','2023-11-02 14:28:54',NULL,'3','10'),(1016,1,'23856998',1,'11','2023','2023-11-02','17:01:04','2023-11-02 17:01:04',NULL,'4','11'),(1017,1,'23867324',1,'11','2023','2023-11-02','19:12:18','2023-11-02 19:12:18',NULL,'1','12'),(1018,1,'23966459',1,'11','2023','2023-11-02','09:14:11','2023-11-02 09:14:11',NULL,'1','13'),(1019,1,'23966459',1,'11','2023','2023-11-02','13:38:36','2023-11-02 13:38:36',NULL,'2','14'),(1020,1,'23966459',1,'11','2023','2023-11-02','14:26:02','2023-11-02 14:26:02',NULL,'3','15'),(1021,1,'23966459',1,'11','2023','2023-11-02','18:30:46','2023-11-02 18:30:46',NULL,'4','16'),(1022,1,'24003844',1,'11','2023','2023-11-02','08:26:23','2023-11-02 08:26:23',NULL,'1','17'),(1023,1,'24003844',1,'11','2023','2023-11-02','13:00:23','2023-11-02 13:00:23',NULL,'2','18'),(1024,1,'24003844',1,'11','2023','2023-11-02','13:49:23','2023-11-02 13:49:23',NULL,'3','19'),(1025,1,'25000306',1,'11','2023','2023-11-02','08:05:55','2023-11-02 08:05:55',NULL,'1','20'),(1026,1,'25000306',1,'11','2023','2023-11-02','13:00:29','2023-11-02 13:00:29',NULL,'2','21'),(1027,1,'25000306',1,'11','2023','2023-11-02','13:59:58','2023-11-02 13:59:58',NULL,'3','22'),(1028,1,'25000306',1,'11','2023','2023-11-02','19:01:00','2023-11-02 19:01:00',NULL,'4','23'),(1029,1,'40595391',1,'11','2023','2023-11-02','07:46:26','2023-11-02 07:46:26',NULL,'1','24'),(1030,1,'40595391',1,'11','2023','2023-11-02','12:28:45','2023-11-02 12:28:45',NULL,'2','25'),(1031,1,'40595391',1,'11','2023','2023-11-02','13:29:11','2023-11-02 13:29:11',NULL,'3','26'),(1032,1,'40595391',1,'11','2023','2023-11-02','17:10:24','2023-11-02 17:10:24',NULL,'4','27'),(1033,1,'42309793',1,'11','2023','2023-11-02','13:14:48','2023-11-02 13:14:48',NULL,'1','28'),(1034,1,'42309793',1,'11','2023','2023-11-02','18:30:29','2023-11-02 18:30:29',NULL,'2','29'),(1035,1,'42380889',1,'11','2023','2023-11-02','12:53:08','2023-11-02 12:53:08',NULL,'1','30'),(1036,1,'42380889',1,'11','2023','2023-11-02','19:00:03','2023-11-02 19:00:03',NULL,'2','31'),(1037,1,'43595171',1,'11','2023','2023-11-02','07:54:46','2023-11-02 07:54:46',NULL,'1','32'),(1038,1,'43595171',1,'11','2023','2023-11-02','13:09:45','2023-11-02 13:09:45',NULL,'2','33'),(1039,1,'44171667',1,'11','2023','2023-11-02','08:26:10','2023-11-02 08:26:10',NULL,'1','34'),(1040,1,'44171667',1,'11','2023','2023-11-02','13:31:58','2023-11-02 13:31:58',NULL,'2','35'),(1041,1,'45395780',1,'11','2023','2023-11-02','07:49:59','2023-11-02 07:49:59',NULL,'1','36'),(1042,1,'45395780',1,'11','2023','2023-11-02','13:38:31','2023-11-02 13:38:31',NULL,'2','37'),(1043,1,'45395780',1,'11','2023','2023-11-02','14:25:45','2023-11-02 14:25:45',NULL,'3','38'),(1044,1,'45395780',1,'11','2023','2023-11-02','17:09:01','2023-11-02 17:09:01',NULL,'4','39'),(1045,1,'46019732',1,'11','2023','2023-11-02','13:26:57','2023-11-02 13:26:57',NULL,'1','40'),(1046,1,'46019732',1,'11','2023','2023-11-02','18:44:34','2023-11-02 18:44:34',NULL,'2','41'),(1047,1,'46521973',1,'11','2023','2023-11-02','07:47:47','2023-11-02 07:47:47',NULL,'1','42'),(1048,1,'46521973',1,'11','2023','2023-11-02','13:43:19','2023-11-02 13:43:19',NULL,'2','43'),(1049,1,'46955536',1,'11','2023','2023-11-02','08:25:08','2023-11-02 08:25:08',NULL,'1','44'),(1050,1,'46955536',1,'11','2023','2023-11-02','13:36:06','2023-11-02 13:36:06',NULL,'2','45'),(1051,1,'46955536',1,'11','2023','2023-11-02','14:23:55','2023-11-02 14:23:55',NULL,'3','46'),(1052,1,'46955536',1,'11','2023','2023-11-02','17:41:05','2023-11-02 17:41:05',NULL,'4','47'),(1053,1,'47099292',1,'11','2023','2023-11-02','07:51:30','2023-11-02 07:51:30',NULL,'1','48'),(1054,1,'47099292',1,'11','2023','2023-11-02','12:56:28','2023-11-02 12:56:28',NULL,'2','49'),(1055,1,'47099292',1,'11','2023','2023-11-02','13:55:45','2023-11-02 13:55:45',NULL,'3','50'),(1056,1,'47099292',1,'11','2023','2023-11-02','17:12:41','2023-11-02 17:12:41',NULL,'4','51'),(1057,1,'70392696',1,'11','2023','2023-11-02','08:01:53','2023-11-02 08:01:53',NULL,'1','52'),(1058,1,'70392696',1,'11','2023','2023-11-02','13:00:10','2023-11-02 13:00:10',NULL,'2','53'),(1059,1,'70392696',1,'11','2023','2023-11-02','14:00:04','2023-11-02 14:00:04',NULL,'3','54'),(1060,1,'70392696',1,'11','2023','2023-11-02','18:30:13','2023-11-02 18:30:13',NULL,'4','55'),(1061,1,'70599092',1,'11','2023','2023-11-02','08:20:39','2023-11-02 08:20:39',NULL,'1','56'),(1062,1,'70599092',1,'11','2023','2023-11-02','14:02:28','2023-11-02 14:02:28',NULL,'2','57'),(1063,1,'71006845',1,'11','2023','2023-11-02','13:27:51','2023-11-02 13:27:51',NULL,'1','58'),(1064,1,'71006845',1,'11','2023','2023-11-02','18:30:07','2023-11-02 18:30:07',NULL,'2','59'),(1065,1,'71722191',1,'11','2023','2023-11-02','08:17:38','2023-11-02 08:17:38',NULL,'1','60'),(1066,1,'71722191',1,'11','2023','2023-11-02','13:37:46','2023-11-02 13:37:46',NULL,'2','61'),(1067,1,'77275303',1,'11','2023','2023-11-02','08:05:19','2023-11-02 08:05:19',NULL,'1','62'),(1068,1,'77275303',1,'11','2023','2023-11-02','12:30:02','2023-11-02 12:30:02',NULL,'2','63'),(1069,1,'77275303',1,'11','2023','2023-11-02','13:20:16','2023-11-02 13:20:16',NULL,'3','64'),(1070,1,'77275303',1,'11','2023','2023-11-02','18:30:02','2023-11-02 18:30:02',NULL,'4','65'),(1071,1,'23809853',1,'11','2023','2023-11-03','08:08:22','2023-11-03 08:08:22',NULL,'1','1'),(1072,1,'23846077',1,'11','2023','2023-11-03','08:13:56','2023-11-03 08:13:56',NULL,'1','2'),(1073,1,'23856998',1,'11','2023','2023-11-03','07:47:55','2023-11-03 07:47:55',NULL,'1','3'),(1074,1,'23867324',1,'11','2023','2023-11-03','07:49:57','2023-11-03 07:49:57',NULL,'1','4'),(1075,1,'23966459',1,'11','2023','2023-11-03','09:15:04','2023-11-03 09:15:04',NULL,'1','5'),(1076,1,'24003844',1,'11','2023','2023-11-03','08:18:51','2023-11-03 08:18:51',NULL,'1','6'),(1077,1,'25000306',1,'11','2023','2023-11-03','08:00:49','2023-11-03 08:00:49',NULL,'1','7'),(1078,1,'40595391',1,'11','2023','2023-11-03','07:44:12','2023-11-03 07:44:12',NULL,'1','8'),(1079,1,'43595171',1,'11','2023','2023-11-03','07:56:53','2023-11-03 07:56:53',NULL,'1','9'),(1080,1,'44171667',1,'11','2023','2023-11-03','08:29:08','2023-11-03 08:29:08',NULL,'1','10'),(1081,1,'44668144',1,'11','2023','2023-11-03','07:45:39','2023-11-03 07:45:39',NULL,'1','11'),(1082,1,'45395780',1,'11','2023','2023-11-03','07:46:17','2023-11-03 07:46:17',NULL,'1','12'),(1083,1,'45520464',1,'11','2023','2023-11-03','07:48:01','2023-11-03 07:48:01',NULL,'1','13'),(1084,1,'46521973',1,'11','2023','2023-11-03','08:09:37','2023-11-03 08:09:37',NULL,'1','14'),(1085,1,'46955536',1,'11','2023','2023-11-03','08:27:53','2023-11-03 08:27:53',NULL,'1','15'),(1086,1,'47099292',1,'11','2023','2023-11-03','07:54:43','2023-11-03 07:54:43',NULL,'1','16'),(1087,1,'70392696',1,'11','2023','2023-11-03','08:04:04','2023-11-03 08:04:04',NULL,'1','17'),(1088,1,'70599092',1,'11','2023','2023-11-03','08:23:43','2023-11-03 08:23:43',NULL,'1','18'),(1089,1,'71722191',1,'11','2023','2023-11-03','08:18:38','2023-11-03 08:18:38',NULL,'1','19'),(1090,1,'77275303',1,'11','2023','2023-11-03','08:19:37','2023-11-03 08:19:37',NULL,'1','20'),(1104,1,'23809853',1,'11','2023','2023-11-04','08:45:41','2023-11-04 08:45:41',NULL,'1','1'),(1105,1,'23809853',1,'11','2023','2023-11-04','13:30:30','2023-11-04 13:30:30',NULL,'2','2'),(1106,1,'23856421',1,'11','2023','2023-11-04','10:46:13','2023-11-04 10:46:13',NULL,'1','3'),(1107,1,'23867324',1,'11','2023','2023-11-04','08:26:21','2023-11-04 08:26:21',NULL,'1','4'),(1108,1,'23867324',1,'11','2023','2023-11-04','13:51:04','2023-11-04 13:51:04',NULL,'2','5'),(1109,1,'23966459',1,'11','2023','2023-11-04','08:48:39','2023-11-04 08:48:39',NULL,'1','6'),(1110,1,'23966459',1,'11','2023','2023-11-04','12:03:57','2023-11-04 12:03:57',NULL,'2','7'),(1111,1,'25000306',1,'11','2023','2023-11-04','08:47:45','2023-11-04 08:47:45',NULL,'1','8'),(1112,1,'25000306',1,'11','2023','2023-11-04','14:06:17','2023-11-04 14:06:17',NULL,'2','9'),(1113,1,'40779232',1,'11','2023','2023-11-04','08:51:18','2023-11-04 08:51:18',NULL,'1','10'),(1114,1,'40779232',1,'11','2023','2023-11-04','13:31:05','2023-11-04 13:31:05',NULL,'2','11'),(1115,1,'42309793',1,'11','2023','2023-11-04','08:53:41','2023-11-04 08:53:41',NULL,'1','12'),(1116,1,'42309793',1,'11','2023','2023-11-04','13:37:49','2023-11-04 13:37:49',NULL,'2','13'),(1117,1,'42380889',1,'11','2023','2023-11-04','08:52:06','2023-11-04 08:52:06',NULL,'1','14'),(1118,1,'42380889',1,'11','2023','2023-11-04','14:01:37','2023-11-04 14:01:37',NULL,'2','15'),(1119,1,'46019732',1,'11','2023','2023-11-04','09:00:57','2023-11-04 09:00:57',NULL,'1','16'),(1120,1,'46019732',1,'11','2023','2023-11-04','13:37:54','2023-11-04 13:37:54',NULL,'2','17'),(1121,1,'46955536',1,'11','2023','2023-11-04','08:55:39','2023-11-04 08:55:39',NULL,'1','18'),(1122,1,'46955536',1,'11','2023','2023-11-04','14:05:43','2023-11-04 14:05:43',NULL,'2','19'),(1123,1,'47099292',1,'11','2023','2023-11-04','08:27:31','2023-11-04 08:27:31',NULL,'1','20'),(1124,1,'47099292',1,'11','2023','2023-11-04','13:32:07','2023-11-04 13:32:07',NULL,'2','21'),(1125,1,'70392696',1,'11','2023','2023-11-04','09:00:01','2023-11-04 09:00:01',NULL,'1','22'),(1126,1,'70392696',1,'11','2023','2023-11-04','13:30:52','2023-11-04 13:30:52',NULL,'2','23'),(1127,1,'71006845',1,'11','2023','2023-11-04','09:00:09','2023-11-04 09:00:09',NULL,'1','24'),(1128,1,'71006845',1,'11','2023','2023-11-04','13:30:46','2023-11-04 13:30:46',NULL,'2','25'),(1129,1,'77275303',1,'11','2023','2023-11-04','09:20:34','2023-11-04 09:20:34',NULL,'1','26'),(1130,1,'77275303',1,'11','2023','2023-11-04','13:30:58','2023-11-04 13:30:58',NULL,'2','27'),(1131,1,'23846077',1,'11','2023','2023-11-07','08:02:46','2023-11-07 08:02:46',NULL,'1','1'),(1132,1,'23846077',1,'11','2023','2023-11-07','13:03:48','2023-11-07 13:03:48',NULL,'2','2'),(1133,1,'23846077',1,'11','2023','2023-11-07','14:02:54','2023-11-07 14:02:54',NULL,'3','3'),(1134,1,'23846077',1,'11','2023','2023-11-07','17:30:29','2023-11-07 17:30:29',NULL,'4','4'),(1135,1,'23856421',1,'11','2023','2023-11-07','08:21:25','2023-11-07 08:21:25',NULL,'1','5'),(1136,1,'23856421',1,'11','2023','2023-11-07','12:32:40','2023-11-07 12:32:40',NULL,'2','6'),(1137,1,'23856421',1,'11','2023','2023-11-07','13:24:12','2023-11-07 13:24:12',NULL,'3','7'),(1138,1,'23856421',1,'11','2023','2023-11-07','18:30:17','2023-11-07 18:30:17',NULL,'4','8'),(1139,1,'23856998',1,'11','2023','2023-11-07','13:32:01','2023-11-07 13:32:01',NULL,'1','9'),(1140,1,'23856998',1,'11','2023','2023-11-07','14:26:15','2023-11-07 14:26:15',NULL,'2','10'),(1141,1,'23856998',1,'11','2023','2023-11-07','17:12:49','2023-11-07 17:12:49',NULL,'3','11'),(1142,1,'23867324',1,'11','2023','2023-11-07','08:12:36','2023-11-07 08:12:36',NULL,'1','12'),(1143,1,'23867324',1,'11','2023','2023-11-07','18:38:40','2023-11-07 18:38:40',NULL,'2','13'),(1144,1,'23966459',1,'11','2023','2023-11-07','09:19:16','2023-11-07 09:19:16',NULL,'1','14'),(1145,1,'23966459',1,'11','2023','2023-11-07','13:26:52','2023-11-07 13:26:52',NULL,'2','15'),(1146,1,'23966459',1,'11','2023','2023-11-07','14:10:16','2023-11-07 14:10:16',NULL,'3','16'),(1147,1,'23966459',1,'11','2023','2023-11-07','18:30:10','2023-11-07 18:30:10',NULL,'4','17'),(1148,1,'24003844',1,'11','2023','2023-11-07','08:15:07','2023-11-07 08:15:07',NULL,'1','18'),(1149,1,'24003844',1,'11','2023','2023-11-07','13:00:04','2023-11-07 13:00:04',NULL,'2','19'),(1150,1,'24003844',1,'11','2023','2023-11-07','13:57:42','2023-11-07 13:57:42',NULL,'3','20'),(1151,1,'24003844',1,'11','2023','2023-11-07','17:32:39','2023-11-07 17:32:39',NULL,'4','21'),(1152,1,'40595391',1,'11','2023','2023-11-07','07:49:47','2023-11-07 07:49:47',NULL,'1','22'),(1153,1,'40595391',1,'11','2023','2023-11-07','12:18:36','2023-11-07 12:18:36',NULL,'2','23'),(1154,1,'40595391',1,'11','2023','2023-11-07','13:14:31','2023-11-07 13:14:31',NULL,'3','24'),(1155,1,'40595391',1,'11','2023','2023-11-07','17:04:07','2023-11-07 17:04:07',NULL,'4','25'),(1156,1,'42309793',1,'11','2023','2023-11-07','08:29:54','2023-11-07 08:29:54',NULL,'1','26'),(1157,1,'42309793',1,'11','2023','2023-11-07','13:32:32','2023-11-07 13:32:32',NULL,'2','27'),(1158,1,'42354085',1,'11','2023','2023-11-07','08:15:58','2023-11-07 08:15:58',NULL,'1','28'),(1159,1,'42354085',1,'11','2023','2023-11-07','14:06:05','2023-11-07 14:06:05',NULL,'2','29'),(1160,1,'42380889',1,'11','2023','2023-11-07','07:52:39','2023-11-07 07:52:39',NULL,'1','30'),(1161,1,'42380889',1,'11','2023','2023-11-07','13:00:30','2023-11-07 13:00:30',NULL,'2','31'),(1162,1,'43595171',1,'11','2023','2023-11-07','12:53:38','2023-11-07 12:53:38',NULL,'1','32'),(1163,1,'43595171',1,'11','2023','2023-11-07','19:00:36','2023-11-07 19:00:36',NULL,'2','33'),(1164,1,'44171667',1,'11','2023','2023-11-07','13:31:07','2023-11-07 13:31:07',NULL,'1','34'),(1165,1,'44171667',1,'11','2023','2023-11-07','18:30:40','2023-11-07 18:30:40',NULL,'2','35'),(1166,1,'44668144',1,'11','2023','2023-11-07','07:42:16','2023-11-07 07:42:16',NULL,'1','36'),(1167,1,'44668144',1,'11','2023','2023-11-07','12:18:39','2023-11-07 12:18:39',NULL,'2','37'),(1168,1,'44668144',1,'11','2023','2023-11-07','13:14:35','2023-11-07 13:14:35',NULL,'3','38'),(1169,1,'44668144',1,'11','2023','2023-11-07','17:04:12','2023-11-07 17:04:12',NULL,'4','39'),(1170,1,'45395780',1,'11','2023','2023-11-07','07:47:32','2023-11-07 07:47:32',NULL,'1','40'),(1171,1,'45395780',1,'11','2023','2023-11-07','13:27:03','2023-11-07 13:27:03',NULL,'2','41'),(1172,1,'45395780',1,'11','2023','2023-11-07','14:10:09','2023-11-07 14:10:09',NULL,'3','42'),(1173,1,'45395780',1,'11','2023','2023-11-07','17:01:12','2023-11-07 17:01:12',NULL,'4','43'),(1174,1,'45520464',1,'11','2023','2023-11-07','08:15:50','2023-11-07 08:15:50',NULL,'1','44'),(1175,1,'45520464',1,'11','2023','2023-11-07','12:33:46','2023-11-07 12:33:46',NULL,'2','45'),(1176,1,'45520464',1,'11','2023','2023-11-07','13:25:22','2023-11-07 13:25:22',NULL,'3','46'),(1177,1,'45520464',1,'11','2023','2023-11-07','18:34:07','2023-11-07 18:34:07',NULL,'4','47'),(1178,1,'46019732',1,'11','2023','2023-11-07','08:27:04','2023-11-07 08:27:04',NULL,'1','48'),(1179,1,'46019732',1,'11','2023','2023-11-07','13:44:39','2023-11-07 13:44:39',NULL,'2','49'),(1180,1,'46521973',1,'11','2023','2023-11-07','12:50:13','2023-11-07 12:50:13',NULL,'1','50'),(1181,1,'46521973',1,'11','2023','2023-11-07','18:45:00','2023-11-07 18:45:00',NULL,'2','51'),(1182,1,'47099292',1,'11','2023','2023-11-07','08:00:07','2023-11-07 08:00:07',NULL,'1','52'),(1183,1,'47099292',1,'11','2023','2023-11-07','13:30:32','2023-11-07 13:30:32',NULL,'2','53'),(1184,1,'47099292',1,'11','2023','2023-11-07','14:15:02','2023-11-07 14:15:02',NULL,'3','54'),(1185,1,'47099292',1,'11','2023','2023-11-07','17:01:04','2023-11-07 17:01:04',NULL,'4','55'),(1186,1,'70392696',1,'11','2023','2023-11-07','08:04:33','2023-11-07 08:04:33',NULL,'1','56'),(1187,1,'70392696',1,'11','2023','2023-11-07','13:37:27','2023-11-07 13:37:27',NULL,'2','57'),(1188,1,'70599092',1,'11','2023','2023-11-07','08:19:05','2023-11-07 08:19:05',NULL,'1','58'),(1189,1,'70599092',1,'11','2023','2023-11-07','13:03:21','2023-11-07 13:03:21',NULL,'2','59'),(1190,1,'70599092',1,'11','2023','2023-11-07','13:58:36','2023-11-07 13:58:36',NULL,'3','60'),(1191,1,'70599092',1,'11','2023','2023-11-07','18:32:31','2023-11-07 18:32:31',NULL,'4','61'),(1192,1,'71006845',1,'11','2023','2023-11-07','08:31:16','2023-11-07 08:31:16',NULL,'1','62'),(1193,1,'71006845',1,'11','2023','2023-11-07','13:33:37','2023-11-07 13:33:37',NULL,'2','63'),(1194,1,'71722191',1,'11','2023','2023-11-07','13:21:44','2023-11-07 13:21:44',NULL,'1','64'),(1195,1,'71722191',1,'11','2023','2023-11-07','18:31:08','2023-11-07 18:31:08',NULL,'2','65'),(1196,1,'73092839',1,'11','2023','2023-11-07','12:57:32','2023-11-07 12:57:32',NULL,'1','66'),(1197,1,'73092839',1,'11','2023','2023-11-07','18:30:31','2023-11-07 18:30:31',NULL,'2','67'),(1198,1,'73194069',1,'11','2023','2023-11-07','08:16:11','2023-11-07 08:16:11',NULL,'1','68'),(1199,1,'73194069',1,'11','2023','2023-11-07','13:32:15','2023-11-07 13:32:15',NULL,'2','69'),(1200,1,'73194069',1,'11','2023','2023-11-07','14:29:03','2023-11-07 14:29:03',NULL,'3','70'),(1201,1,'73194069',1,'11','2023','2023-11-07','17:44:15','2023-11-07 17:44:15',NULL,'4','71'),(1202,1,'77275303',1,'11','2023','2023-11-07','08:20:37','2023-11-07 08:20:37',NULL,'1','72'),(1203,1,'77275303',1,'11','2023','2023-11-07','12:30:28','2023-11-07 12:30:28',NULL,'2','73'),(1204,1,'77275303',1,'11','2023','2023-11-07','13:29:17','2023-11-07 13:29:17',NULL,'3','74'),(1205,1,'77275303',1,'11','2023','2023-11-07','18:30:49','2023-11-07 18:30:49',NULL,'4','75'),(1206,1,'23846077',1,'11','2023','2023-11-06','08:13:56','2023-11-06 08:13:56',NULL,'1','1'),(1207,1,'23846077',1,'11','2023','2023-11-06','17:32:37','2023-11-06 17:32:37',NULL,'2','2'),(1208,1,'23856421',1,'11','2023','2023-11-06','08:14:42','2023-11-06 08:14:42',NULL,'1','3'),(1209,1,'23856421',1,'11','2023','2023-11-06','12:55:04','2023-11-06 12:55:04',NULL,'2','4'),(1210,1,'23856421',1,'11','2023','2023-11-06','13:17:37','2023-11-06 13:17:37',NULL,'3','5'),(1211,1,'23856421',1,'11','2023','2023-11-06','18:30:32','2023-11-06 18:30:32',NULL,'4','6'),(1212,1,'23856998',1,'11','2023','2023-11-06','08:07:33','2023-11-06 08:07:33',NULL,'1','7'),(1213,1,'23856998',1,'11','2023','2023-11-06','13:30:09','2023-11-06 13:30:09',NULL,'2','8'),(1214,1,'23856998',1,'11','2023','2023-11-06','14:29:25','2023-11-06 14:29:25',NULL,'3','9'),(1215,1,'23856998',1,'11','2023','2023-11-06','18:21:23','2023-11-06 18:21:23',NULL,'4','10'),(1216,1,'23867324',1,'11','2023','2023-11-06','08:24:33','2023-11-06 08:24:33',NULL,'1','11'),(1217,1,'23867324',1,'11','2023','2023-11-06','18:36:15','2023-11-06 18:36:15',NULL,'2','12'),(1218,1,'23966459',1,'11','2023','2023-11-06','09:15:26','2023-11-06 09:15:26',NULL,'1','13'),(1219,1,'23966459',1,'11','2023','2023-11-06','13:05:17','2023-11-06 13:05:17',NULL,'2','14'),(1220,1,'23966459',1,'11','2023','2023-11-06','13:47:58','2023-11-06 13:47:58',NULL,'3','15'),(1221,1,'23966459',1,'11','2023','2023-11-06','18:30:53','2023-11-06 18:30:53',NULL,'4','16'),(1222,1,'24003844',1,'11','2023','2023-11-06','08:17:54','2023-11-06 08:17:54',NULL,'1','17'),(1223,1,'24003844',1,'11','2023','2023-11-06','13:02:40','2023-11-06 13:02:40',NULL,'2','18'),(1224,1,'24003844',1,'11','2023','2023-11-06','13:54:59','2023-11-06 13:54:59',NULL,'3','19'),(1225,1,'24003844',1,'11','2023','2023-11-06','17:34:15','2023-11-06 17:34:15',NULL,'4','20'),(1226,1,'40595391',1,'11','2023','2023-11-06','07:55:07','2023-11-06 07:55:07',NULL,'1','21'),(1227,1,'40595391',1,'11','2023','2023-11-06','12:03:41','2023-11-06 12:03:41',NULL,'2','22'),(1228,1,'40595391',1,'11','2023','2023-11-06','12:57:35','2023-11-06 12:57:35',NULL,'3','23'),(1229,1,'40595391',1,'11','2023','2023-11-06','17:04:08','2023-11-06 17:04:08',NULL,'4','24'),(1230,1,'42309793',1,'11','2023','2023-11-06','08:18:14','2023-11-06 08:18:14',NULL,'1','25'),(1231,1,'42309793',1,'11','2023','2023-11-06','13:37:06','2023-11-06 13:37:06',NULL,'2','26'),(1232,1,'42354085',1,'11','2023','2023-11-06','08:13:49','2023-11-06 08:13:49',NULL,'1','27'),(1233,1,'42354085',1,'11','2023','2023-11-06','13:03:11','2023-11-06 13:03:11',NULL,'2','28'),(1234,1,'42354085',1,'11','2023','2023-11-06','14:03:20','2023-11-06 14:03:20',NULL,'3','29'),(1235,1,'42354085',1,'11','2023','2023-11-06','19:08:21','2023-11-06 19:08:21',NULL,'4','30'),(1236,1,'42380889',1,'11','2023','2023-11-06','07:56:09','2023-11-06 07:56:09',NULL,'1','31'),(1237,1,'42380889',1,'11','2023','2023-11-06','13:00:04','2023-11-06 13:00:04',NULL,'2','32'),(1238,1,'43595171',1,'11','2023','2023-11-06','12:52:58','2023-11-06 12:52:58',NULL,'1','33'),(1239,1,'43595171',1,'11','2023','2023-11-06','19:00:03','2023-11-06 19:00:03',NULL,'2','34'),(1240,1,'44171667',1,'11','2023','2023-11-06','13:28:08','2023-11-06 13:28:08',NULL,'1','35'),(1241,1,'44171667',1,'11','2023','2023-11-06','18:30:12','2023-11-06 18:30:12',NULL,'2','36'),(1242,1,'44668144',1,'11','2023','2023-11-06','07:36:45','2023-11-06 07:36:45',NULL,'1','37'),(1243,1,'44668144',1,'11','2023','2023-11-06','12:04:54','2023-11-06 12:04:54',NULL,'2','38'),(1244,1,'44668144',1,'11','2023','2023-11-06','12:55:52','2023-11-06 12:55:52',NULL,'3','39'),(1245,1,'44668144',1,'11','2023','2023-11-06','17:04:00','2023-11-06 17:04:00',NULL,'4','40'),(1246,1,'45395780',1,'11','2023','2023-11-06','07:42:39','2023-11-06 07:42:39',NULL,'1','41'),(1247,1,'45395780',1,'11','2023','2023-11-06','11:32:03','2023-11-06 11:32:03',NULL,'2','42'),(1248,1,'45520464',1,'11','2023','2023-11-06','08:14:07','2023-11-06 08:14:07',NULL,'1','43'),(1249,1,'45520464',1,'11','2023','2023-11-06','12:38:33','2023-11-06 12:38:33',NULL,'2','44'),(1250,1,'45520464',1,'11','2023','2023-11-06','13:25:43','2023-11-06 13:25:43',NULL,'3','45'),(1251,1,'45520464',1,'11','2023','2023-11-06','18:39:04','2023-11-06 18:39:04',NULL,'4','46'),(1252,1,'46019732',1,'11','2023','2023-11-06','08:27:09','2023-11-06 08:27:09',NULL,'1','47'),(1253,1,'46019732',1,'11','2023','2023-11-06','13:34:29','2023-11-06 13:34:29',NULL,'2','48'),(1254,1,'46521973',1,'11','2023','2023-11-06','12:47:41','2023-11-06 12:47:41',NULL,'1','49'),(1255,1,'46521973',1,'11','2023','2023-11-06','18:45:02','2023-11-06 18:45:02',NULL,'2','50'),(1256,1,'47099292',1,'11','2023','2023-11-06','07:54:49','2023-11-06 07:54:49',NULL,'1','51'),(1257,1,'47099292',1,'11','2023','2023-11-06','13:12:00','2023-11-06 13:12:00',NULL,'2','52'),(1258,1,'47099292',1,'11','2023','2023-11-06','14:08:50','2023-11-06 14:08:50',NULL,'3','53'),(1259,1,'47099292',1,'11','2023','2023-11-06','17:15:55','2023-11-06 17:15:55',NULL,'4','54'),(1260,1,'70392696',1,'11','2023','2023-11-06','08:05:54','2023-11-06 08:05:54',NULL,'1','55'),(1261,1,'70392696',1,'11','2023','2023-11-06','13:47:44','2023-11-06 13:47:44',NULL,'2','56'),(1262,1,'70599092',1,'11','2023','2023-11-06','08:19:19','2023-11-06 08:19:19',NULL,'1','57'),(1263,1,'70599092',1,'11','2023','2023-11-06','13:04:13','2023-11-06 13:04:13',NULL,'2','58'),(1264,1,'70599092',1,'11','2023','2023-11-06','13:57:27','2023-11-06 13:57:27',NULL,'3','59'),(1265,1,'70599092',1,'11','2023','2023-11-06','18:34:58','2023-11-06 18:34:58',NULL,'4','60'),(1266,1,'71006845',1,'11','2023','2023-11-06','08:30:52','2023-11-06 08:30:52',NULL,'1','61'),(1267,1,'71006845',1,'11','2023','2023-11-06','13:30:57','2023-11-06 13:30:57',NULL,'2','62'),(1268,1,'71722191',1,'11','2023','2023-11-06','13:25:25','2023-11-06 13:25:25',NULL,'1','63'),(1269,1,'71722191',1,'11','2023','2023-11-06','18:31:33','2023-11-06 18:31:33',NULL,'2','64'),(1270,1,'73092839',1,'11','2023','2023-11-06','12:57:27','2023-11-06 12:57:27',NULL,'1','65'),(1271,1,'73092839',1,'11','2023','2023-11-06','18:30:48','2023-11-06 18:30:48',NULL,'2','66'),(1272,1,'73194069',1,'11','2023','2023-11-06','08:18:06','2023-11-06 08:18:06',NULL,'1','67'),(1273,1,'73194069',1,'11','2023','2023-11-06','13:31:50','2023-11-06 13:31:50',NULL,'2','68'),(1274,1,'73194069',1,'11','2023','2023-11-06','14:13:59','2023-11-06 14:13:59',NULL,'3','69'),(1275,1,'73194069',1,'11','2023','2023-11-06','17:38:03','2023-11-06 17:38:03',NULL,'4','70'),(1276,1,'77275303',1,'11','2023','2023-11-06','08:24:03','2023-11-06 08:24:03',NULL,'1','71'),(1277,1,'77275303',1,'11','2023','2023-11-06','12:40:44','2023-11-06 12:40:44',NULL,'2','72'),(1278,1,'77275303',1,'11','2023','2023-11-06','13:31:09','2023-11-06 13:31:09',NULL,'3','73'),(1279,1,'77275303',1,'11','2023','2023-11-06','18:30:17','2023-11-06 18:30:17',NULL,'4','74'),(1280,1,'23846077',1,'11','2023','2023-11-08','08:32:50','2023-11-08 08:32:50',NULL,'1','1'),(1281,1,'23846077',1,'11','2023','2023-11-08','14:06:38','2023-11-08 14:06:38',NULL,'2','2'),(1282,1,'23846077',1,'11','2023','2023-11-08','17:30:27','2023-11-08 17:30:27',NULL,'3','3'),(1283,1,'23856421',1,'11','2023','2023-11-08','08:08:22','2023-11-08 08:08:22',NULL,'1','4'),(1284,1,'23856421',1,'11','2023','2023-11-08','12:34:03','2023-11-08 12:34:03',NULL,'2','5'),(1285,1,'23856421',1,'11','2023','2023-11-08','13:26:39','2023-11-08 13:26:39',NULL,'3','6'),(1286,1,'23856421',1,'11','2023','2023-11-08','18:32:31','2023-11-08 18:32:31',NULL,'4','7'),(1287,1,'23856998',1,'11','2023','2023-11-08','13:30:27','2023-11-08 13:30:27',NULL,'1','8'),(1288,1,'23856998',1,'11','2023','2023-11-08','14:29:47','2023-11-08 14:29:47',NULL,'2','9'),(1289,1,'23856998',1,'11','2023','2023-11-08','17:18:07','2023-11-08 17:18:07',NULL,'3','10'),(1290,1,'23867324',1,'11','2023','2023-11-08','08:20:14','2023-11-08 08:20:14',NULL,'1','11'),(1291,1,'23867324',1,'11','2023','2023-11-08','18:36:43','2023-11-08 18:36:43',NULL,'2','12'),(1292,1,'23966459',1,'11','2023','2023-11-08','09:18:58','2023-11-08 09:18:58',NULL,'1','13'),(1293,1,'23966459',1,'11','2023','2023-11-08','13:14:09','2023-11-08 13:14:09',NULL,'2','14'),(1294,1,'23966459',1,'11','2023','2023-11-08','13:54:50','2023-11-08 13:54:50',NULL,'3','15'),(1295,1,'23966459',1,'11','2023','2023-11-08','18:33:46','2023-11-08 18:33:46',NULL,'4','16'),(1296,1,'24003844',1,'11','2023','2023-11-08','09:28:22','2023-11-08 09:28:22',NULL,'1','17'),(1297,1,'24003844',1,'11','2023','2023-11-08','13:00:38','2023-11-08 13:00:38',NULL,'2','18'),(1298,1,'24003844',1,'11','2023','2023-11-08','13:57:59','2023-11-08 13:57:59',NULL,'3','19'),(1299,1,'24003844',1,'11','2023','2023-11-08','17:30:14','2023-11-08 17:30:14',NULL,'4','20'),(1300,1,'25000306',1,'11','2023','2023-11-08','08:22:05','2023-11-08 08:22:05',NULL,'1','21'),(1301,1,'25000306',1,'11','2023','2023-11-08','13:02:29','2023-11-08 13:02:29',NULL,'2','22'),(1302,1,'25000306',1,'11','2023','2023-11-08','14:00:36','2023-11-08 14:00:36',NULL,'3','23'),(1303,1,'25000306',1,'11','2023','2023-11-08','19:13:52','2023-11-08 19:13:52',NULL,'4','24'),(1304,1,'40595391',1,'11','2023','2023-11-08','07:53:14','2023-11-08 07:53:14',NULL,'1','25'),(1305,1,'40595391',1,'11','2023','2023-11-08','12:12:46','2023-11-08 12:12:46',NULL,'2','26'),(1306,1,'40595391',1,'11','2023','2023-11-08','13:08:01','2023-11-08 13:08:01',NULL,'3','27'),(1307,1,'40595391',1,'11','2023','2023-11-08','17:17:51','2023-11-08 17:17:51',NULL,'4','28'),(1308,1,'42309793',1,'11','2023','2023-11-08','08:33:46','2023-11-08 08:33:46',NULL,'1','29'),(1309,1,'42309793',1,'11','2023','2023-11-08','13:35:33','2023-11-08 13:35:33',NULL,'2','30'),(1310,1,'42380889',1,'11','2023','2023-11-08','07:53:20','2023-11-08 07:53:20',NULL,'1','31'),(1311,1,'42380889',1,'11','2023','2023-11-08','13:00:04','2023-11-08 13:00:04',NULL,'2','32'),(1312,1,'43595171',1,'11','2023','2023-11-08','12:54:18','2023-11-08 12:54:18',NULL,'1','33'),(1313,1,'43595171',1,'11','2023','2023-11-08','19:04:54','2023-11-08 19:04:54',NULL,'2','34'),(1314,1,'44171667',1,'11','2023','2023-11-08','13:28:01','2023-11-08 13:28:01',NULL,'1','35'),(1315,1,'44171667',1,'11','2023','2023-11-08','18:30:06','2023-11-08 18:30:06',NULL,'2','36'),(1316,1,'44668144',1,'11','2023','2023-11-08','07:39:36','2023-11-08 07:39:36',NULL,'1','37'),(1317,1,'44668144',1,'11','2023','2023-11-08','12:12:39','2023-11-08 12:12:39',NULL,'2','38'),(1318,1,'44668144',1,'11','2023','2023-11-08','13:07:51','2023-11-08 13:07:51',NULL,'3','39'),(1319,1,'44668144',1,'11','2023','2023-11-08','17:22:56','2023-11-08 17:22:56',NULL,'4','40'),(1320,1,'45395780',1,'11','2023','2023-11-08','07:49:09','2023-11-08 07:49:09',NULL,'1','41'),(1321,1,'45395780',1,'11','2023','2023-11-08','13:14:15','2023-11-08 13:14:15',NULL,'2','42'),(1322,1,'45395780',1,'11','2023','2023-11-08','13:54:45','2023-11-08 13:54:45',NULL,'3','43'),(1323,1,'45395780',1,'11','2023','2023-11-08','17:22:38','2023-11-08 17:22:38',NULL,'4','44'),(1324,1,'45520464',1,'11','2023','2023-11-08','08:14:12','2023-11-08 08:14:12',NULL,'1','45'),(1325,1,'45520464',1,'11','2023','2023-11-08','12:32:30','2023-11-08 12:32:30',NULL,'2','46'),(1326,1,'45520464',1,'11','2023','2023-11-08','13:23:03','2023-11-08 13:23:03',NULL,'3','47'),(1327,1,'45520464',1,'11','2023','2023-11-08','18:31:21','2023-11-08 18:31:21',NULL,'4','48'),(1328,1,'46019732',1,'11','2023','2023-11-08','08:31:42','2023-11-08 08:31:42',NULL,'1','49'),(1329,1,'46019732',1,'11','2023','2023-11-08','13:49:31','2023-11-08 13:49:31',NULL,'2','50'),(1330,1,'46521973',1,'11','2023','2023-11-08','12:55:46','2023-11-08 12:55:46',NULL,'1','51'),(1331,1,'46521973',1,'11','2023','2023-11-08','18:47:57','2023-11-08 18:47:57',NULL,'2','52'),(1332,1,'47099292',1,'11','2023','2023-11-08','08:16:10','2023-11-08 08:16:10',NULL,'1','53'),(1333,1,'47099292',1,'11','2023','2023-11-08','11:20:29','2023-11-08 11:20:29',NULL,'2','54'),(1334,1,'47099292',1,'11','2023','2023-11-08','13:19:24','2023-11-08 13:19:24',NULL,'3','55'),(1335,1,'47099292',1,'11','2023','2023-11-08','14:02:12','2023-11-08 14:02:12',NULL,'4','56'),(1336,1,'47099292',1,'11','2023','2023-11-08','17:22:47','2023-11-08 17:22:47',NULL,'5','57'),(1337,1,'70392696',1,'11','2023','2023-11-08','08:04:05','2023-11-08 08:04:05',NULL,'1','58'),(1338,1,'70392696',1,'11','2023','2023-11-08','13:37:00','2023-11-08 13:37:00',NULL,'2','59'),(1339,1,'70599092',1,'11','2023','2023-11-08','08:20:08','2023-11-08 08:20:08',NULL,'1','60'),(1340,1,'70599092',1,'11','2023','2023-11-08','13:53:22','2023-11-08 13:53:22',NULL,'2','61'),(1341,1,'70599092',1,'11','2023','2023-11-08','18:32:51','2023-11-08 18:32:51',NULL,'3','62'),(1342,1,'71006845',1,'11','2023','2023-11-08','08:33:50','2023-11-08 08:33:50',NULL,'1','63'),(1343,1,'71006845',1,'11','2023','2023-11-08','13:30:18','2023-11-08 13:30:18',NULL,'2','64'),(1344,1,'71722191',1,'11','2023','2023-11-08','13:23:53','2023-11-08 13:23:53',NULL,'1','65'),(1345,1,'71722191',1,'11','2023','2023-11-08','18:31:32','2023-11-08 18:31:32',NULL,'2','66'),(1346,1,'73092839',1,'11','2023','2023-11-08','12:59:04','2023-11-08 12:59:04',NULL,'1','67'),(1347,1,'73092839',1,'11','2023','2023-11-08','18:30:15','2023-11-08 18:30:15',NULL,'2','68'),(1348,1,'73194069',1,'11','2023','2023-11-08','08:21:53','2023-11-08 08:21:53',NULL,'1','69'),(1349,1,'73194069',1,'11','2023','2023-11-08','13:30:36','2023-11-08 13:30:36',NULL,'2','70'),(1350,1,'73194069',1,'11','2023','2023-11-08','14:26:58','2023-11-08 14:26:58',NULL,'3','71'),(1351,1,'73194069',1,'11','2023','2023-11-08','17:37:11','2023-11-08 17:37:11',NULL,'4','72'),(1352,1,'77275303',1,'11','2023','2023-11-08','08:24:30','2023-11-08 08:24:30',NULL,'1','73'),(1353,1,'77275303',1,'11','2023','2023-11-08','12:31:39','2023-11-08 12:31:39',NULL,'2','74'),(1354,1,'77275303',1,'11','2023','2023-11-08','13:28:07','2023-11-08 13:28:07',NULL,'3','75'),(1355,1,'77275303',1,'11','2023','2023-11-08','18:30:23','2023-11-08 18:30:23',NULL,'4','76'),(1356,1,'23846077',1,'11','2023','2023-11-09','08:16:21','2023-11-09 08:16:21',NULL,'1','1'),(1357,1,'23846077',1,'11','2023','2023-11-09','13:00:08','2023-11-09 13:00:08',NULL,'2','2'),(1358,1,'23846077',1,'11','2023','2023-11-09','14:08:44','2023-11-09 14:08:44',NULL,'3','3'),(1359,1,'23846077',1,'11','2023','2023-11-09','17:31:17','2023-11-09 17:31:17',NULL,'4','4'),(1360,1,'23856421',1,'11','2023','2023-11-09','08:28:27','2023-11-09 08:28:27',NULL,'1','5'),(1361,1,'23856421',1,'11','2023','2023-11-09','13:00:17','2023-11-09 13:00:17',NULL,'2','6'),(1362,1,'23856421',1,'11','2023','2023-11-09','14:06:23','2023-11-09 14:06:23',NULL,'3','7'),(1363,1,'23856421',1,'11','2023','2023-11-09','18:34:15','2023-11-09 18:34:15',NULL,'4','8'),(1364,1,'23856998',1,'11','2023','2023-11-09','08:18:48','2023-11-09 08:18:48',NULL,'1','9'),(1365,1,'23856998',1,'11','2023','2023-11-09','13:30:19','2023-11-09 13:30:19',NULL,'2','10'),(1366,1,'23856998',1,'11','2023','2023-11-09','14:31:37','2023-11-09 14:31:37',NULL,'3','11'),(1367,1,'23856998',1,'11','2023','2023-11-09','18:33:00','2023-11-09 18:33:00',NULL,'4','12'),(1368,1,'23867324',1,'11','2023','2023-11-09','08:16:44','2023-11-09 08:16:44',NULL,'1','13'),(1369,1,'23867324',1,'11','2023','2023-11-09','18:52:52','2023-11-09 18:52:52',NULL,'2','14'),(1370,1,'23966459',1,'11','2023','2023-11-09','09:19:45','2023-11-09 09:19:45',NULL,'1','15'),(1371,1,'23966459',1,'11','2023','2023-11-09','13:01:07','2023-11-09 13:01:07',NULL,'2','16'),(1372,1,'23966459',1,'11','2023','2023-11-09','13:56:15','2023-11-09 13:56:15',NULL,'3','17'),(1373,1,'23966459',1,'11','2023','2023-11-09','18:30:54','2023-11-09 18:30:54',NULL,'4','18'),(1374,1,'24003844',1,'11','2023','2023-11-09','08:13:29','2023-11-09 08:13:29',NULL,'1','19'),(1375,1,'24003844',1,'11','2023','2023-11-09','13:05:27','2023-11-09 13:05:27',NULL,'2','20'),(1376,1,'24003844',1,'11','2023','2023-11-09','13:58:29','2023-11-09 13:58:29',NULL,'3','21'),(1377,1,'24003844',1,'11','2023','2023-11-09','17:38:17','2023-11-09 17:38:17',NULL,'4','22'),(1378,1,'25000306',1,'11','2023','2023-11-09','08:15:21','2023-11-09 08:15:21',NULL,'1','23'),(1379,1,'25000306',1,'11','2023','2023-11-09','13:08:00','2023-11-09 13:08:00',NULL,'2','24'),(1380,1,'25000306',1,'11','2023','2023-11-09','14:12:45','2023-11-09 14:12:45',NULL,'3','25'),(1381,1,'25000306',1,'11','2023','2023-11-09','19:06:19','2023-11-09 19:06:19',NULL,'4','26'),(1382,1,'40595391',1,'11','2023','2023-11-09','07:51:54','2023-11-09 07:51:54',NULL,'1','27'),(1383,1,'40595391',1,'11','2023','2023-11-09','12:03:10','2023-11-09 12:03:10',NULL,'2','28'),(1384,1,'40595391',1,'11','2023','2023-11-09','12:58:50','2023-11-09 12:58:50',NULL,'3','29'),(1385,1,'40595391',1,'11','2023','2023-11-09','17:05:40','2023-11-09 17:05:40',NULL,'4','30'),(1386,1,'42309793',1,'11','2023','2023-11-09','08:24:04','2023-11-09 08:24:04',NULL,'1','31'),(1387,1,'42309793',1,'11','2023','2023-11-09','13:34:43','2023-11-09 13:34:43',NULL,'2','32'),(1388,1,'42380889',1,'11','2023','2023-11-09','07:51:05','2023-11-09 07:51:05',NULL,'1','33'),(1389,1,'42380889',1,'11','2023','2023-11-09','13:00:48','2023-11-09 13:00:48',NULL,'2','34'),(1390,1,'43595171',1,'11','2023','2023-11-09','12:51:56','2023-11-09 12:51:56',NULL,'1','35'),(1391,1,'43595171',1,'11','2023','2023-11-09','19:00:03','2023-11-09 19:00:03',NULL,'2','36'),(1392,1,'44171667',1,'11','2023','2023-11-09','13:31:13','2023-11-09 13:31:13',NULL,'1','37'),(1393,1,'44171667',1,'11','2023','2023-11-09','18:30:14','2023-11-09 18:30:14',NULL,'2','38'),(1394,1,'44668144',1,'11','2023','2023-11-09','07:39:25','2023-11-09 07:39:25',NULL,'1','39'),(1395,1,'44668144',1,'11','2023','2023-11-09','12:02:59','2023-11-09 12:02:59',NULL,'2','40'),(1396,1,'44668144',1,'11','2023','2023-11-09','12:58:43','2023-11-09 12:58:43',NULL,'3','41'),(1397,1,'44668144',1,'11','2023','2023-11-09','17:05:59','2023-11-09 17:05:59',NULL,'4','42'),(1398,1,'45395780',1,'11','2023','2023-11-09','07:52:27','2023-11-09 07:52:27',NULL,'1','43'),(1399,1,'45395780',1,'11','2023','2023-11-09','13:01:01','2023-11-09 13:01:01',NULL,'2','44'),(1400,1,'45395780',1,'11','2023','2023-11-09','13:56:10','2023-11-09 13:56:10',NULL,'3','45'),(1401,1,'45395780',1,'11','2023','2023-11-09','17:05:50','2023-11-09 17:05:50',NULL,'4','46'),(1402,1,'45520464',1,'11','2023','2023-11-09','08:04:35','2023-11-09 08:04:35',NULL,'1','47'),(1403,1,'45520464',1,'11','2023','2023-11-09','12:30:43','2023-11-09 12:30:43',NULL,'2','48'),(1404,1,'45520464',1,'11','2023','2023-11-09','13:28:01','2023-11-09 13:28:01',NULL,'3','49'),(1405,1,'45520464',1,'11','2023','2023-11-09','18:30:48','2023-11-09 18:30:48',NULL,'4','50'),(1406,1,'46019732',1,'11','2023','2023-11-09','08:25:18','2023-11-09 08:25:18',NULL,'1','51'),(1407,1,'46019732',1,'11','2023','2023-11-09','14:20:14','2023-11-09 14:20:14',NULL,'2','52'),(1408,1,'46521973',1,'11','2023','2023-11-09','13:06:18','2023-11-09 13:06:18',NULL,'1','53'),(1409,1,'46521973',1,'11','2023','2023-11-09','18:52:34','2023-11-09 18:52:34',NULL,'2','54'),(1410,1,'47099292',1,'11','2023','2023-11-09','07:58:54','2023-11-09 07:58:54',NULL,'1','55'),(1411,1,'47099292',1,'11','2023','2023-11-09','11:24:48','2023-11-09 11:24:48',NULL,'2','56'),(1412,1,'70392696',1,'11','2023','2023-11-09','08:11:54','2023-11-09 08:11:54',NULL,'1','57'),(1413,1,'70392696',1,'11','2023','2023-11-09','13:00:40','2023-11-09 13:00:40',NULL,'2','58'),(1414,1,'70599092',1,'11','2023','2023-11-09','08:38:24','2023-11-09 08:38:24',NULL,'1','59'),(1415,1,'70599092',1,'11','2023','2023-11-09','13:00:56','2023-11-09 13:00:56',NULL,'2','60'),(1416,1,'70599092',1,'11','2023','2023-11-09','13:59:12','2023-11-09 13:59:12',NULL,'3','61'),(1417,1,'70599092',1,'11','2023','2023-11-09','18:38:01','2023-11-09 18:38:01',NULL,'4','62'),(1418,1,'71006845',1,'11','2023','2023-11-09','08:28:10','2023-11-09 08:28:10',NULL,'1','63'),(1419,1,'71006845',1,'11','2023','2023-11-09','13:32:55','2023-11-09 13:32:55',NULL,'2','64'),(1420,1,'71722191',1,'11','2023','2023-11-09','13:22:23','2023-11-09 13:22:23',NULL,'1','65'),(1421,1,'71722191',1,'11','2023','2023-11-09','18:32:06','2023-11-09 18:32:06',NULL,'2','66'),(1422,1,'73092839',1,'11','2023','2023-11-09','12:57:29','2023-11-09 12:57:29',NULL,'1','67'),(1423,1,'73092839',1,'11','2023','2023-11-09','18:30:22','2023-11-09 18:30:22',NULL,'2','68'),(1424,1,'73194069',1,'11','2023','2023-11-09','08:20:30','2023-11-09 08:20:30',NULL,'1','69'),(1425,1,'73194069',1,'11','2023','2023-11-09','13:31:33','2023-11-09 13:31:33',NULL,'2','70'),(1426,1,'73194069',1,'11','2023','2023-11-09','14:30:31','2023-11-09 14:30:31',NULL,'3','71'),(1427,1,'73194069',1,'11','2023','2023-11-09','17:40:02','2023-11-09 17:40:02',NULL,'4','72'),(1428,1,'77275303',1,'11','2023','2023-11-09','08:34:59','2023-11-09 08:34:59',NULL,'1','73'),(1429,1,'77275303',1,'11','2023','2023-11-09','12:30:04','2023-11-09 12:30:04',NULL,'2','74'),(1430,1,'77275303',1,'11','2023','2023-11-09','13:27:33','2023-11-09 13:27:33',NULL,'3','75'),(1431,1,'77275303',1,'11','2023','2023-11-09','18:30:32','2023-11-09 18:30:32',NULL,'4','76'),(1432,1,'23846077',1,'11','2023','2023-11-10','08:17:48','2023-11-10 08:17:48',NULL,'1','1'),(1433,1,'23846077',1,'11','2023','2023-11-10','13:00:06','2023-11-10 13:00:06',NULL,'2','2'),(1434,1,'23846077',1,'11','2023','2023-11-10','14:00:59','2023-11-10 14:00:59',NULL,'3','3'),(1435,1,'23846077',1,'11','2023','2023-11-10','17:35:51','2023-11-10 17:35:51',NULL,'4','4'),(1436,1,'23856421',1,'11','2023','2023-11-10','08:15:05','2023-11-10 08:15:05',NULL,'1','5'),(1437,1,'23856421',1,'11','2023','2023-11-10','12:32:57','2023-11-10 12:32:57',NULL,'2','6'),(1438,1,'23856421',1,'11','2023','2023-11-10','13:25:43','2023-11-10 13:25:43',NULL,'3','7'),(1439,1,'23856421',1,'11','2023','2023-11-10','18:33:01','2023-11-10 18:33:01',NULL,'4','8'),(1440,1,'23856998',1,'11','2023','2023-11-10','08:07:08','2023-11-10 08:07:08',NULL,'1','9'),(1441,1,'23856998',1,'11','2023','2023-11-10','13:30:24','2023-11-10 13:30:24',NULL,'2','10'),(1442,1,'23856998',1,'11','2023','2023-11-10','14:29:58','2023-11-10 14:29:58',NULL,'3','11'),(1443,1,'23856998',1,'11','2023','2023-11-10','17:08:04','2023-11-10 17:08:04',NULL,'4','12'),(1444,1,'23867324',1,'11','2023','2023-11-10','08:12:51','2023-11-10 08:12:51',NULL,'1','13'),(1445,1,'23867324',1,'11','2023','2023-11-10','19:02:44','2023-11-10 19:02:44',NULL,'2','14'),(1446,1,'23966459',1,'11','2023','2023-11-10','09:15:30','2023-11-10 09:15:30',NULL,'1','15'),(1447,1,'23966459',1,'11','2023','2023-11-10','13:15:40','2023-11-10 13:15:40',NULL,'2','16'),(1448,1,'23966459',1,'11','2023','2023-11-10','14:04:54','2023-11-10 14:04:54',NULL,'3','17'),(1449,1,'23966459',1,'11','2023','2023-11-10','18:34:20','2023-11-10 18:34:20',NULL,'4','18'),(1450,1,'24003844',1,'11','2023','2023-11-10','08:16:06','2023-11-10 08:16:06',NULL,'1','19'),(1451,1,'24003844',1,'11','2023','2023-11-10','13:00:19','2023-11-10 13:00:19',NULL,'2','20'),(1452,1,'24003844',1,'11','2023','2023-11-10','13:55:31','2023-11-10 13:55:31',NULL,'3','21'),(1453,1,'24003844',1,'11','2023','2023-11-10','17:32:53','2023-11-10 17:32:53',NULL,'4','22'),(1454,1,'25000306',1,'11','2023','2023-11-10','08:13:20','2023-11-10 08:13:20',NULL,'1','23'),(1455,1,'25000306',1,'11','2023','2023-11-10','13:09:24','2023-11-10 13:09:24',NULL,'2','24'),(1456,1,'25000306',1,'11','2023','2023-11-10','14:12:13','2023-11-10 14:12:13',NULL,'3','25'),(1457,1,'25000306',1,'11','2023','2023-11-10','19:03:01','2023-11-10 19:03:01',NULL,'4','26'),(1458,1,'40595391',1,'11','2023','2023-11-10','07:47:43','2023-11-10 07:47:43',NULL,'1','27'),(1459,1,'40595391',1,'11','2023','2023-11-10','12:17:30','2023-11-10 12:17:30',NULL,'2','28'),(1460,1,'40595391',1,'11','2023','2023-11-10','13:14:41','2023-11-10 13:14:41',NULL,'3','29'),(1461,1,'40595391',1,'11','2023','2023-11-10','18:41:27','2023-11-10 18:41:27',NULL,'4','30'),(1462,1,'42309793',1,'11','2023','2023-11-10','08:16:24','2023-11-10 08:16:24',NULL,'1','31'),(1463,1,'42309793',1,'11','2023','2023-11-10','13:32:34','2023-11-10 13:32:34',NULL,'2','32'),(1464,1,'42380889',1,'11','2023','2023-11-10','07:52:50','2023-11-10 07:52:50',NULL,'1','33'),(1465,1,'42380889',1,'11','2023','2023-11-10','13:02:27','2023-11-10 13:02:27',NULL,'2','34'),(1466,1,'43595171',1,'11','2023','2023-11-10','12:51:46','2023-11-10 12:51:46',NULL,'1','35'),(1467,1,'43595171',1,'11','2023','2023-11-10','19:00:03','2023-11-10 19:00:03',NULL,'2','36'),(1468,1,'44171667',1,'11','2023','2023-11-10','13:29:49','2023-11-10 13:29:49',NULL,'1','37'),(1469,1,'44171667',1,'11','2023','2023-11-10','18:30:10','2023-11-10 18:30:10',NULL,'2','38'),(1470,1,'44668144',1,'11','2023','2023-11-10','07:47:10','2023-11-10 07:47:10',NULL,'1','39'),(1471,1,'44668144',1,'11','2023','2023-11-10','12:10:02','2023-11-10 12:10:02',NULL,'2','40'),(1472,1,'44668144',1,'11','2023','2023-11-10','13:07:08','2023-11-10 13:07:08',NULL,'3','41'),(1473,1,'44668144',1,'11','2023','2023-11-10','18:42:41','2023-11-10 18:42:41',NULL,'4','42'),(1474,1,'45073834',1,'11','2023','2023-11-10','17:48:31','2023-11-10 17:48:31',NULL,'1','43'),(1475,1,'45395780',1,'11','2023','2023-11-10','07:55:52','2023-11-10 07:55:52',NULL,'1','44'),(1476,1,'45395780',1,'11','2023','2023-11-10','13:15:47','2023-11-10 13:15:47',NULL,'2','45'),(1477,1,'45395780',1,'11','2023','2023-11-10','14:04:47','2023-11-10 14:04:47',NULL,'3','46'),(1478,1,'45395780',1,'11','2023','2023-11-10','18:42:33','2023-11-10 18:42:33',NULL,'4','47'),(1479,1,'45520464',1,'11','2023','2023-11-10','08:09:20','2023-11-10 08:09:20',NULL,'1','48'),(1480,1,'45520464',1,'11','2023','2023-11-10','12:34:17','2023-11-10 12:34:17',NULL,'2','49'),(1481,1,'45520464',1,'11','2023','2023-11-10','13:32:18','2023-11-10 13:32:18',NULL,'3','50'),(1482,1,'45520464',1,'11','2023','2023-11-10','18:36:02','2023-11-10 18:36:02',NULL,'4','51'),(1483,1,'46019732',1,'11','2023','2023-11-10','08:30:19','2023-11-10 08:30:19',NULL,'1','52'),(1484,1,'46019732',1,'11','2023','2023-11-10','13:49:36','2023-11-10 13:49:36',NULL,'2','53'),(1485,1,'46521973',1,'11','2023','2023-11-10','12:55:20','2023-11-10 12:55:20',NULL,'1','54'),(1486,1,'46521973',1,'11','2023','2023-11-10','18:43:05','2023-11-10 18:43:05',NULL,'2','55'),(1487,1,'70392696',1,'11','2023','2023-11-10','08:06:02','2023-11-10 08:06:02',NULL,'1','56'),(1488,1,'70392696',1,'11','2023','2023-11-10','13:39:54','2023-11-10 13:39:54',NULL,'2','57'),(1489,1,'70599092',1,'11','2023','2023-11-10','13:02:33','2023-11-10 13:02:33',NULL,'1','58'),(1490,1,'70599092',1,'11','2023','2023-11-10','18:36:32','2023-11-10 18:36:32',NULL,'2','59'),(1491,1,'71006845',1,'11','2023','2023-11-10','08:34:26','2023-11-10 08:34:26',NULL,'1','60'),(1492,1,'71006845',1,'11','2023','2023-11-10','13:32:29','2023-11-10 13:32:29',NULL,'2','61'),(1493,1,'71722191',1,'11','2023','2023-11-10','13:27:33','2023-11-10 13:27:33',NULL,'1','62'),(1494,1,'71722191',1,'11','2023','2023-11-10','18:30:29','2023-11-10 18:30:29',NULL,'2','63'),(1495,1,'73092839',1,'11','2023','2023-11-10','13:00:52','2023-11-10 13:00:52',NULL,'1','64'),(1496,1,'73092839',1,'11','2023','2023-11-10','18:30:04','2023-11-10 18:30:04',NULL,'2','65'),(1497,1,'73194069',1,'11','2023','2023-11-10','08:23:12','2023-11-10 08:23:12',NULL,'1','66'),(1498,1,'73194069',1,'11','2023','2023-11-10','13:31:59','2023-11-10 13:31:59',NULL,'2','67'),(1499,1,'73194069',1,'11','2023','2023-11-10','14:29:43','2023-11-10 14:29:43',NULL,'3','68'),(1500,1,'73194069',1,'11','2023','2023-11-10','17:39:59','2023-11-10 17:39:59',NULL,'4','69'),(1501,1,'77275303',1,'11','2023','2023-11-10','08:22:53','2023-11-10 08:22:53',NULL,'1','70'),(1502,1,'77275303',1,'11','2023','2023-11-10','12:31:16','2023-11-10 12:31:16',NULL,'2','71'),(1503,1,'77275303',1,'11','2023','2023-11-10','13:17:28','2023-11-10 13:17:28',NULL,'3','72'),(1504,1,'77275303',1,'11','2023','2023-11-10','18:30:17','2023-11-10 18:30:17',NULL,'4','73'),(1505,1,'23856421',1,'11','2023','2023-11-11','08:53:16','2023-11-11 08:53:16',NULL,'1','1'),(1506,1,'23856421',1,'11','2023','2023-11-11','13:38:17','2023-11-11 13:38:17',NULL,'2','2'),(1507,1,'25000306',1,'11','2023','2023-11-11','08:46:41','2023-11-11 08:46:41',NULL,'1','3'),(1508,1,'25000306',1,'11','2023','2023-11-11','14:04:36','2023-11-11 14:04:36',NULL,'2','4'),(1509,1,'40595391',1,'11','2023','2023-11-11','08:22:28','2023-11-11 08:22:28',NULL,'1','5'),(1510,1,'40595391',1,'11','2023','2023-11-11','14:01:29','2023-11-11 14:01:29',NULL,'2','6'),(1511,1,'43595171',1,'11','2023','2023-11-11','08:50:47','2023-11-11 08:50:47',NULL,'1','7'),(1512,1,'43595171',1,'11','2023','2023-11-11','14:00:02','2023-11-11 14:00:02',NULL,'2','8'),(1513,1,'44171667',1,'11','2023','2023-11-11','09:00:11','2023-11-11 09:00:11',NULL,'1','9'),(1514,1,'44171667',1,'11','2023','2023-11-11','13:30:28','2023-11-11 13:30:28',NULL,'2','10'),(1515,1,'45073834',1,'11','2023','2023-11-11','08:55:29','2023-11-11 08:55:29',NULL,'1','11'),(1516,1,'45073834',1,'11','2023','2023-11-11','13:32:29','2023-11-11 13:32:29',NULL,'2','12'),(1517,1,'45424207',1,'11','2023','2023-11-11','08:55:14','2023-11-11 08:55:14',NULL,'1','13'),(1518,1,'45424207',1,'11','2023','2023-11-11','13:37:47','2023-11-11 13:37:47',NULL,'2','14'),(1519,1,'45520464',1,'11','2023','2023-11-11','08:52:46','2023-11-11 08:52:46',NULL,'1','15'),(1520,1,'45520464',1,'11','2023','2023-11-11','13:30:06','2023-11-11 13:30:06',NULL,'2','16'),(1521,1,'46521973',1,'11','2023','2023-11-11','09:07:32','2023-11-11 09:07:32',NULL,'1','17'),(1522,1,'46521973',1,'11','2023','2023-11-11','13:43:48','2023-11-11 13:43:48',NULL,'2','18'),(1523,1,'46529091',1,'11','2023','2023-11-11','09:16:08','2023-11-11 09:16:08',NULL,'1','19'),(1524,1,'46529091',1,'11','2023','2023-11-11','13:05:38','2023-11-11 13:05:38',NULL,'2','20'),(1525,1,'71722191',1,'11','2023','2023-11-11','08:58:25','2023-11-11 08:58:25',NULL,'1','21'),(1526,1,'71722191',1,'11','2023','2023-11-11','13:30:12','2023-11-11 13:30:12',NULL,'2','22'),(1527,1,'73092839',1,'11','2023','2023-11-11','08:56:41','2023-11-11 08:56:41',NULL,'1','23'),(1528,1,'73092839',1,'11','2023','2023-11-11','13:30:40','2023-11-11 13:30:40',NULL,'2','24'),(1529,1,'77275303',1,'11','2023','2023-11-11','08:57:46','2023-11-11 08:57:46',NULL,'1','25'),(1530,1,'77275303',1,'11','2023','2023-11-11','13:30:45','2023-11-11 13:30:45',NULL,'2','26'),(1531,1,'23846077',1,'11','2023','2023-11-13','08:19:19','2023-11-13 08:19:19',NULL,'1','1'),(1532,1,'23846077',1,'11','2023','2023-11-13','13:01:55','2023-11-13 13:01:55',NULL,'2','2'),(1533,1,'23846077',1,'11','2023','2023-11-13','14:01:44','2023-11-13 14:01:44',NULL,'3','3'),(1534,1,'23846077',1,'11','2023','2023-11-13','17:30:52','2023-11-13 17:30:52',NULL,'4','4'),(1535,1,'23856421',1,'11','2023','2023-11-13','08:19:41','2023-11-13 08:19:41',NULL,'1','5'),(1536,1,'23856421',1,'11','2023','2023-11-13','12:36:00','2023-11-13 12:36:00',NULL,'2','6'),(1537,1,'23856421',1,'11','2023','2023-11-13','13:31:07','2023-11-13 13:31:07',NULL,'3','7'),(1538,1,'23856421',1,'11','2023','2023-11-13','18:30:54','2023-11-13 18:30:54',NULL,'4','8'),(1539,1,'23856998',1,'11','2023','2023-11-13','08:04:10','2023-11-13 08:04:10',NULL,'1','9'),(1540,1,'23856998',1,'11','2023','2023-11-13','13:32:09','2023-11-13 13:32:09',NULL,'2','10'),(1541,1,'23856998',1,'11','2023','2023-11-13','14:22:51','2023-11-13 14:22:51',NULL,'3','11'),(1542,1,'23856998',1,'11','2023','2023-11-13','18:06:20','2023-11-13 18:06:20',NULL,'4','12'),(1543,1,'23867324',1,'11','2023','2023-11-13','08:18:41','2023-11-13 08:18:41',NULL,'1','13'),(1544,1,'23867324',1,'11','2023','2023-11-13','18:53:59','2023-11-13 18:53:59',NULL,'2','14'),(1545,1,'23966459',1,'11','2023','2023-11-13','15:07:46','2023-11-13 15:07:46',NULL,'1','15'),(1546,1,'23966459',1,'11','2023','2023-11-13','18:32:23','2023-11-13 18:32:23',NULL,'2','16'),(1547,1,'24003844',1,'11','2023','2023-11-13','08:17:05','2023-11-13 08:17:05',NULL,'1','17'),(1548,1,'24003844',1,'11','2023','2023-11-13','13:03:56','2023-11-13 13:03:56',NULL,'2','18'),(1549,1,'24003844',1,'11','2023','2023-11-13','13:53:32','2023-11-13 13:53:32',NULL,'3','19'),(1550,1,'24003844',1,'11','2023','2023-11-13','17:31:44','2023-11-13 17:31:44',NULL,'4','20'),(1551,1,'40595391',1,'11','2023','2023-11-13','07:53:17','2023-11-13 07:53:17',NULL,'1','21'),(1552,1,'40595391',1,'11','2023','2023-11-13','13:03:45','2023-11-13 13:03:45',NULL,'2','22'),(1553,1,'40595391',1,'11','2023','2023-11-13','14:02:40','2023-11-13 14:02:40',NULL,'3','23'),(1554,1,'40595391',1,'11','2023','2023-11-13','17:13:14','2023-11-13 17:13:14',NULL,'4','24'),(1555,1,'42309793',1,'11','2023','2023-11-13','13:27:39','2023-11-13 13:27:39',NULL,'1','25'),(1556,1,'42309793',1,'11','2023','2023-11-13','18:31:46','2023-11-13 18:31:46',NULL,'2','26'),(1557,1,'42354085',1,'11','2023','2023-11-13','08:17:24','2023-11-13 08:17:24',NULL,'1','27'),(1558,1,'42354085',1,'11','2023','2023-11-13','13:04:35','2023-11-13 13:04:35',NULL,'2','28'),(1559,1,'42354085',1,'11','2023','2023-11-13','19:02:23','2023-11-13 19:02:23',NULL,'3','29'),(1560,1,'42380889',1,'11','2023','2023-11-13','12:50:30','2023-11-13 12:50:30',NULL,'1','30'),(1561,1,'42380889',1,'11','2023','2023-11-13','19:00:04','2023-11-13 19:00:04',NULL,'2','31'),(1562,1,'43595171',1,'11','2023','2023-11-13','07:48:57','2023-11-13 07:48:57',NULL,'1','32'),(1563,1,'43595171',1,'11','2023','2023-11-13','13:00:38','2023-11-13 13:00:38',NULL,'2','33'),(1564,1,'44171667',1,'11','2023','2023-11-13','08:23:12','2023-11-13 08:23:12',NULL,'1','34'),(1565,1,'44171667',1,'11','2023','2023-11-13','13:39:50','2023-11-13 13:39:50',NULL,'2','35'),(1566,1,'44668144',1,'11','2023','2023-11-13','07:47:23','2023-11-13 07:47:23',NULL,'1','36'),(1567,1,'44668144',1,'11','2023','2023-11-13','13:22:59','2023-11-13 13:22:59',NULL,'2','37'),(1568,1,'44668144',1,'11','2023','2023-11-13','14:17:44','2023-11-13 14:17:44',NULL,'3','38'),(1569,1,'44668144',1,'11','2023','2023-11-13','17:13:19','2023-11-13 17:13:19',NULL,'4','39'),(1570,1,'45395780',1,'11','2023','2023-11-13','07:50:24','2023-11-13 07:50:24',NULL,'1','40'),(1571,1,'45395780',1,'11','2023','2023-11-13','12:11:52','2023-11-13 12:11:52',NULL,'2','41'),(1572,1,'45395780',1,'11','2023','2023-11-13','12:54:32','2023-11-13 12:54:32',NULL,'3','42'),(1573,1,'45395780',1,'11','2023','2023-11-13','17:16:04','2023-11-13 17:16:04',NULL,'4','43'),(1574,1,'45520464',1,'11','2023','2023-11-13','08:25:40','2023-11-13 08:25:40',NULL,'1','44'),(1575,1,'45520464',1,'11','2023','2023-11-13','12:35:25','2023-11-13 12:35:25',NULL,'2','45'),(1576,1,'45520464',1,'11','2023','2023-11-13','13:27:25','2023-11-13 13:27:25',NULL,'3','46'),(1577,1,'45520464',1,'11','2023','2023-11-13','18:33:49','2023-11-13 18:33:49',NULL,'4','47'),(1578,1,'46019732',1,'11','2023','2023-11-13','13:28:23','2023-11-13 13:28:23',NULL,'1','48'),(1579,1,'46019732',1,'11','2023','2023-11-13','18:42:34','2023-11-13 18:42:34',NULL,'2','49'),(1580,1,'46521973',1,'11','2023','2023-11-13','07:50:17','2023-11-13 07:50:17',NULL,'1','50'),(1581,1,'46521973',1,'11','2023','2023-11-13','14:01:04','2023-11-13 14:01:04',NULL,'2','51'),(1582,1,'47099292',1,'11','2023','2023-11-13','07:48:13','2023-11-13 07:48:13',NULL,'1','52'),(1583,1,'47099292',1,'11','2023','2023-11-13','12:12:01','2023-11-13 12:12:01',NULL,'2','53'),(1584,1,'47099292',1,'11','2023','2023-11-13','12:54:40','2023-11-13 12:54:40',NULL,'3','54'),(1585,1,'47099292',1,'11','2023','2023-11-13','17:16:08','2023-11-13 17:16:08',NULL,'4','55'),(1586,1,'70392696',1,'11','2023','2023-11-13','08:10:57','2023-11-13 08:10:57',NULL,'1','56'),(1587,1,'70392696',1,'11','2023','2023-11-13','13:39:09','2023-11-13 13:39:09',NULL,'2','57'),(1588,1,'70599092',1,'11','2023','2023-11-13','08:20:13','2023-11-13 08:20:13',NULL,'1','58'),(1589,1,'70599092',1,'11','2023','2023-11-13','13:01:41','2023-11-13 13:01:41',NULL,'2','59'),(1590,1,'70599092',1,'11','2023','2023-11-13','14:02:44','2023-11-13 14:02:44',NULL,'3','60'),(1591,1,'70599092',1,'11','2023','2023-11-13','18:35:32','2023-11-13 18:35:32',NULL,'4','61'),(1592,1,'71006845',1,'11','2023','2023-11-13','13:33:25','2023-11-13 13:33:25',NULL,'1','62'),(1593,1,'71006845',1,'11','2023','2023-11-13','18:30:30','2023-11-13 18:30:30',NULL,'2','63'),(1594,1,'71722191',1,'11','2023','2023-11-13','08:27:57','2023-11-13 08:27:57',NULL,'1','64'),(1595,1,'71722191',1,'11','2023','2023-11-13','13:30:23','2023-11-13 13:30:23',NULL,'2','65'),(1596,1,'73092839',1,'11','2023','2023-11-13','12:53:33','2023-11-13 12:53:33',NULL,'1','66'),(1597,1,'73092839',1,'11','2023','2023-11-13','18:30:14','2023-11-13 18:30:14',NULL,'2','67'),(1598,1,'73194069',1,'11','2023','2023-11-13','08:24:42','2023-11-13 08:24:42',NULL,'1','68'),(1599,1,'73194069',1,'11','2023','2023-11-13','13:38:18','2023-11-13 13:38:18',NULL,'2','69'),(1600,1,'73194069',1,'11','2023','2023-11-13','14:34:23','2023-11-13 14:34:23',NULL,'3','70'),(1601,1,'73194069',1,'11','2023','2023-11-13','17:33:15','2023-11-13 17:33:15',NULL,'4','71'),(1602,1,'77275303',1,'11','2023','2023-11-13','08:23:47','2023-11-13 08:23:47',NULL,'1','72'),(1603,1,'77275303',1,'11','2023','2023-11-13','12:32:07','2023-11-13 12:32:07',NULL,'2','73'),(1604,1,'77275303',1,'11','2023','2023-11-13','13:26:30','2023-11-13 13:26:30',NULL,'3','74'),(1605,1,'77275303',1,'11','2023','2023-11-13','18:30:22','2023-11-13 18:30:22',NULL,'4','75'),(1626,1,'23846077',1,'11','2023','2023-11-14','08:13:24','2023-11-14 08:13:24',NULL,'1','1'),(1627,1,'23846077',1,'11','2023','2023-11-14','14:05:10','2023-11-14 14:05:10',NULL,'2','2'),(1628,1,'23846077',1,'11','2023','2023-11-14','17:30:05','2023-11-14 17:30:05',NULL,'3','3'),(1629,1,'23856421',1,'11','2023','2023-11-14','08:10:39','2023-11-14 08:10:39',NULL,'1','4'),(1630,1,'23856421',1,'11','2023','2023-11-14','12:35:40','2023-11-14 12:35:40',NULL,'2','5'),(1631,1,'23856421',1,'11','2023','2023-11-14','13:26:42','2023-11-14 13:26:42',NULL,'3','6'),(1632,1,'23856421',1,'11','2023','2023-11-14','18:31:02','2023-11-14 18:31:02',NULL,'4','7'),(1633,1,'23856998',1,'11','2023','2023-11-14','08:19:25','2023-11-14 08:19:25',NULL,'1','8'),(1634,1,'23856998',1,'11','2023','2023-11-14','14:31:41','2023-11-14 14:31:41',NULL,'2','9'),(1635,1,'23856998',1,'11','2023','2023-11-14','17:06:23','2023-11-14 17:06:23',NULL,'3','10'),(1636,1,'23867324',1,'11','2023','2023-11-14','08:10:47','2023-11-14 08:10:47',NULL,'1','11'),(1637,1,'23867324',1,'11','2023','2023-11-14','19:18:45','2023-11-14 19:18:45',NULL,'2','12'),(1638,1,'23966459',1,'11','2023','2023-11-14','09:13:51','2023-11-14 09:13:51',NULL,'1','13'),(1639,1,'23966459',1,'11','2023','2023-11-14','13:10:36','2023-11-14 13:10:36',NULL,'2','14'),(1640,1,'23966459',1,'11','2023','2023-11-14','13:54:50','2023-11-14 13:54:50',NULL,'3','15'),(1641,1,'23966459',1,'11','2023','2023-11-14','18:37:06','2023-11-14 18:37:06',NULL,'4','16'),(1642,1,'24003844',1,'11','2023','2023-11-14','08:13:33','2023-11-14 08:13:33',NULL,'1','17'),(1643,1,'24003844',1,'11','2023','2023-11-14','13:00:23','2023-11-14 13:00:23',NULL,'2','18'),(1644,1,'24003844',1,'11','2023','2023-11-14','14:02:13','2023-11-14 14:02:13',NULL,'3','19'),(1645,1,'24003844',1,'11','2023','2023-11-14','17:31:30','2023-11-14 17:31:30',NULL,'4','20'),(1646,1,'40595391',1,'11','2023','2023-11-14','07:51:27','2023-11-14 07:51:27',NULL,'1','21'),(1647,1,'40595391',1,'11','2023','2023-11-14','12:15:41','2023-11-14 12:15:41',NULL,'2','22'),(1648,1,'40595391',1,'11','2023','2023-11-14','13:12:49','2023-11-14 13:12:49',NULL,'3','23'),(1649,1,'40595391',1,'11','2023','2023-11-14','17:16:31','2023-11-14 17:16:31',NULL,'4','24'),(1650,1,'42309793',1,'11','2023','2023-11-14','13:36:03','2023-11-14 13:36:03',NULL,'1','25'),(1651,1,'42309793',1,'11','2023','2023-11-14','18:31:10','2023-11-14 18:31:10',NULL,'2','26'),(1652,1,'42354085',1,'11','2023','2023-11-14','08:15:43','2023-11-14 08:15:43',NULL,'1','27'),(1653,1,'42354085',1,'11','2023','2023-11-14','13:07:35','2023-11-14 13:07:35',NULL,'2','28'),(1654,1,'42354085',1,'11','2023','2023-11-14','14:13:21','2023-11-14 14:13:21',NULL,'3','29'),(1655,1,'42354085',1,'11','2023','2023-11-14','19:10:55','2023-11-14 19:10:55',NULL,'4','30'),(1656,1,'42380889',1,'11','2023','2023-11-14','12:51:20','2023-11-14 12:51:20',NULL,'1','31'),(1657,1,'42380889',1,'11','2023','2023-11-14','19:00:04','2023-11-14 19:00:04',NULL,'2','32'),(1658,1,'43595171',1,'11','2023','2023-11-14','07:54:37','2023-11-14 07:54:37',NULL,'1','33'),(1659,1,'43595171',1,'11','2023','2023-11-14','13:00:10','2023-11-14 13:00:10',NULL,'2','34'),(1660,1,'44171667',1,'11','2023','2023-11-14','08:27:52','2023-11-14 08:27:52',NULL,'1','35'),(1661,1,'44171667',1,'11','2023','2023-11-14','13:31:18','2023-11-14 13:31:18',NULL,'2','36'),(1662,1,'44668144',1,'11','2023','2023-11-14','07:44:31','2023-11-14 07:44:31',NULL,'1','37'),(1663,1,'44668144',1,'11','2023','2023-11-14','12:15:56','2023-11-14 12:15:56',NULL,'2','38'),(1664,1,'44668144',1,'11','2023','2023-11-14','13:12:59','2023-11-14 13:12:59',NULL,'3','39'),(1665,1,'44668144',1,'11','2023','2023-11-14','17:16:24','2023-11-14 17:16:24',NULL,'4','40'),(1666,1,'45395780',1,'11','2023','2023-11-14','07:47:52','2023-11-14 07:47:52',NULL,'1','41'),(1667,1,'45395780',1,'11','2023','2023-11-14','13:18:35','2023-11-14 13:18:35',NULL,'2','42'),(1668,1,'45395780',1,'11','2023','2023-11-14','14:16:06','2023-11-14 14:16:06',NULL,'3','43'),(1669,1,'45395780',1,'11','2023','2023-11-14','17:16:05','2023-11-14 17:16:05',NULL,'4','44'),(1670,1,'45520464',1,'11','2023','2023-11-14','08:11:06','2023-11-14 08:11:06',NULL,'1','45'),(1671,1,'45520464',1,'11','2023','2023-11-14','12:32:08','2023-11-14 12:32:08',NULL,'2','46'),(1672,1,'45520464',1,'11','2023','2023-11-14','13:28:19','2023-11-14 13:28:19',NULL,'3','47'),(1673,1,'45520464',1,'11','2023','2023-11-14','18:31:48','2023-11-14 18:31:48',NULL,'4','48'),(1674,1,'46019732',1,'11','2023','2023-11-14','13:21:41','2023-11-14 13:21:41',NULL,'1','49'),(1675,1,'46019732',1,'11','2023','2023-11-14','18:51:49','2023-11-14 18:51:49',NULL,'2','50'),(1676,1,'46521973',1,'11','2023','2023-11-14','08:00:26','2023-11-14 08:00:26',NULL,'1','51'),(1677,1,'46521973',1,'11','2023','2023-11-14','14:11:54','2023-11-14 14:11:54',NULL,'2','52'),(1678,1,'47099292',1,'11','2023','2023-11-14','07:54:28','2023-11-14 07:54:28',NULL,'1','53'),(1679,1,'47099292',1,'11','2023','2023-11-14','13:18:40','2023-11-14 13:18:40',NULL,'2','54'),(1680,1,'47099292',1,'11','2023','2023-11-14','14:16:01','2023-11-14 14:16:01',NULL,'3','55'),(1681,1,'47099292',1,'11','2023','2023-11-14','17:15:58','2023-11-14 17:15:58',NULL,'4','56'),(1682,1,'70392696',1,'11','2023','2023-11-14','08:07:22','2023-11-14 08:07:22',NULL,'1','57'),(1683,1,'70392696',1,'11','2023','2023-11-14','13:36:37','2023-11-14 13:36:37',NULL,'2','58'),(1684,1,'70599092',1,'11','2023','2023-11-14','08:22:20','2023-11-14 08:22:20',NULL,'1','59'),(1685,1,'70599092',1,'11','2023','2023-11-14','13:00:51','2023-11-14 13:00:51',NULL,'2','60'),(1686,1,'70599092',1,'11','2023','2023-11-14','13:58:14','2023-11-14 13:58:14',NULL,'3','61'),(1687,1,'70599092',1,'11','2023','2023-11-14','18:31:56','2023-11-14 18:31:56',NULL,'4','62'),(1688,1,'71006845',1,'11','2023','2023-11-14','13:27:21','2023-11-14 13:27:21',NULL,'1','63'),(1689,1,'71006845',1,'11','2023','2023-11-14','18:33:45','2023-11-14 18:33:45',NULL,'2','64'),(1690,1,'71722191',1,'11','2023','2023-11-14','08:25:01','2023-11-14 08:25:01',NULL,'1','65'),(1691,1,'71722191',1,'11','2023','2023-11-14','13:35:17','2023-11-14 13:35:17',NULL,'2','66'),(1692,1,'73092839',1,'11','2023','2023-11-14','12:58:12','2023-11-14 12:58:12',NULL,'1','67'),(1693,1,'73092839',1,'11','2023','2023-11-14','18:30:11','2023-11-14 18:30:11',NULL,'2','68'),(1694,1,'73194069',1,'11','2023','2023-11-14','08:21:53','2023-11-14 08:21:53',NULL,'1','69'),(1695,1,'73194069',1,'11','2023','2023-11-14','13:30:08','2023-11-14 13:30:08',NULL,'2','70'),(1696,1,'73194069',1,'11','2023','2023-11-14','14:28:39','2023-11-14 14:28:39',NULL,'3','71'),(1697,1,'73194069',1,'11','2023','2023-11-14','17:32:33','2023-11-14 17:32:33',NULL,'4','72'),(1698,1,'77275303',1,'11','2023','2023-11-14','08:23:17','2023-11-14 08:23:17',NULL,'1','73'),(1699,1,'77275303',1,'11','2023','2023-11-14','12:33:26','2023-11-14 12:33:26',NULL,'2','74'),(1700,1,'77275303',1,'11','2023','2023-11-14','13:23:08','2023-11-14 13:23:08',NULL,'3','75'),(1701,1,'77275303',1,'11','2023','2023-11-14','18:31:18','2023-11-14 18:31:18',NULL,'4','76'),(1758,1,'23846077',1,'11','2023','2023-11-15','08:13:19','2023-11-15 08:13:19',NULL,'1','1'),(1759,1,'23846077',1,'11','2023','2023-11-15','13:00:01','2023-11-15 13:00:01',NULL,'2','2'),(1760,1,'23846077',1,'11','2023','2023-11-15','14:04:06','2023-11-15 14:04:06',NULL,'3','3'),(1761,1,'23846077',1,'11','2023','2023-11-15','17:34:03','2023-11-15 17:34:03',NULL,'4','4'),(1762,1,'23856421',1,'11','2023','2023-11-15','07:56:45','2023-11-15 07:56:45',NULL,'1','5'),(1763,1,'23856421',1,'11','2023','2023-11-15','12:48:32','2023-11-15 12:48:32',NULL,'2','6'),(1764,1,'23856421',1,'11','2023','2023-11-15','13:38:14','2023-11-15 13:38:14',NULL,'3','7'),(1765,1,'23856421',1,'11','2023','2023-11-15','18:34:45','2023-11-15 18:34:45',NULL,'4','8'),(1766,1,'23856998',1,'11','2023','2023-11-15','13:30:06','2023-11-15 13:30:06',NULL,'1','9'),(1767,1,'23856998',1,'11','2023','2023-11-15','14:29:41','2023-11-15 14:29:41',NULL,'2','10'),(1768,1,'23856998',1,'11','2023','2023-11-15','17:03:17','2023-11-15 17:03:17',NULL,'3','11'),(1769,1,'23867324',1,'11','2023','2023-11-15','08:14:52','2023-11-15 08:14:52',NULL,'1','12'),(1770,1,'23867324',1,'11','2023','2023-11-15','18:37:46','2023-11-15 18:37:46',NULL,'2','13'),(1771,1,'23966459',1,'11','2023','2023-11-15','09:12:04','2023-11-15 09:12:04',NULL,'1','14'),(1772,1,'23966459',1,'11','2023','2023-11-15','13:30:26','2023-11-15 13:30:26',NULL,'2','15'),(1773,1,'23966459',1,'11','2023','2023-11-15','14:14:07','2023-11-15 14:14:07',NULL,'3','16'),(1774,1,'23966459',1,'11','2023','2023-11-15','18:33:14','2023-11-15 18:33:14',NULL,'4','17'),(1775,1,'24003844',1,'11','2023','2023-11-15','08:07:16','2023-11-15 08:07:16',NULL,'1','18'),(1776,1,'24003844',1,'11','2023','2023-11-15','13:00:28','2023-11-15 13:00:28',NULL,'2','19'),(1777,1,'24003844',1,'11','2023','2023-11-15','13:58:43','2023-11-15 13:58:43',NULL,'3','20'),(1778,1,'24003844',1,'11','2023','2023-11-15','17:30:55','2023-11-15 17:30:55',NULL,'4','21'),(1779,1,'25000306',1,'11','2023','2023-11-15','08:15:30','2023-11-15 08:15:30',NULL,'1','22'),(1780,1,'25000306',1,'11','2023','2023-11-15','13:02:58','2023-11-15 13:02:58',NULL,'2','23'),(1781,1,'25000306',1,'11','2023','2023-11-15','14:03:30','2023-11-15 14:03:30',NULL,'3','24'),(1782,1,'25000306',1,'11','2023','2023-11-15','19:22:57','2023-11-15 19:22:57',NULL,'4','25'),(1783,1,'40595391',1,'11','2023','2023-11-15','07:58:28','2023-11-15 07:58:28',NULL,'1','26'),(1784,1,'40595391',1,'11','2023','2023-11-15','12:30:15','2023-11-15 12:30:15',NULL,'2','27'),(1785,1,'40595391',1,'11','2023','2023-11-15','13:22:00','2023-11-15 13:22:00',NULL,'3','28'),(1786,1,'40595391',1,'11','2023','2023-11-15','17:10:22','2023-11-15 17:10:22',NULL,'4','29'),(1787,1,'42309793',1,'11','2023','2023-11-15','13:29:22','2023-11-15 13:29:22',NULL,'1','30'),(1788,1,'42309793',1,'11','2023','2023-11-15','18:33:08','2023-11-15 18:33:08',NULL,'2','31'),(1789,1,'42380889',1,'11','2023','2023-11-15','12:51:30','2023-11-15 12:51:30',NULL,'1','32'),(1790,1,'42380889',1,'11','2023','2023-11-15','19:00:06','2023-11-15 19:00:06',NULL,'2','33'),(1791,1,'43595171',1,'11','2023','2023-11-15','07:51:14','2023-11-15 07:51:14',NULL,'1','34'),(1792,1,'43595171',1,'11','2023','2023-11-15','13:00:38','2023-11-15 13:00:38',NULL,'2','35'),(1793,1,'44171667',1,'11','2023','2023-11-15','08:22:12','2023-11-15 08:22:12',NULL,'1','36'),(1794,1,'44171667',1,'11','2023','2023-11-15','13:36:21','2023-11-15 13:36:21',NULL,'2','37'),(1795,1,'44668144',1,'11','2023','2023-11-15','07:38:04','2023-11-15 07:38:04',NULL,'1','38'),(1796,1,'44668144',1,'11','2023','2023-11-15','12:28:48','2023-11-15 12:28:48',NULL,'2','39'),(1797,1,'44668144',1,'11','2023','2023-11-15','13:21:55','2023-11-15 13:21:55',NULL,'3','40'),(1798,1,'44668144',1,'11','2023','2023-11-15','17:09:13','2023-11-15 17:09:13',NULL,'4','41'),(1799,1,'45395780',1,'11','2023','2023-11-15','07:50:40','2023-11-15 07:50:40',NULL,'1','42'),(1800,1,'45395780',1,'11','2023','2023-11-15','13:30:20','2023-11-15 13:30:20',NULL,'2','43'),(1801,1,'45395780',1,'11','2023','2023-11-15','14:14:02','2023-11-15 14:14:02',NULL,'3','44'),(1802,1,'45395780',1,'11','2023','2023-11-15','17:08:33','2023-11-15 17:08:33',NULL,'4','45'),(1803,1,'45520464',1,'11','2023','2023-11-15','08:02:49','2023-11-15 08:02:49',NULL,'1','46'),(1804,1,'45520464',1,'11','2023','2023-11-15','12:31:15','2023-11-15 12:31:15',NULL,'2','47'),(1805,1,'45520464',1,'11','2023','2023-11-15','13:26:34','2023-11-15 13:26:34',NULL,'3','48'),(1806,1,'45520464',1,'11','2023','2023-11-15','18:30:59','2023-11-15 18:30:59',NULL,'4','49'),(1807,1,'46019732',1,'11','2023','2023-11-15','13:18:34','2023-11-15 13:18:34',NULL,'1','50'),(1808,1,'46019732',1,'11','2023','2023-11-15','18:42:34','2023-11-15 18:42:34',NULL,'2','51'),(1809,1,'46521973',1,'11','2023','2023-11-15','07:53:49','2023-11-15 07:53:49',NULL,'1','52'),(1810,1,'46521973',1,'11','2023','2023-11-15','13:36:01','2023-11-15 13:36:01',NULL,'2','53'),(1811,1,'47099292',1,'11','2023','2023-11-15','07:58:05','2023-11-15 07:58:05',NULL,'1','54'),(1812,1,'47099292',1,'11','2023','2023-11-15','12:20:46','2023-11-15 12:20:46',NULL,'2','55'),(1813,1,'47099292',1,'11','2023','2023-11-15','13:20:33','2023-11-15 13:20:33',NULL,'3','56'),(1814,1,'47099292',1,'11','2023','2023-11-15','17:08:23','2023-11-15 17:08:23',NULL,'4','57'),(1815,1,'70392696',1,'11','2023','2023-11-15','08:17:50','2023-11-15 08:17:50',NULL,'1','58'),(1816,1,'70392696',1,'11','2023','2023-11-15','13:37:07','2023-11-15 13:37:07',NULL,'2','59'),(1817,1,'70599092',1,'11','2023','2023-11-15','08:27:18','2023-11-15 08:27:18',NULL,'1','60'),(1818,1,'70599092',1,'11','2023','2023-11-15','13:00:57','2023-11-15 13:00:57',NULL,'2','61'),(1819,1,'70599092',1,'11','2023','2023-11-15','18:31:56','2023-11-15 18:31:56',NULL,'3','62'),(1820,1,'71006845',1,'11','2023','2023-11-15','13:35:05','2023-11-15 13:35:05',NULL,'1','63'),(1821,1,'71006845',1,'11','2023','2023-11-15','18:30:19','2023-11-15 18:30:19',NULL,'2','64'),(1822,1,'71722191',1,'11','2023','2023-11-15','08:23:18','2023-11-15 08:23:18',NULL,'1','65'),(1823,1,'71722191',1,'11','2023','2023-11-15','13:38:03','2023-11-15 13:38:03',NULL,'2','66'),(1824,1,'73092839',1,'11','2023','2023-11-15','12:57:34','2023-11-15 12:57:34',NULL,'1','67'),(1825,1,'73092839',1,'11','2023','2023-11-15','18:30:04','2023-11-15 18:30:04',NULL,'2','68'),(1826,1,'73194069',1,'11','2023','2023-11-15','08:19:50','2023-11-15 08:19:50',NULL,'1','69'),(1827,1,'73194069',1,'11','2023','2023-11-15','13:30:12','2023-11-15 13:30:12',NULL,'2','70'),(1828,1,'73194069',1,'11','2023','2023-11-15','14:26:47','2023-11-15 14:26:47',NULL,'3','71'),(1829,1,'73194069',1,'11','2023','2023-11-15','17:33:42','2023-11-15 17:33:42',NULL,'4','72'),(1830,1,'77275303',1,'11','2023','2023-11-15','08:37:23','2023-11-15 08:37:23',NULL,'1','73'),(1831,1,'77275303',1,'11','2023','2023-11-15','12:37:14','2023-11-15 12:37:14',NULL,'2','74'),(1832,1,'77275303',1,'11','2023','2023-11-15','13:23:57','2023-11-15 13:23:57',NULL,'3','75'),(1833,1,'77275303',1,'11','2023','2023-11-15','18:30:38','2023-11-15 18:30:38',NULL,'4','76'),(1834,1,'23846077',1,'11','2023','2023-11-16','08:20:56','2023-11-16 08:20:56',NULL,'1','1'),(1835,1,'23846077',1,'11','2023','2023-11-16','14:02:56','2023-11-16 14:02:56',NULL,'2','2'),(1836,1,'23846077',1,'11','2023','2023-11-16','17:31:50','2023-11-16 17:31:50',NULL,'3','3'),(1837,1,'23856421',1,'11','2023','2023-11-16','08:15:43','2023-11-16 08:15:43',NULL,'1','4'),(1838,1,'23856421',1,'11','2023','2023-11-16','12:35:51','2023-11-16 12:35:51',NULL,'2','5'),(1839,1,'23856421',1,'11','2023','2023-11-16','13:27:39','2023-11-16 13:27:39',NULL,'3','6'),(1840,1,'23856421',1,'11','2023','2023-11-16','18:35:33','2023-11-16 18:35:33',NULL,'4','7'),(1841,1,'23856998',1,'11','2023','2023-11-16','08:14:55','2023-11-16 08:14:55',NULL,'1','8'),(1842,1,'23856998',1,'11','2023','2023-11-16','13:33:04','2023-11-16 13:33:04',NULL,'2','9'),(1843,1,'23856998',1,'11','2023','2023-11-16','14:35:09','2023-11-16 14:35:09',NULL,'3','10'),(1844,1,'23856998',1,'11','2023','2023-11-16','17:29:35','2023-11-16 17:29:35',NULL,'4','11'),(1845,1,'23867324',1,'11','2023','2023-11-16','08:16:20','2023-11-16 08:16:20',NULL,'1','12'),(1846,1,'23867324',1,'11','2023','2023-11-16','19:23:15','2023-11-16 19:23:15',NULL,'2','13'),(1847,1,'23966459',1,'11','2023','2023-11-16','09:09:54','2023-11-16 09:09:54',NULL,'1','14'),(1848,1,'23966459',1,'11','2023','2023-11-16','13:22:06','2023-11-16 13:22:06',NULL,'2','15'),(1849,1,'23966459',1,'11','2023','2023-11-16','14:08:38','2023-11-16 14:08:38',NULL,'3','16'),(1850,1,'23966459',1,'11','2023','2023-11-16','18:30:11','2023-11-16 18:30:11',NULL,'4','17'),(1851,1,'24003844',1,'11','2023','2023-11-16','08:18:57','2023-11-16 08:18:57',NULL,'1','18'),(1852,1,'24003844',1,'11','2023','2023-11-16','13:02:36','2023-11-16 13:02:36',NULL,'2','19'),(1853,1,'24003844',1,'11','2023','2023-11-16','14:00:00','2023-11-16 14:00:00',NULL,'3','20'),(1854,1,'24003844',1,'11','2023','2023-11-16','17:36:50','2023-11-16 17:36:50',NULL,'4','21'),(1855,1,'25000306',1,'11','2023','2023-11-16','08:23:18','2023-11-16 08:23:18',NULL,'1','22'),(1856,1,'25000306',1,'11','2023','2023-11-16','13:04:21','2023-11-16 13:04:21',NULL,'2','23'),(1857,1,'25000306',1,'11','2023','2023-11-16','14:05:30','2023-11-16 14:05:30',NULL,'3','24'),(1858,1,'25000306',1,'11','2023','2023-11-16','19:17:27','2023-11-16 19:17:27',NULL,'4','25'),(1859,1,'40595391',1,'11','2023','2023-11-16','07:48:46','2023-11-16 07:48:46',NULL,'1','26'),(1860,1,'40595391',1,'11','2023','2023-11-16','12:21:13','2023-11-16 12:21:13',NULL,'2','27'),(1861,1,'40595391',1,'11','2023','2023-11-16','13:17:58','2023-11-16 13:17:58',NULL,'3','28'),(1862,1,'40595391',1,'11','2023','2023-11-16','17:08:50','2023-11-16 17:08:50',NULL,'4','29'),(1863,1,'42309793',1,'11','2023','2023-11-16','13:31:44','2023-11-16 13:31:44',NULL,'1','30'),(1864,1,'42309793',1,'11','2023','2023-11-16','18:31:33','2023-11-16 18:31:33',NULL,'2','31'),(1865,1,'42380889',1,'11','2023','2023-11-16','12:55:20','2023-11-16 12:55:20',NULL,'1','32'),(1866,1,'42380889',1,'11','2023','2023-11-16','19:01:05','2023-11-16 19:01:05',NULL,'2','33'),(1867,1,'43595171',1,'11','2023','2023-11-16','07:50:44','2023-11-16 07:50:44',NULL,'1','34'),(1868,1,'43595171',1,'11','2023','2023-11-16','13:02:42','2023-11-16 13:02:42',NULL,'2','35'),(1869,1,'44171667',1,'11','2023','2023-11-16','08:27:52','2023-11-16 08:27:52',NULL,'1','36'),(1870,1,'44171667',1,'11','2023','2023-11-16','13:42:38','2023-11-16 13:42:38',NULL,'2','37'),(1871,1,'44668144',1,'11','2023','2023-11-16','07:43:18','2023-11-16 07:43:18',NULL,'1','38'),(1872,1,'44668144',1,'11','2023','2023-11-16','12:17:48','2023-11-16 12:17:48',NULL,'2','39'),(1873,1,'44668144',1,'11','2023','2023-11-16','13:11:54','2023-11-16 13:11:54',NULL,'3','40'),(1874,1,'44668144',1,'11','2023','2023-11-16','17:08:55','2023-11-16 17:08:55',NULL,'4','41'),(1875,1,'45395780',1,'11','2023','2023-11-16','07:53:27','2023-11-16 07:53:27',NULL,'1','42'),(1876,1,'45395780',1,'11','2023','2023-11-16','13:35:14','2023-11-16 13:35:14',NULL,'2','43'),(1877,1,'45395780',1,'11','2023','2023-11-16','14:28:59','2023-11-16 14:28:59',NULL,'3','44'),(1878,1,'45395780',1,'11','2023','2023-11-16','18:33:41','2023-11-16 18:33:41',NULL,'4','45'),(1879,1,'45520464',1,'11','2023','2023-11-16','08:15:10','2023-11-16 08:15:10',NULL,'1','46'),(1880,1,'45520464',1,'11','2023','2023-11-16','12:49:10','2023-11-16 12:49:10',NULL,'2','47'),(1881,1,'45520464',1,'11','2023','2023-11-16','13:34:12','2023-11-16 13:34:12',NULL,'3','48'),(1882,1,'45520464',1,'11','2023','2023-11-16','18:36:21','2023-11-16 18:36:21',NULL,'4','49'),(1883,1,'46019732',1,'11','2023','2023-11-16','13:29:25','2023-11-16 13:29:25',NULL,'1','50'),(1884,1,'46019732',1,'11','2023','2023-11-16','18:36:35','2023-11-16 18:36:35',NULL,'2','51'),(1885,1,'46521973',1,'11','2023','2023-11-16','07:52:20','2023-11-16 07:52:20',NULL,'1','52'),(1886,1,'46521973',1,'11','2023','2023-11-16','14:06:13','2023-11-16 14:06:13',NULL,'2','53'),(1887,1,'47099292',1,'11','2023','2023-11-16','07:50:59','2023-11-16 07:50:59',NULL,'1','54'),(1888,1,'47099292',1,'11','2023','2023-11-16','13:35:05','2023-11-16 13:35:05',NULL,'2','55'),(1889,1,'47099292',1,'11','2023','2023-11-16','14:28:57','2023-11-16 14:28:57',NULL,'3','56'),(1890,1,'47099292',1,'11','2023','2023-11-16','17:04:07','2023-11-16 17:04:07',NULL,'4','57'),(1891,1,'70392696',1,'11','2023','2023-11-16','08:19:24','2023-11-16 08:19:24',NULL,'1','58'),(1892,1,'70392696',1,'11','2023','2023-11-16','13:44:34','2023-11-16 13:44:34',NULL,'2','59'),(1893,1,'70599092',1,'11','2023','2023-11-16','13:03:14','2023-11-16 13:03:14',NULL,'1','60'),(1894,1,'70599092',1,'11','2023','2023-11-16','13:59:05','2023-11-16 13:59:05',NULL,'2','61'),(1895,1,'70599092',1,'11','2023','2023-11-16','18:41:16','2023-11-16 18:41:16',NULL,'3','62'),(1896,1,'71006845',1,'11','2023','2023-11-16','13:16:29','2023-11-16 13:16:29',NULL,'1','63'),(1897,1,'71006845',1,'11','2023','2023-11-16','19:38:34','2023-11-16 19:38:34',NULL,'2','64'),(1898,1,'71722191',1,'11','2023','2023-11-16','08:27:25','2023-11-16 08:27:25',NULL,'1','65'),(1899,1,'71722191',1,'11','2023','2023-11-16','13:57:57','2023-11-16 13:57:57',NULL,'2','66'),(1900,1,'73092839',1,'11','2023','2023-11-16','12:59:32','2023-11-16 12:59:32',NULL,'1','67'),(1901,1,'73092839',1,'11','2023','2023-11-16','18:31:14','2023-11-16 18:31:14',NULL,'2','68'),(1902,1,'73194069',1,'11','2023','2023-11-16','08:14:40','2023-11-16 08:14:40',NULL,'1','69'),(1903,1,'73194069',1,'11','2023','2023-11-16','13:32:10','2023-11-16 13:32:10',NULL,'2','70'),(1904,1,'73194069',1,'11','2023','2023-11-16','14:28:08','2023-11-16 14:28:08',NULL,'3','71'),(1905,1,'73194069',1,'11','2023','2023-11-16','18:22:33','2023-11-16 18:22:33',NULL,'4','72'),(1906,1,'77275303',1,'11','2023','2023-11-16','08:26:33','2023-11-16 08:26:33',NULL,'1','73'),(1907,1,'77275303',1,'11','2023','2023-11-16','12:33:16','2023-11-16 12:33:16',NULL,'2','74'),(1908,1,'77275303',1,'11','2023','2023-11-16','13:26:49','2023-11-16 13:26:49',NULL,'3','75'),(1909,1,'77275303',1,'11','2023','2023-11-16','18:31:23','2023-11-16 18:31:23',NULL,'4','76'),(1910,1,'23846077',1,'11','2023','2023-11-17','08:17:54','2023-11-17 08:17:54',NULL,'1','1'),(1911,1,'23856421',1,'11','2023','2023-11-17','08:05:52','2023-11-17 08:05:52',NULL,'1','2'),(1912,1,'23856421',1,'11','2023','2023-11-17','12:39:20','2023-11-17 12:39:20',NULL,'2','3'),(1913,1,'23856998',1,'11','2023','2023-11-17','08:11:52','2023-11-17 08:11:52',NULL,'1','4'),(1914,1,'23867324',1,'11','2023','2023-11-17','08:18:54','2023-11-17 08:18:54',NULL,'1','5'),(1915,1,'23966459',1,'11','2023','2023-11-17','13:15:32','2023-11-17 13:15:32',NULL,'1','6'),(1916,1,'24003844',1,'11','2023','2023-11-17','08:18:02','2023-11-17 08:18:02',NULL,'1','7'),(1917,1,'24003844',1,'11','2023','2023-11-17','13:01:40','2023-11-17 13:01:40',NULL,'2','8'),(1918,1,'25000306',1,'11','2023','2023-11-17','08:16:33','2023-11-17 08:16:33',NULL,'1','9'),(1919,1,'25000306',1,'11','2023','2023-11-17','13:21:32','2023-11-17 13:21:32',NULL,'2','10'),(1920,1,'40595391',1,'11','2023','2023-11-17','07:54:31','2023-11-17 07:54:31',NULL,'1','11'),(1921,1,'42380889',1,'11','2023','2023-11-17','12:54:06','2023-11-17 12:54:06',NULL,'1','12'),(1922,1,'43595171',1,'11','2023','2023-11-17','07:54:17','2023-11-17 07:54:17',NULL,'1','13'),(1923,1,'43595171',1,'11','2023','2023-11-17','13:07:12','2023-11-17 13:07:12',NULL,'2','14'),(1924,1,'44171667',1,'11','2023','2023-11-17','08:28:19','2023-11-17 08:28:19',NULL,'1','15'),(1925,1,'44668144',1,'11','2023','2023-11-17','07:36:48','2023-11-17 07:36:48',NULL,'1','16'),(1926,1,'44668144',1,'11','2023','2023-11-17','12:29:23','2023-11-17 12:29:23',NULL,'2','17'),(1927,1,'45520464',1,'11','2023','2023-11-17','12:50:36','2023-11-17 12:50:36',NULL,'1','18'),(1928,1,'45520464',1,'11','2023','2023-11-17','13:29:09','2023-11-17 13:29:09',NULL,'2','19'),(1929,1,'46521973',1,'11','2023','2023-11-17','07:48:53','2023-11-17 07:48:53',NULL,'1','20'),(1930,1,'47099292',1,'11','2023','2023-11-17','07:58:59','2023-11-17 07:58:59',NULL,'1','21'),(1931,1,'47099292',1,'11','2023','2023-11-17','12:29:56','2023-11-17 12:29:56',NULL,'2','22'),(1932,1,'47099292',1,'11','2023','2023-11-17','13:23:57','2023-11-17 13:23:57',NULL,'3','23'),(1933,1,'70392696',1,'11','2023','2023-11-17','08:29:18','2023-11-17 08:29:18',NULL,'1','24'),(1934,1,'70599092',1,'11','2023','2023-11-17','13:00:49','2023-11-17 13:00:49',NULL,'1','25'),(1935,1,'71722191',1,'11','2023','2023-11-17','08:29:29','2023-11-17 08:29:29',NULL,'1','26'),(1936,1,'73092839',1,'11','2023','2023-11-17','13:02:15','2023-11-17 13:02:15',NULL,'1','27'),(1937,1,'73194069',1,'11','2023','2023-11-17','08:23:51','2023-11-17 08:23:51',NULL,'1','28'),(1938,1,'77275303',1,'11','2023','2023-11-17','08:37:41','2023-11-17 08:37:41',NULL,'1','29'),(1939,1,'77275303',1,'11','2023','2023-11-17','12:48:57','2023-11-17 12:48:57',NULL,'2','30'),(1940,1,'77275303',1,'11','2023','2023-11-17','13:27:07','2023-11-17 13:27:07',NULL,'3','31');

UNLOCK TABLES;

/*Table structure for table `m_asistencia_tipo` */

DROP TABLE IF EXISTS `m_asistencia_tipo`;

CREATE TABLE `m_asistencia_tipo` (
  `IDTIPO_ASISTENCIA` int NOT NULL AUTO_INCREMENT,
  `IDCENTRO_MAC` int DEFAULT NULL,
  `TIPO` varchar(10) DEFAULT NULL,
  PRIMARY KEY (`IDTIPO_ASISTENCIA`)
) ENGINE=InnoDB AUTO_INCREMENT=2 DEFAULT CHARSET=utf8mb4 COLLATE=utf8mb4_0900_ai_ci;

/*Data for the table `m_asistencia_tipo` */

LOCK TABLES `m_asistencia_tipo` WRITE;

insert  into `m_asistencia_tipo`(`IDTIPO_ASISTENCIA`,`IDCENTRO_MAC`,`TIPO`) values (1,1,'1');

UNLOCK TABLES;

/*Table structure for table `m_centro_mac` */

DROP TABLE IF EXISTS `m_centro_mac`;

CREATE TABLE `m_centro_mac` (
  `IDCENTRO_MAC` int NOT NULL AUTO_INCREMENT,
  `UBICACION` int DEFAULT NULL,
  `UBICACION_ANT` int DEFAULT NULL,
  `NOMBRE_MAC` varchar(250) DEFAULT NULL,
  `FECHA_APERTURA` date DEFAULT NULL,
  `FECHA_INAGURACION` date DEFAULT NULL,
  `FOTO_RUTA` varchar(250) DEFAULT NULL,
  `FLAG` tinyint DEFAULT '1',
  `FECHA_CREACION` timestamp NULL DEFAULT NULL,
  PRIMARY KEY (`IDCENTRO_MAC`)
) ENGINE=InnoDB AUTO_INCREMENT=3 DEFAULT CHARSET=utf8mb4 COLLATE=utf8mb4_0900_ai_ci;

/*Data for the table `m_centro_mac` */

LOCK TABLES `m_centro_mac` WRITE;

insert  into `m_centro_mac`(`IDCENTRO_MAC`,`UBICACION`,`UBICACION_ANT`,`NOMBRE_MAC`,`FECHA_APERTURA`,`FECHA_INAGURACION`,`FOTO_RUTA`,`FLAG`,`FECHA_CREACION`) values (1,0,NULL,'CUSCO','2023-10-23',NULL,NULL,1,'2023-10-23 17:44:22'),(2,NULL,NULL,'JUNIN',NULL,NULL,NULL,1,NULL);

UNLOCK TABLES;

/*Table structure for table `m_entidad` */

DROP TABLE IF EXISTS `m_entidad`;

CREATE TABLE `m_entidad` (
  `IDENTIDAD` int NOT NULL AUTO_INCREMENT,
  `NOMBRE_ENTIDAD` varchar(250) DEFAULT NULL,
  `RUC_ENTIDAD` varchar(50) DEFAULT NULL,
  `IDNOVO` int DEFAULT NULL,
  `NOMBRE_NOVO` varchar(200) DEFAULT NULL,
  `IDCENTRO_MAC` int DEFAULT NULL,
  `ABREV_ENTIDAD` varchar(100) DEFAULT NULL,
  `FLAG` tinyint DEFAULT '1',
  PRIMARY KEY (`IDENTIDAD`)
) ENGINE=InnoDB AUTO_INCREMENT=25 DEFAULT CHARSET=utf8mb4 COLLATE=utf8mb4_0900_ai_ci;

/*Data for the table `m_entidad` */

LOCK TABLES `m_entidad` WRITE;

insert  into `m_entidad`(`IDENTIDAD`,`NOMBRE_ENTIDAD`,`RUC_ENTIDAD`,`IDNOVO`,`NOMBRE_NOVO`,`IDCENTRO_MAC`,`ABREV_ENTIDAD`,`FLAG`) values (1,'BANCO DE LA NACION',NULL,1,NULL,NULL,'BN',1),(2,'DIRECCION REG. DE TRANSPORTES Y COMUNICACIONES (CUSCO)',NULL,941,NULL,NULL,'DRTC - CUSCO',1),(3,'DIRECCION REG. DE TRABAJO Y PROMOCION EMPRESARIAL (CUSCO)',NULL,936,NULL,NULL,'DRTPE - CUSCO',1),(4,'Seguro Social de Salud (ESSALUD)',NULL,147,NULL,NULL,'ESSALUD',1),(5,'Instituto Nacional de Defensa de la Competencia y de la Protección de la Propiedad Intelectual',NULL,46,NULL,NULL,'INDECOPI',1),(6,'Instituto Nacional Penitenciario (INPE)',NULL,127,NULL,NULL,'INPE',1),(7,'Superintendencia Nacional de Migraciones (MIGRACIONES)',NULL,259,NULL,NULL,'MIGRACIONES',1),(8,'Ministerio de Desarrollo e Inclusión Social (MIDIS)',NULL,52,NULL,NULL,'MIDIS',1),(9,'MUNICIPALIDAD DE HUANCAYO',NULL,931,NULL,NULL,'MUNI H',1),(10,'ONP',NULL,612,NULL,NULL,'ONP',1),(11,'PODER JUDICIAL',NULL,63,NULL,NULL,'PJ',1),(12,'RENIEC',NULL,63,'65,157,336',NULL,'RENIEC',1),(13,'Servicio de Administración Tributaria de Huancayo',NULL,925,NULL,NULL,'SAT H',1),(14,'Seguro Integral de Salud (SIS)',NULL,74,NULL,NULL,'SIS',1),(15,'Superintendencia Nacional de los Registros Públicos (SUNARP)',NULL,87,NULL,NULL,'SUNARP',1),(16,'Superintendencia Nacional de Aduanas y de Administración Tributaria (SUNAT)',NULL,82,NULL,NULL,'SUNAT',1),(17,'PRESIDENCIA DE CONSEJO DE MINISTROS',NULL,NULL,NULL,NULL,'PCM',1),(18,'Gerencia Regional de Comercio Exterior, Turismo y Artesanía(CUSCO)',NULL,NULL,NULL,NULL,'GERCETUR - CUSCO',1),(20,'SEDACUSCO',NULL,NULL,NULL,NULL,'SEDACUSCO',1),(21,'Superintendencia Nacional de Educación Superior Universitaria (SUNEDU)',NULL,NULL,NULL,NULL,'SUNEDU',1),(24,'Municipalidad Provincial de Cusco',NULL,NULL,NULL,NULL,'MP CUSCO',1);

UNLOCK TABLES;

/*Table structure for table `m_mac_entidad` */

DROP TABLE IF EXISTS `m_mac_entidad`;

CREATE TABLE `m_mac_entidad` (
  `IDMAC_ENTIDAD` int NOT NULL AUTO_INCREMENT,
  `IDCENTRO_MAC` int DEFAULT NULL,
  `IDENTIDAD` int DEFAULT NULL,
  `LOG_US` int DEFAULT NULL,
  PRIMARY KEY (`IDMAC_ENTIDAD`)
) ENGINE=InnoDB AUTO_INCREMENT=18 DEFAULT CHARSET=utf8mb4 COLLATE=utf8mb4_0900_ai_ci;

/*Data for the table `m_mac_entidad` */

LOCK TABLES `m_mac_entidad` WRITE;

insert  into `m_mac_entidad`(`IDMAC_ENTIDAD`,`IDCENTRO_MAC`,`IDENTIDAD`,`LOG_US`) values (1,1,1,NULL),(2,1,2,NULL),(3,1,3,NULL),(4,1,17,NULL),(5,1,4,NULL),(6,1,6,NULL),(7,1,7,NULL),(8,1,10,NULL),(9,1,11,NULL),(10,1,12,NULL),(11,1,14,NULL),(12,1,15,NULL),(13,1,16,NULL),(14,1,18,NULL),(15,1,20,NULL),(16,1,24,NULL),(17,1,21,NULL);

UNLOCK TABLES;

/*Table structure for table `m_personal` */

DROP TABLE IF EXISTS `m_personal`;

CREATE TABLE `m_personal` (
  `IDPERSONAL` int NOT NULL AUTO_INCREMENT,
  `NOMBRE` varchar(250) DEFAULT NULL,
  `APE_PAT` varchar(250) DEFAULT NULL,
  `APE_MAT` varchar(250) DEFAULT NULL,
  `IDTIPO_DOC` int DEFAULT NULL,
  `NUM_DOC` varchar(20) CHARACTER SET utf8mb4 COLLATE utf8mb4_0900_ai_ci NOT NULL,
  `IDMAC` int DEFAULT NULL,
  `IDENTIDAD` int DEFAULT NULL,
  `DIRECCION` varchar(200) DEFAULT NULL,
  `SEXO` varchar(50) DEFAULT NULL,
  `FECH_NACIMIENTO` date DEFAULT NULL,
  `IDDISTRITO` int DEFAULT NULL,
  `IDDISTRITO_NAC` int DEFAULT NULL,
  `TELEFONO` varchar(20) DEFAULT NULL,
  `CELULAR` varchar(20) DEFAULT NULL,
  `CORREO` varchar(100) DEFAULT NULL,
  `GRUPO_SANGUINEO` varchar(20) DEFAULT NULL,
  `FOTO_RUTA` varchar(100) DEFAULT NULL,
  `E_NOMAPE` varchar(250) DEFAULT NULL,
  `E_TELEFONO` varchar(30) DEFAULT NULL,
  `E_CELULAR` varchar(30) DEFAULT NULL,
  `ESTADO_CIVIL` char(1) DEFAULT NULL,
  `DF_N_HIJOS` varchar(20) CHARACTER SET utf8mb4 COLLATE utf8mb4_0900_ai_ci DEFAULT NULL,
  `PD_FECHA_INGRESO` date DEFAULT NULL,
  `PD_PUESTO_TRABAJO` varchar(100) DEFAULT NULL,
  `PD_TIEMPO_PTRABAJO` varchar(50) DEFAULT NULL,
  `PD_CENTRO_ATENCION` char(1) DEFAULT NULL,
  `PD_CODIGO_IDENTIFICACION` varchar(200) DEFAULT NULL,
  `DLP_FECHA_INGRESO` date DEFAULT NULL,
  `DLP_PUESTO_TRABAJO` varchar(200) DEFAULT NULL,
  `DLP_TIEMPO_PTRABAJO` varchar(50) DEFAULT NULL,
  `DLP_AREA_TRABAJO` varchar(100) DEFAULT NULL,
  `DLP_JEFE_INMEDIATO` varchar(250) CHARACTER SET utf8mb4 COLLATE utf8mb4_0900_ai_ci DEFAULT NULL,
  `DLP_CARGO` varchar(200) DEFAULT NULL,
  `DLP_TELEFONO` varchar(20) DEFAULT NULL,
  `TVL_ID` int DEFAULT NULL,
  `TVL_OTRO` varchar(200) DEFAULT NULL,
  `GI_ID` int DEFAULT NULL,
  `GI_OTRO` varchar(200) DEFAULT NULL,
  `GI_CARRERA` varchar(200) DEFAULT NULL,
  `GI_DESDE` date DEFAULT NULL,
  `GI_HASTA` date DEFAULT NULL,
  `FLAG` tinyint DEFAULT '1',
  `CREATED_AT` timestamp NULL DEFAULT NULL,
  `UPDATED_AT` timestamp NULL DEFAULT NULL,
  PRIMARY KEY (`IDPERSONAL`),
  UNIQUE KEY `NUM_DOC` (`NUM_DOC`),
  KEY `fk_m_personal_d_personal_tipodoc` (`IDTIPO_DOC`),
  KEY `fk_m_personal_m_entidad` (`IDENTIDAD`),
  KEY `fk_m_personal_m_centro_mac` (`IDMAC`),
  CONSTRAINT `fk_m_personal_d_personal_tipodoc` FOREIGN KEY (`IDTIPO_DOC`) REFERENCES `d_personal_tipodoc` (`IDTIPO_DOC`),
  CONSTRAINT `fk_m_personal_m_centro_mac` FOREIGN KEY (`IDMAC`) REFERENCES `m_centro_mac` (`IDCENTRO_MAC`),
  CONSTRAINT `fk_m_personal_m_entidad` FOREIGN KEY (`IDENTIDAD`) REFERENCES `m_entidad` (`IDENTIDAD`)
) ENGINE=InnoDB AUTO_INCREMENT=57 DEFAULT CHARSET=utf8mb4 COLLATE=utf8mb4_0900_ai_ci;

/*Data for the table `m_personal` */

LOCK TABLES `m_personal` WRITE;

insert  into `m_personal`(`IDPERSONAL`,`NOMBRE`,`APE_PAT`,`APE_MAT`,`IDTIPO_DOC`,`NUM_DOC`,`IDMAC`,`IDENTIDAD`,`DIRECCION`,`SEXO`,`FECH_NACIMIENTO`,`IDDISTRITO`,`IDDISTRITO_NAC`,`TELEFONO`,`CELULAR`,`CORREO`,`GRUPO_SANGUINEO`,`FOTO_RUTA`,`E_NOMAPE`,`E_TELEFONO`,`E_CELULAR`,`ESTADO_CIVIL`,`DF_N_HIJOS`,`PD_FECHA_INGRESO`,`PD_PUESTO_TRABAJO`,`PD_TIEMPO_PTRABAJO`,`PD_CENTRO_ATENCION`,`PD_CODIGO_IDENTIFICACION`,`DLP_FECHA_INGRESO`,`DLP_PUESTO_TRABAJO`,`DLP_TIEMPO_PTRABAJO`,`DLP_AREA_TRABAJO`,`DLP_JEFE_INMEDIATO`,`DLP_CARGO`,`DLP_TELEFONO`,`TVL_ID`,`TVL_OTRO`,`GI_ID`,`GI_OTRO`,`GI_CARRERA`,`GI_DESDE`,`GI_HASTA`,`FLAG`,`CREATED_AT`,`UPDATED_AT`) values (1,'PASCUAL JHUNIOR','FARFAN','BELLIDO',1,'77275303',1,3,NULL,'1',NULL,NULL,NULL,NULL,'942973032','farfanjhunior@gmail.com',NULL,NULL,NULL,NULL,NULL,'1',NULL,NULL,NULL,NULL,NULL,NULL,NULL,NULL,NULL,NULL,NULL,NULL,NULL,NULL,NULL,NULL,NULL,NULL,NULL,NULL,1,'2023-10-30 20:35:54','2023-10-30 20:35:54'),(2,'JOSSELINE YAJAIDA','CASTRO','ORTIZ',1,'70599092',1,20,NULL,'0',NULL,NULL,NULL,NULL,NULL,NULL,NULL,NULL,NULL,NULL,NULL,NULL,NULL,NULL,NULL,NULL,NULL,NULL,NULL,NULL,NULL,NULL,NULL,NULL,NULL,NULL,NULL,NULL,NULL,NULL,NULL,NULL,1,'2023-10-30 20:43:03','2023-10-30 20:43:03'),(3,'ROSARIO','LLAULLE','MURCUTO',1,'47105071',1,4,NULL,'0',NULL,NULL,NULL,NULL,'974240772','llmr1991@gmail.com',NULL,NULL,NULL,NULL,NULL,NULL,NULL,NULL,NULL,NULL,NULL,NULL,NULL,NULL,NULL,NULL,NULL,NULL,NULL,NULL,NULL,NULL,NULL,NULL,NULL,NULL,1,'2023-10-30 23:22:57','2023-10-30 23:22:57'),(4,'ROSA LUCÍA','GONZALES','MIRANDA',1,'47749901',1,4,NULL,'0',NULL,NULL,NULL,NULL,NULL,NULL,NULL,NULL,NULL,NULL,NULL,NULL,NULL,NULL,NULL,NULL,NULL,NULL,NULL,NULL,NULL,NULL,NULL,NULL,NULL,NULL,NULL,NULL,NULL,NULL,NULL,NULL,1,'2023-10-30 23:23:22','2023-10-30 23:23:22'),(5,'LIA BERENITZE','ALVAREZ','RIOS',1,'42309793',1,4,NULL,'0',NULL,NULL,NULL,NULL,'921199870','lia.berenitze@gmail.com',NULL,NULL,NULL,NULL,NULL,NULL,NULL,NULL,NULL,NULL,NULL,NULL,NULL,NULL,NULL,NULL,NULL,NULL,NULL,NULL,NULL,NULL,NULL,NULL,NULL,NULL,1,'2023-10-30 23:23:58','2023-10-30 23:23:58'),(6,'SHIERLEY MARIBEL','ARAGON','RODRIGUEZ',1,'23925206',1,4,NULL,'0',NULL,NULL,NULL,NULL,NULL,NULL,NULL,NULL,NULL,NULL,NULL,NULL,NULL,NULL,NULL,NULL,NULL,NULL,NULL,NULL,NULL,NULL,NULL,NULL,NULL,NULL,NULL,NULL,NULL,NULL,NULL,NULL,1,'2023-10-30 23:24:19','2023-10-30 23:24:19'),(7,'YOLANDA LIZBEL','ANDRADE','PEÑA',1,'46955536',1,16,NULL,'0',NULL,NULL,NULL,NULL,NULL,NULL,NULL,NULL,NULL,NULL,NULL,NULL,NULL,NULL,NULL,NULL,NULL,NULL,NULL,NULL,NULL,NULL,NULL,NULL,NULL,NULL,NULL,NULL,NULL,NULL,NULL,NULL,1,'2023-10-30 23:24:59','2023-10-30 23:24:59'),(8,'CARMEN TATIANA','BUSTAMANTE','QUISPE',1,'45575741',1,16,NULL,'0',NULL,NULL,NULL,NULL,NULL,NULL,NULL,NULL,NULL,NULL,NULL,NULL,NULL,NULL,NULL,NULL,NULL,NULL,NULL,NULL,NULL,NULL,NULL,NULL,NULL,NULL,NULL,NULL,NULL,NULL,NULL,NULL,1,'2023-10-30 23:25:23','2023-10-30 23:25:23'),(9,'MARIANEL','CCALLO','LOPEZ',1,'46219403',1,16,NULL,'0',NULL,NULL,NULL,NULL,NULL,NULL,NULL,NULL,NULL,NULL,NULL,NULL,NULL,NULL,NULL,NULL,NULL,NULL,NULL,NULL,NULL,NULL,NULL,NULL,NULL,NULL,NULL,NULL,NULL,NULL,NULL,NULL,1,'2023-10-30 23:25:42','2023-10-30 23:25:42'),(10,'GLADIS BERNIA','CCORI','ALVAREZ',1,'44685507',1,16,NULL,'0',NULL,NULL,NULL,NULL,NULL,NULL,NULL,NULL,NULL,NULL,NULL,NULL,NULL,NULL,NULL,NULL,NULL,NULL,NULL,NULL,NULL,NULL,NULL,NULL,NULL,NULL,NULL,NULL,NULL,NULL,NULL,NULL,1,'2023-10-30 23:26:02','2023-10-30 23:26:02'),(11,'DIEGO ARTURO','CURASI','LOAIZA',1,'47569481',1,16,NULL,'1',NULL,NULL,NULL,NULL,NULL,NULL,NULL,NULL,NULL,NULL,NULL,NULL,NULL,NULL,NULL,NULL,NULL,NULL,NULL,NULL,NULL,NULL,NULL,NULL,NULL,NULL,NULL,NULL,NULL,NULL,NULL,NULL,1,'2023-10-30 23:26:56','2023-10-30 23:26:56'),(12,'LUZ MERY','CUTIPA','GUTIERREZ',1,'46071419',1,16,NULL,'0',NULL,NULL,NULL,NULL,NULL,NULL,NULL,NULL,NULL,NULL,NULL,NULL,NULL,NULL,NULL,NULL,NULL,NULL,NULL,NULL,NULL,NULL,NULL,NULL,NULL,NULL,NULL,NULL,NULL,NULL,NULL,NULL,1,'2023-10-30 23:27:15','2023-10-30 23:27:15'),(13,'LUZ MILENCA CCHAS\'KA','FERNANDEZ','RONDON',1,'75972355',1,16,NULL,'0',NULL,NULL,NULL,NULL,NULL,NULL,NULL,NULL,NULL,NULL,NULL,NULL,NULL,NULL,NULL,NULL,NULL,NULL,NULL,NULL,NULL,NULL,NULL,NULL,NULL,NULL,NULL,NULL,NULL,NULL,NULL,NULL,1,'2023-10-30 23:27:37','2023-10-30 23:27:37'),(14,'NANCY MARIBEL','MAMANI','HUANACO',1,'76480943',1,16,NULL,'0',NULL,NULL,NULL,NULL,'940892615','nancymamani111@gmail.com',NULL,NULL,NULL,NULL,NULL,NULL,NULL,NULL,NULL,NULL,NULL,NULL,NULL,NULL,NULL,NULL,NULL,NULL,NULL,NULL,NULL,NULL,NULL,NULL,NULL,NULL,1,'2023-10-30 23:28:04','2023-10-30 23:28:04'),(15,'EVELYN','MEZA','ROJAS',1,'40923269',1,16,NULL,'0',NULL,NULL,NULL,NULL,NULL,NULL,NULL,NULL,NULL,NULL,NULL,NULL,NULL,NULL,NULL,NULL,NULL,NULL,NULL,NULL,NULL,NULL,NULL,NULL,NULL,NULL,NULL,NULL,NULL,NULL,NULL,NULL,1,'2023-10-30 23:28:24','2023-10-30 23:28:24'),(16,'SANDY SHIWAR','MOLINA','VILLENA',1,'73194069',1,16,NULL,'0',NULL,NULL,NULL,NULL,NULL,NULL,NULL,NULL,NULL,NULL,NULL,NULL,NULL,NULL,NULL,NULL,NULL,NULL,NULL,NULL,NULL,NULL,NULL,NULL,NULL,NULL,NULL,NULL,NULL,NULL,NULL,NULL,1,'2023-10-30 23:28:48','2023-10-30 23:28:48'),(17,'KELY','PUMA','VEGA',1,'45424207',1,16,NULL,'0',NULL,NULL,NULL,NULL,NULL,NULL,NULL,NULL,NULL,NULL,NULL,NULL,NULL,NULL,NULL,NULL,NULL,NULL,NULL,NULL,NULL,NULL,NULL,NULL,NULL,NULL,NULL,NULL,NULL,NULL,NULL,NULL,1,'2023-10-30 23:29:11','2023-10-30 23:29:11'),(18,'GABRIELA LEOYOLI','ZAMBRANO','OCHOA',1,'71722191',1,21,NULL,'0',NULL,NULL,NULL,NULL,'944244281','leozam8a@gmail.com',NULL,NULL,NULL,NULL,NULL,NULL,NULL,NULL,NULL,NULL,NULL,NULL,NULL,NULL,NULL,NULL,NULL,NULL,NULL,NULL,NULL,NULL,NULL,NULL,NULL,NULL,1,'2023-11-02 15:39:50','2023-11-02 15:39:50'),(19,'FLOR DE LUNA','COLONIO','QUISPE',1,'46019732',1,21,NULL,'0',NULL,NULL,NULL,NULL,NULL,NULL,NULL,NULL,NULL,NULL,NULL,NULL,NULL,NULL,NULL,NULL,NULL,NULL,NULL,NULL,NULL,NULL,NULL,NULL,NULL,NULL,NULL,NULL,NULL,NULL,NULL,NULL,1,'2023-11-02 15:40:10','2023-11-02 15:40:10'),(20,'JHON KEVIN','MUCHCCO','ROJAS',1,'47286140',1,17,'CALLE 1 MZ D LT 25','0','1992-09-05',80101,80101,'0','986184484','kevinmuchcco@gmail.com','O+',NULL,'VALDIMIRO','0','989380541','1','0','2023-05-05','ESPECIALISTA','2MESES','1','-','2020-05-05','ESPECIALISTA','2 AÑOS','INFORMATICA','EDWIN','COORDINADOR','0',2,NULL,4,NULL,'ING INFORMATICA','2012-05-05','2018-05-05',1,'2023-11-02 19:53:58','2023-11-15 22:20:43'),(21,NULL,NULL,NULL,1,'76270924',1,NULL,NULL,NULL,NULL,NULL,NULL,NULL,NULL,NULL,NULL,NULL,NULL,NULL,NULL,NULL,NULL,NULL,NULL,NULL,NULL,NULL,NULL,NULL,NULL,NULL,NULL,NULL,NULL,NULL,NULL,NULL,NULL,NULL,NULL,NULL,1,'2023-11-02 21:05:56','2023-11-02 21:05:56'),(22,'JUANA LUZ','IZQUIERDO','VILLASANTE',1,'23867324',1,1,NULL,'0',NULL,NULL,NULL,NULL,NULL,NULL,NULL,NULL,NULL,NULL,NULL,NULL,NULL,NULL,NULL,NULL,NULL,NULL,NULL,NULL,NULL,NULL,NULL,NULL,NULL,NULL,NULL,NULL,NULL,NULL,NULL,NULL,1,'2023-11-03 16:26:56','2023-11-03 16:26:56'),(24,'PATRICIA','APARICIO','FERRO',1,'44668144',1,7,NULL,'0',NULL,NULL,NULL,NULL,'978637298','paparicio@migraciones.gob.pe',NULL,NULL,NULL,NULL,NULL,NULL,NULL,NULL,NULL,NULL,NULL,NULL,NULL,NULL,NULL,NULL,NULL,NULL,NULL,NULL,NULL,NULL,NULL,NULL,NULL,NULL,1,'2023-11-03 21:49:47','2023-11-03 21:49:47'),(25,'ADRIANA','ARAGÓN','PAZ',1,'23966459',1,7,NULL,'0',NULL,NULL,NULL,NULL,'984478600',NULL,NULL,NULL,NULL,NULL,NULL,NULL,NULL,NULL,NULL,NULL,NULL,NULL,NULL,NULL,NULL,NULL,NULL,NULL,NULL,NULL,NULL,NULL,NULL,NULL,NULL,NULL,1,'2023-11-03 21:50:12','2023-11-03 21:50:12'),(26,'JUDIT PALOMA','CALLO','HERRERA',1,'47099292',1,7,NULL,'0',NULL,NULL,NULL,NULL,'940188480','jcallo@migraciones.gob.pe',NULL,NULL,NULL,NULL,NULL,NULL,NULL,NULL,NULL,NULL,NULL,NULL,NULL,NULL,NULL,NULL,NULL,NULL,NULL,NULL,NULL,NULL,NULL,NULL,NULL,NULL,1,'2023-11-03 21:50:51','2023-11-03 21:50:51'),(27,'IVETTE SOFIA','FARFAN','MEZA',1,'45235673',1,7,NULL,'0',NULL,NULL,NULL,NULL,'996287901','ivette.farfan@gmail.com',NULL,NULL,NULL,NULL,NULL,NULL,NULL,NULL,NULL,NULL,NULL,NULL,NULL,NULL,NULL,NULL,NULL,NULL,NULL,NULL,NULL,NULL,NULL,NULL,NULL,NULL,1,'2023-11-03 21:51:21','2023-11-03 21:51:21'),(28,'KARLEN YANINA','NIETO','CAMA',1,'40595391',1,7,NULL,'0',NULL,NULL,NULL,NULL,'976831929','knieto@migraciones.gob.pe',NULL,NULL,NULL,NULL,NULL,NULL,NULL,NULL,NULL,NULL,NULL,NULL,NULL,NULL,NULL,NULL,NULL,NULL,NULL,NULL,NULL,NULL,NULL,NULL,NULL,NULL,1,'2023-11-03 21:51:48','2023-11-03 21:51:48'),(29,'MANUEL EMILIO','RIVERA','QUISPE',1,'45769862',1,7,NULL,'1',NULL,NULL,NULL,NULL,NULL,NULL,NULL,NULL,NULL,NULL,NULL,NULL,NULL,NULL,NULL,NULL,NULL,NULL,NULL,NULL,NULL,NULL,NULL,NULL,NULL,NULL,NULL,NULL,NULL,NULL,NULL,NULL,1,'2023-11-03 21:52:11','2023-11-03 21:52:11'),(30,'TERESA INDIRA','RIVERA','SANTOS',1,'46140236',1,7,NULL,'0',NULL,NULL,NULL,NULL,NULL,NULL,NULL,NULL,NULL,NULL,NULL,NULL,NULL,NULL,NULL,NULL,NULL,NULL,NULL,NULL,NULL,NULL,NULL,NULL,NULL,NULL,NULL,NULL,NULL,NULL,NULL,NULL,1,'2023-11-03 21:52:32','2023-11-03 21:52:32'),(31,'FERNANDO AUGUSTO','SERRANO','MENDOZA',1,'43156046',1,7,NULL,'0',NULL,NULL,NULL,NULL,'991050241','fserrano@migraciones.gob.pe',NULL,NULL,NULL,NULL,NULL,NULL,NULL,NULL,NULL,NULL,NULL,NULL,NULL,NULL,NULL,NULL,NULL,NULL,NULL,NULL,NULL,NULL,NULL,NULL,NULL,NULL,1,'2023-11-03 21:53:06','2023-11-03 21:53:06'),(32,'MARIA TERESA','TAMAYO','CERVANTES',1,'23833211',1,7,NULL,'0',NULL,NULL,NULL,NULL,NULL,NULL,NULL,NULL,NULL,NULL,NULL,NULL,NULL,NULL,NULL,NULL,NULL,NULL,NULL,NULL,NULL,NULL,NULL,NULL,NULL,NULL,NULL,NULL,NULL,NULL,NULL,NULL,1,'2023-11-03 21:53:32','2023-11-03 21:53:32'),(33,'ROSMERY','VILCAHUAMAN','SUMA',1,'43822402',1,7,NULL,'0',NULL,NULL,NULL,NULL,'980626099','rvilcahuaman@migraciones.gob.pe',NULL,NULL,NULL,NULL,NULL,NULL,NULL,NULL,NULL,NULL,NULL,NULL,NULL,NULL,NULL,NULL,NULL,NULL,NULL,NULL,NULL,NULL,NULL,NULL,NULL,NULL,1,'2023-11-03 21:53:59','2023-11-03 21:53:59'),(34,'LUZET','ZEGARRA','TORRES',1,'45395780',1,7,NULL,'0',NULL,NULL,NULL,NULL,'901697907','luzet006@gmail.com',NULL,NULL,NULL,NULL,NULL,NULL,NULL,NULL,NULL,NULL,NULL,NULL,NULL,NULL,NULL,NULL,NULL,NULL,NULL,NULL,NULL,NULL,NULL,NULL,NULL,NULL,1,'2023-11-03 21:54:26','2023-11-03 21:54:26'),(35,'MELVIN','ALVAREZ','SALAZAR',1,'44171667',1,18,NULL,'0',NULL,NULL,NULL,NULL,NULL,NULL,NULL,NULL,NULL,NULL,NULL,NULL,NULL,NULL,NULL,NULL,NULL,NULL,NULL,NULL,NULL,NULL,NULL,NULL,NULL,NULL,NULL,NULL,NULL,NULL,NULL,NULL,1,'2023-11-06 15:08:21','2023-11-06 15:08:21'),(36,'DAYLA MALU','SEGOVIA','PIZARRO',1,'71006845',1,18,NULL,'0',NULL,NULL,NULL,NULL,NULL,NULL,NULL,NULL,NULL,NULL,NULL,NULL,NULL,NULL,NULL,NULL,NULL,NULL,NULL,NULL,NULL,NULL,NULL,NULL,NULL,NULL,NULL,NULL,NULL,NULL,NULL,NULL,1,'2023-11-06 15:08:42','2023-11-06 15:08:42'),(37,'MIJAIL','CORBACHO','PAGAN',1,'71755366',1,2,NULL,'0',NULL,NULL,NULL,NULL,'955717930','corbacho26375@gmail.com',NULL,NULL,NULL,NULL,NULL,NULL,NULL,NULL,NULL,NULL,NULL,NULL,NULL,NULL,NULL,NULL,NULL,NULL,NULL,NULL,NULL,NULL,NULL,NULL,NULL,NULL,1,'2023-11-06 15:09:15','2023-11-06 15:09:15'),(38,'MARJORI','MULTHUAPTFF','PALOMINO',1,'70392696',1,2,NULL,'0',NULL,NULL,NULL,NULL,'984355451',NULL,NULL,NULL,NULL,NULL,NULL,NULL,NULL,NULL,NULL,NULL,NULL,NULL,NULL,NULL,NULL,NULL,NULL,NULL,NULL,NULL,NULL,NULL,NULL,NULL,NULL,NULL,1,'2023-11-06 15:09:54','2023-11-06 15:09:54'),(39,'LUCERO LAYZA','VALENCIA','USCACHI',1,'73092839',1,2,NULL,'0',NULL,NULL,NULL,NULL,'983031698','lucerialayza@gmail.com',NULL,NULL,NULL,NULL,NULL,NULL,NULL,NULL,NULL,NULL,NULL,NULL,NULL,NULL,NULL,NULL,NULL,NULL,NULL,NULL,NULL,NULL,NULL,NULL,NULL,NULL,1,'2023-11-06 15:10:51','2023-11-06 15:10:51'),(40,'EDEMIR','PUMALLICA','VALLENAS',1,'42162145',1,2,NULL,'1',NULL,NULL,NULL,NULL,'946787773','edr_20@hotmail.com',NULL,NULL,NULL,NULL,NULL,NULL,NULL,NULL,NULL,NULL,NULL,NULL,NULL,NULL,NULL,NULL,NULL,NULL,NULL,NULL,NULL,NULL,NULL,NULL,NULL,NULL,1,'2023-11-06 15:12:33','2023-11-06 15:12:33'),(41,'AMILCAR','ESQUIVEL','HUAMAN',1,'44780342',1,2,NULL,'1',NULL,NULL,NULL,NULL,'984372555','aesquivalhuaman@gmail.com',NULL,NULL,NULL,NULL,NULL,NULL,NULL,NULL,NULL,NULL,NULL,NULL,NULL,NULL,NULL,NULL,NULL,NULL,NULL,NULL,NULL,NULL,NULL,NULL,NULL,NULL,1,'2023-11-06 15:13:02','2023-11-06 15:13:02'),(42,'GUIDO JUSTO','CARDENAS','CRUSADO',1,'23846077',1,6,NULL,'0',NULL,NULL,NULL,NULL,'960899454','gcardenas@inpe.gob.pe',NULL,NULL,NULL,NULL,NULL,NULL,NULL,NULL,NULL,NULL,NULL,NULL,NULL,NULL,NULL,NULL,NULL,NULL,NULL,NULL,NULL,NULL,NULL,NULL,NULL,NULL,1,'2023-11-06 15:14:05','2023-11-06 15:14:05'),(43,'ALICIA CONCEPCION','ECHEGARAY','ROMERO',1,'23922674',1,6,NULL,'0',NULL,NULL,NULL,NULL,'987831636','aechegarry@inpe.gob.pe',NULL,NULL,NULL,NULL,NULL,NULL,NULL,NULL,NULL,NULL,NULL,NULL,NULL,NULL,NULL,NULL,NULL,NULL,NULL,NULL,NULL,NULL,NULL,NULL,NULL,NULL,1,'2023-11-06 15:14:51','2023-11-06 15:14:51'),(44,'DORIS','SANCHEZ','VILLACORTA',1,'23932175',1,6,NULL,'0',NULL,NULL,NULL,NULL,NULL,NULL,NULL,NULL,NULL,NULL,NULL,NULL,NULL,NULL,NULL,NULL,NULL,NULL,NULL,NULL,NULL,NULL,NULL,NULL,NULL,NULL,NULL,NULL,NULL,NULL,NULL,NULL,1,'2023-11-06 15:15:15','2023-11-06 15:15:15'),(45,'KAREN STEFANIE','GUZMAN','PALLANI',1,'979720015',1,10,NULL,'0',NULL,NULL,NULL,NULL,'979720015','kguzman@onp.gob.pe',NULL,NULL,NULL,NULL,NULL,NULL,NULL,NULL,NULL,NULL,NULL,NULL,NULL,NULL,NULL,NULL,NULL,NULL,NULL,NULL,NULL,NULL,NULL,NULL,NULL,NULL,1,'2023-11-06 15:16:07','2023-11-06 15:16:07'),(46,'ROXANA','IMA','HUANCA',1,'25000306',1,10,NULL,'0',NULL,NULL,NULL,NULL,'987793840','rima@onp.gob.pe',NULL,NULL,NULL,NULL,NULL,NULL,NULL,NULL,NULL,NULL,NULL,NULL,NULL,NULL,NULL,NULL,NULL,NULL,NULL,NULL,NULL,NULL,NULL,NULL,NULL,NULL,1,'2023-11-06 15:16:31','2023-11-06 15:16:31'),(48,'HELBERT','VENERO','BEJAR',1,'23856998',1,12,NULL,'1',NULL,NULL,NULL,NULL,'984687798','hvenero@reniec.gob.pe',NULL,NULL,NULL,NULL,NULL,NULL,NULL,NULL,NULL,NULL,NULL,NULL,NULL,NULL,NULL,NULL,NULL,NULL,NULL,NULL,NULL,NULL,NULL,NULL,NULL,NULL,1,'2023-11-06 15:17:36','2023-11-06 15:17:36'),(49,'KARINA LUCERO','QUISPE','MAMANI',1,'48203433',1,20,NULL,'0',NULL,NULL,NULL,NULL,NULL,NULL,NULL,NULL,NULL,NULL,NULL,NULL,NULL,NULL,NULL,NULL,NULL,NULL,NULL,NULL,NULL,NULL,NULL,NULL,NULL,NULL,NULL,NULL,NULL,NULL,NULL,NULL,1,'2023-11-06 15:18:11','2023-11-06 15:18:11'),(50,'CRUZBEL','CRUZ','JARAMILLO',1,'45520464',1,14,NULL,'1',NULL,NULL,NULL,NULL,NULL,NULL,NULL,NULL,NULL,NULL,NULL,NULL,NULL,NULL,NULL,NULL,NULL,NULL,NULL,NULL,NULL,NULL,NULL,NULL,NULL,NULL,NULL,NULL,NULL,NULL,NULL,NULL,1,'2023-11-06 15:18:59','2023-11-06 15:18:59'),(51,'CARLOS ALBERTO','ORTIZ','YANA',1,'43595171',1,15,NULL,'1',NULL,NULL,NULL,NULL,'984458712','cortiz_cusco@sunarp.gob.pe',NULL,NULL,NULL,NULL,NULL,NULL,NULL,NULL,NULL,NULL,NULL,NULL,NULL,NULL,NULL,NULL,NULL,NULL,NULL,NULL,NULL,NULL,NULL,NULL,NULL,NULL,1,'2023-11-06 15:24:39','2023-11-06 15:24:39'),(52,'WILSON ADRIAN','DORADO','NUÑEZ',1,'42380889',1,15,NULL,'1',NULL,NULL,NULL,NULL,'956336206','awdorado_cusco@sunarp.gob.pe',NULL,NULL,NULL,NULL,NULL,NULL,NULL,NULL,NULL,NULL,NULL,NULL,NULL,NULL,NULL,NULL,NULL,NULL,NULL,NULL,NULL,NULL,NULL,NULL,NULL,NULL,1,'2023-11-06 15:25:14','2023-11-06 15:25:14'),(53,'LIZ ERICA','OSCCO','SANCHEZ',1,'24003844',1,11,NULL,'0',NULL,NULL,NULL,NULL,'974286714','losccos@pj.gob.pe',NULL,NULL,NULL,NULL,NULL,NULL,NULL,NULL,NULL,NULL,NULL,NULL,NULL,NULL,NULL,NULL,NULL,NULL,NULL,NULL,NULL,NULL,NULL,NULL,NULL,NULL,1,'2023-11-06 17:01:17','2023-11-06 17:01:17'),(54,'LINDA MARLENNE','LAGUNA','VARGAS',1,'23856421',1,24,'Urb. los alamos C-12 Dpto. 503','0','1968-01-16',80108,150113,'00','940192033','linda1229laguna@gmail.com','B+',NULL,'JOSE ANTONIO PAULLO SOTELO','00','974783025','2','2','2023-11-06','modulo 09','7 DÍAS','2','23856421','2003-02-06','PLATAFORMA','5 AÑOS','RECAUDACION','WILLIAM SALAS','ASISTENTE ADMINISTRATIVO','+51940192033',3,NULL,4,NULL,'CONTADOR PUBLICO COLEGIADO','1991-06-02','1997-06-02',1,'2023-11-13 15:41:17','2023-11-13 22:22:53'),(55,'JORGE','PFUÑO','BARRIOS',1,'43927410',1,17,NULL,'1',NULL,NULL,NULL,NULL,NULL,'jpfuno@pcm.gob.pe',NULL,NULL,NULL,NULL,NULL,NULL,NULL,NULL,NULL,NULL,NULL,NULL,NULL,NULL,NULL,NULL,NULL,NULL,NULL,NULL,NULL,NULL,NULL,NULL,NULL,NULL,1,'2023-11-23 16:27:53','2023-11-23 16:27:53');

UNLOCK TABLES;

/*Table structure for table `migrations` */

DROP TABLE IF EXISTS `migrations`;

CREATE TABLE `migrations` (
  `id` int unsigned NOT NULL AUTO_INCREMENT,
  `migration` varchar(255) CHARACTER SET utf8mb4 COLLATE utf8mb4_unicode_ci NOT NULL,
  `batch` int NOT NULL,
  PRIMARY KEY (`id`)
) ENGINE=InnoDB AUTO_INCREMENT=17 DEFAULT CHARSET=utf8mb4 COLLATE=utf8mb4_unicode_ci;

/*Data for the table `migrations` */

LOCK TABLES `migrations` WRITE;

insert  into `migrations`(`id`,`migration`,`batch`) values (13,'2014_10_12_000000_create_users_table',1),(14,'2014_10_12_100000_create_password_resets_table',1),(15,'2019_08_19_000000_create_failed_jobs_table',1),(16,'2019_12_14_000001_create_personal_access_tokens_table',1);

UNLOCK TABLES;

/*Table structure for table `model_has_permissions` */

DROP TABLE IF EXISTS `model_has_permissions`;

CREATE TABLE `model_has_permissions` (
  `permission_id` bigint unsigned NOT NULL,
  `model_type` varchar(255) CHARACTER SET utf8mb4 COLLATE utf8mb4_unicode_ci NOT NULL,
  `model_id` bigint unsigned NOT NULL,
  PRIMARY KEY (`permission_id`,`model_id`,`model_type`),
  KEY `model_has_permissions_model_id_model_type_index` (`model_id`,`model_type`),
  CONSTRAINT `model_has_permissions_permission_id_foreign` FOREIGN KEY (`permission_id`) REFERENCES `permissions` (`id`) ON DELETE CASCADE
) ENGINE=InnoDB DEFAULT CHARSET=utf8mb4 COLLATE=utf8mb4_unicode_ci;

/*Data for the table `model_has_permissions` */

LOCK TABLES `model_has_permissions` WRITE;

UNLOCK TABLES;

/*Table structure for table `model_has_roles` */

DROP TABLE IF EXISTS `model_has_roles`;

CREATE TABLE `model_has_roles` (
  `role_id` bigint unsigned NOT NULL,
  `model_type` varchar(255) CHARACTER SET utf8mb4 COLLATE utf8mb4_unicode_ci NOT NULL,
  `model_id` bigint unsigned NOT NULL,
  PRIMARY KEY (`role_id`,`model_id`,`model_type`),
  KEY `model_has_roles_model_id_model_type_index` (`model_id`,`model_type`),
  CONSTRAINT `model_has_roles_role_id_foreign` FOREIGN KEY (`role_id`) REFERENCES `roles` (`id`) ON DELETE CASCADE
) ENGINE=InnoDB DEFAULT CHARSET=utf8mb4 COLLATE=utf8mb4_unicode_ci;

/*Data for the table `model_has_roles` */

LOCK TABLES `model_has_roles` WRITE;

insert  into `model_has_roles`(`role_id`,`model_type`,`model_id`) values (1,'App\\Models\\User',1),(2,'App\\Models\\User',1),(2,'App\\Models\\User',21);

UNLOCK TABLES;

/*Table structure for table `modelhasrolestemp` */

DROP TABLE IF EXISTS `modelhasrolestemp`;

CREATE TABLE `modelhasrolestemp` (
  `model_id` int DEFAULT NULL,
  `estado` int DEFAULT NULL,
  `role_id` int DEFAULT NULL,
  `model_type` varchar(255) DEFAULT NULL
) ENGINE=InnoDB DEFAULT CHARSET=utf8mb4 COLLATE=utf8mb4_0900_ai_ci;

/*Data for the table `modelhasrolestemp` */

LOCK TABLES `modelhasrolestemp` WRITE;

insert  into `modelhasrolestemp`(`model_id`,`estado`,`role_id`,`model_type`) values (1,0,1,'App\\Models\\User');

UNLOCK TABLES;

/*Table structure for table `password_resets` */

DROP TABLE IF EXISTS `password_resets`;

CREATE TABLE `password_resets` (
  `email` varchar(255) CHARACTER SET utf8mb4 COLLATE utf8mb4_unicode_ci NOT NULL,
  `token` varchar(255) CHARACTER SET utf8mb4 COLLATE utf8mb4_unicode_ci NOT NULL,
  `created_at` timestamp NULL DEFAULT NULL,
  KEY `password_resets_email_index` (`email`)
) ENGINE=InnoDB DEFAULT CHARSET=utf8mb4 COLLATE=utf8mb4_unicode_ci;

/*Data for the table `password_resets` */

LOCK TABLES `password_resets` WRITE;

UNLOCK TABLES;

/*Table structure for table `permissions` */

DROP TABLE IF EXISTS `permissions`;

CREATE TABLE `permissions` (
  `id` bigint unsigned NOT NULL AUTO_INCREMENT,
  `name` varchar(255) CHARACTER SET utf8mb4 COLLATE utf8mb4_unicode_ci NOT NULL,
  `guard_name` varchar(255) CHARACTER SET utf8mb4 COLLATE utf8mb4_unicode_ci NOT NULL,
  `created_at` timestamp NULL DEFAULT NULL,
  `updated_at` timestamp NULL DEFAULT NULL,
  PRIMARY KEY (`id`),
  UNIQUE KEY `permissions_name_guard_name_unique` (`name`,`guard_name`)
) ENGINE=InnoDB DEFAULT CHARSET=utf8mb4 COLLATE=utf8mb4_unicode_ci;

/*Data for the table `permissions` */

LOCK TABLES `permissions` WRITE;

UNLOCK TABLES;

/*Table structure for table `personal_access_tokens` */

DROP TABLE IF EXISTS `personal_access_tokens`;

CREATE TABLE `personal_access_tokens` (
  `id` bigint unsigned NOT NULL AUTO_INCREMENT,
  `tokenable_type` varchar(255) CHARACTER SET utf8mb4 COLLATE utf8mb4_unicode_ci NOT NULL,
  `tokenable_id` bigint unsigned NOT NULL,
  `name` varchar(255) CHARACTER SET utf8mb4 COLLATE utf8mb4_unicode_ci NOT NULL,
  `token` varchar(64) CHARACTER SET utf8mb4 COLLATE utf8mb4_unicode_ci NOT NULL,
  `abilities` text CHARACTER SET utf8mb4 COLLATE utf8mb4_unicode_ci,
  `last_used_at` timestamp NULL DEFAULT NULL,
  `created_at` timestamp NULL DEFAULT NULL,
  `updated_at` timestamp NULL DEFAULT NULL,
  PRIMARY KEY (`id`),
  UNIQUE KEY `personal_access_tokens_token_unique` (`token`),
  KEY `personal_access_tokens_tokenable_type_tokenable_id_index` (`tokenable_type`,`tokenable_id`)
) ENGINE=InnoDB DEFAULT CHARSET=utf8mb4 COLLATE=utf8mb4_unicode_ci;

/*Data for the table `personal_access_tokens` */

LOCK TABLES `personal_access_tokens` WRITE;

UNLOCK TABLES;

/*Table structure for table `provincia` */

DROP TABLE IF EXISTS `provincia`;

CREATE TABLE `provincia` (
  `IDPROVINCIA` int NOT NULL AUTO_INCREMENT,
  `NAME_PROVINCIA` varchar(250) DEFAULT NULL,
  `DEPARTAMENTO_ID` int DEFAULT NULL,
  PRIMARY KEY (`IDPROVINCIA`),
  UNIQUE KEY `unq_provincia_name_provincia` (`NAME_PROVINCIA`),
  KEY `fk_provincia_departamento` (`DEPARTAMENTO_ID`),
  CONSTRAINT `fk_provincia_departamento` FOREIGN KEY (`DEPARTAMENTO_ID`) REFERENCES `departamento` (`IDDEPARTAMENTO`)
) ENGINE=InnoDB AUTO_INCREMENT=2505 DEFAULT CHARSET=utf8mb4 COLLATE=utf8mb4_0900_ai_ci;

/*Data for the table `provincia` */

LOCK TABLES `provincia` WRITE;

insert  into `provincia`(`IDPROVINCIA`,`NAME_PROVINCIA`,`DEPARTAMENTO_ID`) values (101,'Chachapoyas',1),(102,'Bagua',1),(103,'Bongará',1),(104,'Condorcanqui',1),(105,'Luya',1),(106,'Rodríguez de Mendoza',1),(107,'Utcubamba',1),(201,'Huaraz',2),(202,'Aija',2),(203,'Antonio Raymondi',2),(204,'Asunción',2),(205,'Bolognesi',2),(206,'Carhuaz',2),(207,'Carlos Fermín Fitzcarrald',2),(208,'Casma',2),(209,'Corongo',2),(210,'Huari',2),(211,'Huarmey',2),(212,'Huaylas',2),(213,'Mariscal Luzuriaga',2),(214,'Ocros',2),(215,'Pallasca',2),(216,'Pomabamba',2),(217,'Recuay',2),(218,'Santa',2),(219,'Sihuas',2),(220,'Yungay',2),(301,'Abancay',3),(302,'Andahuaylas',3),(303,'Antabamba',3),(304,'Aymaraes',3),(305,'Cotabambas',3),(306,'Chincheros',3),(307,'Grau',3),(401,'Arequipa',4),(402,'Camaná',4),(403,'Caravelí',4),(404,'Castilla',4),(405,'Caylloma',4),(406,'Condesuyos',4),(407,'Islay',4),(408,'La Uniòn',4),(501,'Huamanga',5),(502,'Cangallo',5),(503,'Huanca Sancos',5),(504,'Huanta',5),(505,'La Mar',5),(506,'Lucanas',5),(507,'Parinacochas',5),(508,'Pàucar del Sara Sara',5),(509,'Sucre',5),(510,'Víctor Fajardo',5),(511,'Vilcas Huamán',5),(601,'Cajamarca',6),(602,'Cajabamba',6),(603,'Celendín',6),(604,'Chota',6),(605,'Contumazá',6),(606,'Cutervo',6),(607,'Hualgayoc',6),(608,'Jaén',6),(609,'San Ignacio',6),(610,'San Marcos',6),(611,'San Miguel',6),(612,'San Pablo',6),(613,'Santa Cruz',6),(701,'Prov. Const. del Callao',7),(801,'Cusco',8),(802,'Acomayo',8),(803,'Anta',8),(804,'Calca',8),(805,'Canas',8),(806,'Canchis',8),(807,'Chumbivilcas',8),(808,'Espinar',8),(809,'La Convención',8),(810,'Paruro',8),(811,'Paucartambo',8),(812,'Quispicanchi',8),(813,'Urubamba',8),(901,'Huancavelica',9),(902,'Acobamba',9),(903,'Angaraes',9),(904,'Castrovirreyna',9),(905,'Churcampa',9),(906,'Huaytará',9),(907,'Tayacaja',9),(1001,'Huánuco',10),(1002,'Ambo',10),(1003,'Dos de Mayo',10),(1004,'Huacaybamba',10),(1005,'Huamalíes',10),(1006,'Leoncio Prado',10),(1007,'Marañón',10),(1008,'Pachitea',10),(1009,'Puerto Inca',10),(1010,'Lauricocha ',10),(1011,'Yarowilca ',10),(1101,'Ica ',11),(1102,'Chincha ',11),(1103,'Nasca ',11),(1104,'Palpa ',11),(1105,'Pisco ',11),(1201,'Huancayo ',12),(1202,'Concepción ',12),(1203,'Chanchamayo ',12),(1204,'Jauja ',12),(1205,'Junín ',12),(1206,'Satipo ',12),(1207,'Tarma ',12),(1208,'Yauli ',12),(1209,'Chupaca ',12),(1301,'Trujillo ',13),(1302,'Ascope ',13),(1303,'Bolívar ',13),(1304,'Chepén ',13),(1305,'Julcán ',13),(1306,'Otuzco ',13),(1307,'Pacasmayo ',13),(1308,'Pataz ',13),(1309,'Sánchez Carrión ',13),(1310,'Santiago de Chuco ',13),(1311,'Gran Chimú ',13),(1312,'Virú ',13),(1401,'Chiclayo ',14),(1402,'Ferreñafe ',14),(1403,'Lambayeque ',14),(1501,'Lima ',15),(1502,'Barranca ',15),(1503,'Cajatambo ',15),(1504,'Canta ',15),(1505,'Cañete ',15),(1506,'Huaral ',15),(1507,'Huarochirí ',15),(1508,'Huaura ',15),(1509,'Oyón ',15),(1510,'Yauyos ',15),(1601,'Maynas ',16),(1602,'Alto Amazonas ',16),(1603,'Loreto ',16),(1604,'Mariscal Ramón Castilla ',16),(1605,'Requena ',16),(1606,'Ucayali ',16),(1607,'Datem del Marañón ',16),(1608,'Putumayo',16),(1701,'Tambopata ',17),(1702,'Manu ',17),(1703,'Tahuamanu ',17),(1801,'Mariscal Nieto ',18),(1802,'General Sánchez Cerro ',18),(1803,'Ilo ',18),(1901,'Pasco ',19),(1902,'Daniel Alcides Carrión ',19),(1903,'Oxapampa ',19),(2001,'Piura ',20),(2002,'Ayabaca ',20),(2003,'Huancabamba ',20),(2004,'Morropón ',20),(2005,'Paita ',20),(2006,'Sullana ',20),(2007,'Talara ',20),(2008,'Sechura ',20),(2101,'Puno ',21),(2102,'Azángaro ',21),(2103,'Carabaya ',21),(2104,'Chucuito ',21),(2105,'El Collao ',21),(2106,'Huancané ',21),(2107,'Lampa ',21),(2108,'Melgar ',21),(2109,'Moho ',21),(2110,'San Antonio de Putina ',21),(2111,'San Román ',21),(2112,'Sandia ',21),(2113,'Yunguyo ',21),(2201,'Moyobamba ',22),(2202,'Bellavista ',22),(2203,'El Dorado ',22),(2204,'Huallaga ',22),(2205,'Lamas ',22),(2206,'Mariscal Cáceres ',22),(2207,'Picota ',22),(2208,'Rioja ',22),(2209,'San Martín ',22),(2210,'Tocache ',22),(2301,'Tacna ',23),(2302,'Candarave ',23),(2303,'Jorge Basadre ',23),(2304,'Tarata ',23),(2401,'Tumbes ',24),(2402,'Contralmirante Villar ',24),(2403,'Zarumilla ',24),(2501,'Coronel Portillo ',25),(2502,'Atalaya ',25),(2503,'Padre Abad ',25),(2504,'Purús',25);

UNLOCK TABLES;

/*Table structure for table `role_has_permissions` */

DROP TABLE IF EXISTS `role_has_permissions`;

CREATE TABLE `role_has_permissions` (
  `permission_id` bigint unsigned NOT NULL,
  `role_id` bigint unsigned NOT NULL,
  PRIMARY KEY (`permission_id`,`role_id`),
  KEY `role_has_permissions_role_id_foreign` (`role_id`),
  CONSTRAINT `role_has_permissions_permission_id_foreign` FOREIGN KEY (`permission_id`) REFERENCES `permissions` (`id`) ON DELETE CASCADE,
  CONSTRAINT `role_has_permissions_role_id_foreign` FOREIGN KEY (`role_id`) REFERENCES `roles` (`id`) ON DELETE CASCADE
) ENGINE=InnoDB DEFAULT CHARSET=utf8mb4 COLLATE=utf8mb4_unicode_ci;

/*Data for the table `role_has_permissions` */

LOCK TABLES `role_has_permissions` WRITE;

UNLOCK TABLES;

/*Table structure for table `roles` */

DROP TABLE IF EXISTS `roles`;

CREATE TABLE `roles` (
  `id` bigint unsigned NOT NULL AUTO_INCREMENT,
  `name` varchar(255) CHARACTER SET utf8mb4 COLLATE utf8mb4_unicode_ci NOT NULL,
  `guard_name` varchar(255) CHARACTER SET utf8mb4 COLLATE utf8mb4_unicode_ci NOT NULL,
  `created_at` timestamp NULL DEFAULT NULL,
  `updated_at` timestamp NULL DEFAULT NULL,
  PRIMARY KEY (`id`),
  UNIQUE KEY `roles_name_guard_name_unique` (`name`,`guard_name`)
) ENGINE=InnoDB AUTO_INCREMENT=7 DEFAULT CHARSET=utf8mb4 COLLATE=utf8mb4_unicode_ci;

/*Data for the table `roles` */

LOCK TABLES `roles` WRITE;

insert  into `roles`(`id`,`name`,`guard_name`,`created_at`,`updated_at`) values (1,'Administrador','web','2023-08-29 15:58:40','2023-08-29 15:58:40'),(2,'Especialista_TIC','web','2023-08-29 15:58:49','2023-08-29 15:58:49'),(3,'Orientador','web','2023-08-29 15:58:56','2023-08-29 15:58:56'),(4,'Asesor','web','2023-08-29 15:59:01','2023-08-29 15:59:01'),(5,'Supervisor','web','2023-08-29 15:59:06','2023-08-29 15:59:06'),(6,'Coordinador','web','2023-08-29 15:59:16','2023-08-29 15:59:16');

UNLOCK TABLES;

/*Table structure for table `users` */

DROP TABLE IF EXISTS `users`;

CREATE TABLE `users` (
  `id` bigint unsigned NOT NULL AUTO_INCREMENT,
  `name` varchar(255) CHARACTER SET utf8mb4 COLLATE utf8mb4_unicode_ci NOT NULL,
  `email` varchar(255) CHARACTER SET utf8mb4 COLLATE utf8mb4_unicode_ci NOT NULL,
  `email_verified_at` timestamp NULL DEFAULT NULL,
  `idpersonal` int DEFAULT NULL,
  `idcentro_mac` int DEFAULT NULL,
  `flag` tinyint DEFAULT '1',
  `password` varchar(255) CHARACTER SET utf8mb4 COLLATE utf8mb4_unicode_ci NOT NULL,
  `remember_token` varchar(100) CHARACTER SET utf8mb4 COLLATE utf8mb4_unicode_ci DEFAULT NULL,
  `created_at` timestamp NULL DEFAULT NULL,
  `updated_at` timestamp NULL DEFAULT NULL,
  PRIMARY KEY (`id`),
  UNIQUE KEY `users_email_unique` (`email`)
) ENGINE=InnoDB AUTO_INCREMENT=22 DEFAULT CHARSET=utf8mb4 COLLATE=utf8mb4_unicode_ci;

/*Data for the table `users` */

LOCK TABLES `users` WRITE;

insert  into `users`(`id`,`name`,`email`,`email_verified_at`,`idpersonal`,`idcentro_mac`,`flag`,`password`,`remember_token`,`created_at`,`updated_at`) values (1,'KEVIN MUCHCCO ROJAS','47286140',NULL,20,1,1,'$2y$10$s5PFyEmEdXeDQTo.LYOFxu5PVGYI0dxqRl5pYW.wvaPF0TxN52Ifi','N7EqfigbfbLpmIWBgXPLGf0zSvqngFJmTPv0Jj8D2lIkTVnQLoly3kyrtN3n',NULL,NULL),(21,'JORGE PFUÑO BARRIOS','43927410',NULL,55,1,1,'$2y$10$vgneiXHrGH.1nEf1t//YFealfPsju0FurBYKT.fiaf1f7tOq5e5MK',NULL,'2023-11-28 19:25:12','2023-11-28 19:25:12');

UNLOCK TABLES;

/* Trigger structure for table `f_eval_motivacional` */

DELIMITER $$

/*!50003 DROP TRIGGER*//*!50032 IF EXISTS */ /*!50003 `SUM_F_EVAL_MOTIVACIONAL` */$$

/*!50003 CREATE */ /*!50017 DEFINER = 'root'@'localhost' */ /*!50003 TRIGGER `SUM_F_EVAL_MOTIVACIONAL` BEFORE UPDATE ON `f_eval_motivacional` FOR EACH ROW BEGIN
    SET NEW.TOTAL_P = NEW.PROACTIVIDAD + NEW.CALIDAD_SERVICIO + NEW.COMPROMISO + NEW.VESTIMENTA;
END */$$


DELIMITER ;

/* Procedure structure for procedure `SP_F_EVALUACIONMOT` */

/*!50003 DROP PROCEDURE IF EXISTS  `SP_F_EVALUACIONMOT` */;

DELIMITER $$

/*!50003 CREATE DEFINER=`root`@`localhost` PROCEDURE `SP_F_EVALUACIONMOT`(IN P_MES INT, IN P_ID_CENTRO_MAC INT, IN P_ANIO INT, IN IDPERSONALREG INT)
BEGIN
    SELECT
	MP.IDPERSONAL,
	ME.IDENTIDAD,
        FEM.IDEEVAL_MOTIVACIONAL,
        MP.NUM_DOC,
        CONCAT(MP.APE_PAT, ' ', MP.APE_MAT, ' ', MP.NOMBRE) AS NOMBREU,
        IFNULL(CTA.CTTT, 0) AS CTTT,
        CTA.FECHA,
        ME.ABREV_ENTIDAD,
        FEM.PROACTIVIDAD, FEM.CALIDAD_SERVICIO, FEM.COMPROMISO, FEM.VESTIMENTA, FEM.TOTAL_P, FEM.IDPERSONA_REGISTRA
    FROM
        M_PERSONAL MP
    LEFT JOIN 
	(SELECT IDEEVAL_MOTIVACIONAL, IDPERSONAL, PROACTIVIDAD, CALIDAD_SERVICIO, COMPROMISO, VESTIMENTA, TOTAL_P, IDPERSONA_REGISTRA
	FROM F_EVAL_MOTIVACIONAL
	WHERE MES = P_MES
	AND AÑO = P_ANIO
	AND IDPERSONA_REGISTRA = IDPERSONALREG
	) FEM ON FEM.IDPERSONAL = MP.IDPERSONAL
    JOIN
        M_ENTIDAD ME ON ME.IDENTIDAD = MP.IDENTIDAD
    JOIN
        M_CENTRO_MAC MCM ON MCM.IDCENTRO_MAC = MP.IDMAC
    LEFT JOIN
        (SELECT
            NUM_DOC,
            FECHA,
            IFNULL(COUNT(*), 0) AS CTTT
        FROM
            M_ASISTENCIA
        GROUP BY
            NUM_DOC, FECHA
        ) CTA ON CTA.NUM_DOC = MP.NUM_DOC
    WHERE
        CTA.CTTT > 0
        AND MONTH(CTA.FECHA) = P_MES
        AND YEAR(CTA.FECHA) = P_ANIO
        AND MCM.IDCENTRO_MAC = P_ID_CENTRO_MAC
        AND NOT ME.IDENTIDAD = 17        
    GROUP BY
        MP.NUM_DOC;
END */$$
DELIMITER ;

/*!40101 SET SQL_MODE=@OLD_SQL_MODE */;
/*!40014 SET FOREIGN_KEY_CHECKS=@OLD_FOREIGN_KEY_CHECKS */;
/*!40014 SET UNIQUE_CHECKS=@OLD_UNIQUE_CHECKS */;
/*!40111 SET SQL_NOTES=@OLD_SQL_NOTES */;
